OS And    2446768.75      0.75  8.00 0.15    1
OS And    2446769.75      1.75  7.50 0.15    1
OS And    2446772.25      4.25  6.55 0.11    2
OS And    2446773.25      5.25  6.55 0.05    8
OS And    2446774.25      6.25  6.72 0.06   13
OS And    2446774.75      6.75  6.87 0.17    3
OS And    2446775.25      7.25  6.96 0.06   11
OS And    2446775.75      7.75  7.30 0.11    2
OS And    2446776.25      8.25  7.46 0.07    5
OS And    2446776.75      8.75  7.43 0.09    3
OS And    2446777.25      9.25  7.65 0.11    2
OS And    2446777.75      9.75  7.65 0.07    6
OS And    2446778.25     10.25  7.68 0.09    5
OS And    2446778.75     10.75  7.85 0.10    8
OS And    2446779.25     11.25  7.95 0.09   13
OS And    2446779.75     11.75  7.94 0.17    5
OS And    2446780.50     12.5   8.00 0.07    8
OS And    2446781.50     13.5   8.06 0.06   14
OS And    2446782.50     14.5   8.23 0.08    8
OS And    2446783.50     15.5   8.42 0.12    6
OS And    2446784.50     16.5   8.42 0.07   14
OS And    2446785.50     17.5   8.62 0.09   15
OS And    2446786.50     18.5   8.68 0.10   15
OS And    2446787.50     19.5   8.75 0.13   17
OS And    2446788.50     20.5   8.72 0.10    9
OS And    2446789.50     21.5   8.94 0.15    8
OS And    2446790.50     22.5   8.82 0.19    6
OS And    2446791.50     23.5   9.18 0.09    5
OS And    2446792.50     24.5   9.34 0.07   13
OS And    2446793.50     25.5   9.66 0.12   11
OS And    2446794.50     26.5   9.23 0.06    7
OS And    2446795.50     27.5   9.44 0.17    5
OS And    2446796.50     28.5   9.62 0.09   13
OS And    2446797.50     29.5  10.10 0.21    2
OS And    2446798.50     30.5  10.10 0.23    5
OS And    2446799.50     31.5  10.24 0.13   14
OS And    2446800.50     32.5  10.58 0.14    9
OS And    2446801.50     33.5  11.09 0.07    9
OS And    2446802.50     34.5  11.23 0.18    7
OS And    2446803.50     35.5  11.48 0.12    4
OS And    2446804.50     36.5  11.60 0.10    7
OS And    2446805.50     37.5  11.55 0.18    4
OS And    2446806.50     38.5  11.70 0.21    2
OS And    2446807.50     39.5  11.77 0.06    6
OS And    2446808.50     40.5  11.75 0.18    2
OS And    2446809.50     41.5  11.76 0.11    5
OS And    2446811.00     43.   11.96 0.11    5
OS And    2446813.00     45.   11.77 0.06   17
OS And    2446815.00     47.   11.83 0.09    8
OS And    2446817.00     49.   11.76 0.06   13
OS And    2446819.00     51.   11.81 0.09    8
OS And    2446821.00     53.   11.71 0.09   15
OS And    2446823.00     55.   11.75 0.07   15
OS And    2446825.00     57.   11.68 0.06   20
OS And    2446827.00     59.   11.64 0.05   27
OS And    2446829.00     61.   11.69 0.09   11
OS And    2446831.00     63.   11.55 0.13    4
OS And    2446833.00     65.   11.66 0.10    8
OS And    2446835.00     67.   11.52 0.10   10
OS And    2446837.00     69.   11.51 0.13    7
OS And    2446839.00     71.   11.80 0.11    2
OS And    2446841.00     73.   11.62 0.08    6
OS And    2446843.00     75.   11.73 0.09    7
OS And    2446845.00     77.   11.72 0.06    9
OS And    2446847.00     79.   11.69 0.08   10
OS And    2446849.00     81.   11.74 0.06   12
OS And    2446852.00     84.   11.80 0.04   29
OS And    2446856.00     88.   11.73 0.09    9
OS And    2446860.00     92.   11.76 0.07   13
OS And    2446864.00     96.   11.80 0.09    8
OS And    2446868.00    100.   12.00 0.10    8
OS And    2446872.00    104.   12.27 0.10    3
OS And    2446876.00    108.   12.17 0.09    3
OS And    2446880.00    112.   11.90 0.15    1
OS And    2446884.00    116.   12.07 0.21    3
OS And    2446888.00    120.   12.03 0.13    4
OS And    2446892.00    124.   11.95 0.13    4
OS And    2446896.00    128.   12.17 0.06    6
OS And    2446904.00    136.   12.22 0.08    6
OS And    2446908.00    140.   12.00 0.28    2
OS And    2446912.00    144.   11.98 0.12    5
OS And    2446916.00    148.   12.28 0.13    5
OS And    2446920.00    152.   12.30 0.11    2
OS And    2446924.00    156.   12.15 0.18    2
OS And    2446928.00    160.   12.20 0.15    1
OS And    2446940.00    172.   12.38 0.08    4
OS And    2446948.00    180.   12.60 0.15    1
OS And    2446952.00    184.   12.20 0.28    2
OS And    2446956.00    188.   12.40 0.15    1
OS And    2446964.00    196.   12.25 0.32    2
OS And    2446972.00    204.   12.43 0.18    3
OS And    2446976.00    208.   12.60 0.15    4
OS And    2446980.00    212.   12.57 0.12    6
OS And    2446984.00    216.   12.58 0.11    4
OS And    2446988.00    220.   12.64 0.08    5
OS And    2446992.00    224.   12.68 0.11    4
OS And    2446996.00    228.   12.77 0.06    6
OS And    2447000.00    232.   12.78 0.07    5
OS And    2447010.00    242.   12.88 0.06   20
OS And    2447026.00    258.   13.01 0.05   34
OS And    2447042.00    274.   13.17 0.04   35
OS And    2447058.00    290.   13.18 0.04   48
OS And    2447074.00    306.   13.25 0.04   31
OS And    2447090.00    322.   13.34 0.06   29
OS And    2447106.00    338.   13.46 0.12   12
OS And    2447122.00    354.   13.73 0.08   25
OS And    2447138.00    370.   13.74 0.10    9
OS And    2447154.00    386.   14.04 0.07   11
OS And    2447170.00    402.   14.23 0.13   11
OS And    2447186.00    418.   13.78 0.30    4
OS And    2447202.00    434.   14.48 0.08    4
OS And    2447322.00    554.   15.00 0.15    1
OS And    2447354.00    586.   15.10 0.09    3
OS And    2447386.00    618.   15.11 0.06   11
OS And    2447418.00    650.   15.14 0.08    8
OS And    2447450.00    682.   15.36 0.06    7
OS And    2447482.00    714.   15.46 0.05    8
OS And    2447514.00    746.   15.45 0.11    2
OS And    2447546.00    778.   15.37 0.09    3
OS And    2447578.00    810.   15.60 0.15    1
OS And    2447754.00    986.   14.93 0.09    9
OS And    2447818.00   1050.   14.95 0.08    6
OS And    2447882.00   1114.   15.13 0.14    6
OS And    2448074.00   1306.   15.90 0.15    1
OS And    2448138.00   1370.   14.84 0.07    5
CI Aql    2451664.75      0.75  9.38 0.07    5
CI Aql    2451665.25      1.25  9.15 0.11    2
CI Aql    2451665.75      1.75  9.19 0.07    8
CI Aql    2451666.25      2.25  9.00 0.28    2
CI Aql    2451666.75      2.75  9.13 0.02   25
CI Aql    2451667.25      3.25  9.33 0.08    4
CI Aql    2451667.75      3.75  9.18 0.02   15
CI Aql    2451668.25      4.25  9.06 0.18    5
CI Aql    2451668.75      4.75  9.32 0.04   14
CI Aql    2451669.25      5.25  9.40 0.08    4
CI Aql    2451669.75      5.75  8.78 0.07   13
CI Aql    2451670.50      6.5   9.08 0.04   14
CI Aql    2451671.50      7.5   9.07 0.04   15
CI Aql    2451672.50      8.5   9.04 0.06    9
CI Aql    2451673.50      9.5   9.47 0.05    9
CI Aql    2451674.50     10.5   9.56 0.05   12
CI Aql    2451675.50     11.5   9.64 0.05   12
CI Aql    2451676.50     12.5   9.96 0.10    9
CI Aql    2451677.50     13.5   9.92 0.06   11
CI Aql    2451678.50     14.5  10.01 0.06   13
CI Aql    2451679.50     15.5  10.25 0.03   31
CI Aql    2451680.50     16.5   9.80 0.02   23
CI Aql    2451681.50     17.5   9.88 0.03   27
CI Aql    2451682.50     18.5   9.83 0.11    4
CI Aql    2451683.50     19.5  10.11 0.08    7
CI Aql    2451684.50     20.5  10.71 0.05   15
CI Aql    2451685.50     21.5  11.06 0.13    5
CI Aql    2451686.50     22.5  10.43 0.18    4
CI Aql    2451687.50     23.5  10.48 0.21    4
CI Aql    2451688.50     24.5  10.11 0.09    8
CI Aql    2451689.50     25.5  10.13 0.12    6
CI Aql    2451690.50     26.5  10.17 0.06   14
CI Aql    2451691.50     27.5  10.44 0.06   20
CI Aql    2451692.50     28.5  10.67 0.08    6
CI Aql    2451693.50     29.5  10.05 0.08    6
CI Aql    2451694.50     30.5  10.55 0.04   17
CI Aql    2451695.50     31.5  10.73 0.08   15
CI Aql    2451696.50     32.5  10.68 0.25    4
CI Aql    2451697.50     33.5  11.13 0.09   12
CI Aql    2451698.50     34.5  11.08 0.10   13
CI Aql    2451699.50     35.5  11.26 0.08   13
CI Aql    2451700.50     36.5  11.62 0.07   13
CI Aql    2451701.50     37.5  11.79 0.10    8
CI Aql    2451702.50     38.5  11.85 0.10    4
CI Aql    2451703.50     39.5  11.88 0.11   10
CI Aql    2451704.50     40.5  11.73 0.07   16
CI Aql    2451705.50     41.5  12.01 0.07   11
CI Aql    2451706.50     42.5  12.14 0.09    9
CI Aql    2451707.50     43.5  12.38 0.07   15
CI Aql    2451708.50     44.5  12.50 0.12    3
CI Aql    2451709.50     45.5  12.50 0.15    1
CI Aql    2451711.00     47.   12.55 0.11    2
CI Aql    2451713.00     49.   12.60 0.07    5
CI Aql    2451715.00     51.   13.01 0.08   14
CI Aql    2451717.00     53.   12.43 0.10    6
CI Aql    2451719.00     55.   12.36 0.05   18
CI Aql    2451721.00     57.   12.43 0.05   16
CI Aql    2451723.00     59.   12.25 0.10   11
CI Aql    2451725.00     61.   12.25 0.08    6
CI Aql    2451727.00     63.   12.42 0.04   13
CI Aql    2451729.00     65.   12.54 0.09    7
CI Aql    2451731.00     67.   12.64 0.09    5
CI Aql    2451733.00     69.   12.59 0.07    9
CI Aql    2451735.00     71.   12.68 0.10   10
CI Aql    2451737.00     73.   12.93 0.05   11
CI Aql    2451739.00     75.   13.10 0.02   12
CI Aql    2451743.00     79.   13.32 0.02   26
CI Aql    2451745.00     81.   13.22 0.04   20
CI Aql    2451747.00     83.   13.41 0.05   11
CI Aql    2451749.00     85.   13.38 0.08    4
CI Aql    2451754.00     90.   13.61 0.06   39
CI Aql    2451762.00     98.   13.49 0.04   42
CI Aql    2451770.00    106.   13.62 0.05   10
CI Aql    2451778.00    114.   13.56 0.03   34
CI Aql    2451786.00    122.   13.63 0.03   28
CI Aql    2451794.00    130.   13.76 0.05   25
CI Aql    2451802.00    138.   13.72 0.07   10
CI Aql    2451810.00    146.   13.78 0.03   21
CI Aql    2451818.00    154.   13.78 0.05   27
CI Aql    2451826.00    162.   13.98 0.09   12
CI Aql    2451834.00    170.   13.92 0.05   34
CI Aql    2451842.00    178.   13.89 0.14   12
CI Aql    2451850.00    186.   14.11 0.15    7
CI Aql    2451858.00    194.   13.90 0.15    1
CI Aql    2451866.00    202.   14.05 0.11    2
CI Aql    2451874.00    210.   14.20 0.15    1
CI Aql    2451882.00    218.   14.30 0.15    1
CI Aql    2451950.00    286.   14.00 0.15    1
CI Aql    2451982.00    318.   14.50 0.15    1
CI Aql    2452014.00    350.   14.84 0.07    5
CI Aql    2452046.00    382.   14.82 0.09   10
CI Aql    2452078.00    414.   15.35 0.11    2
CI Aql    2452110.00    446.   15.02 0.10    6
CI Aql    2452142.00    478.   15.40 0.15    1
CI Aql    2452174.00    510.   14.80 0.15    1
CI Aql    2452510.00    846.   16.00 0.02   10
CI Aql    2452894.00   1230.   16.08 0.07   50
DO Aql    2424414.00      2.    9.01 0.11    2
DO Aql    2424418.00      6.    9.11 0.09    3
DO Aql    2424422.00     10.    8.93 0.06    6
DO Aql    2424426.00     14.    8.96 0.06    6
DO Aql    2424430.00     18.    8.79 0.06    7
DO Aql    2424434.00     22.    8.86 0.05    8
DO Aql    2424438.00     26.    8.83 0.09    3
DO Aql    2424442.00     30.    8.76 0.11    2
DO Aql    2424446.00     34.    8.67 0.07    5
DO Aql    2424450.00     38.    8.67 0.07    5
DO Aql    2424454.00     42.    8.62 0.05    9
DO Aql    2424458.00     46.    8.75 0.07    5
DO Aql    2424462.00     50.    8.68 0.11    2
DO Aql    2424466.00     54.    8.68 0.06    6
DO Aql    2424470.00     58.    8.54 0.12    2
DO Aql    2424474.00     62.    8.59 0.07    6
DO Aql    2424482.00     70.    8.64 0.08    4
DO Aql    2424486.00     74.    8.61 0.15    1
DO Aql    2424490.00     78.    8.64 0.07    7
DO Aql    2424494.00     82.    8.78 0.11    2
DO Aql    2424498.00     86.    8.80 0.15    1
DO Aql    2424502.00     90.    8.56 0.15    1
DO Aql    2424506.00     94.    8.64 0.11    2
DO Aql    2424586.00    174.    9.30 0.15    1
DO Aql    2424594.00    182.    8.94 0.15    1
DO Aql    2424646.00    234.    8.55 0.15    1
DO Aql    2424652.00    240.    8.80 0.15    1
DO Aql    2424660.00    248.    8.67 0.15    1
DO Aql    2424668.00    256.    8.95 0.08    4
DO Aql    2424676.00    264.    9.00 0.06    6
DO Aql    2424684.00    272.    9.28 0.09    3
DO Aql    2424692.00    280.    9.50 0.02   10
DO Aql    2424700.00    288.    9.74 0.06   11
DO Aql    2424708.00    296.    9.94 0.03   29
DO Aql    2424716.00    304.   10.11 0.03   28
DO Aql    2424724.00    312.   10.26 0.05    8
DO Aql    2424732.00    320.   10.64 0.04   31
DO Aql    2424740.00    328.   10.62 0.03   26
DO Aql    2424748.00    336.   10.56 0.06    7
DO Aql    2424756.00    344.   10.65 0.06   18
DO Aql    2424764.00    352.   10.44 0.08    5
DO Aql    2424772.00    360.   10.75 0.08   10
DO Aql    2424780.00    368.   10.70 0.15    1
DO Aql    2424788.00    376.   10.68 0.04   12
DO Aql    2424796.00    384.   10.41 0.07    5
DO Aql    2424804.00    392.   10.59 0.15    1
DO Aql    2424820.00    408.   10.65 0.15    1
DO Aql    2424828.00    416.   10.47 0.06    6
DO Aql    2424852.00    440.   10.67 0.15    1
DO Aql    2424860.00    448.   10.48 0.12    2
DO Aql    2424952.00    540.   10.35 0.15    1
DO Aql    2424984.00    572.   10.68 0.15    1
DO Aql    2425000.00    588.   10.83 0.15    1
DO Aql    2425016.00    604.   10.71 0.15    1
DO Aql    2425032.00    620.   10.60 0.10    4
DO Aql    2425048.00    636.   10.74 0.08    4
DO Aql    2425064.00    652.   10.47 0.15    1
DO Aql    2425080.00    668.   10.45 0.15    1
DO Aql    2425096.00    684.   10.72 0.08    5
DO Aql    2425112.00    700.   10.83 0.06    6
DO Aql    2425128.00    716.   10.67 0.10    5
DO Aql    2425144.00    732.   10.84 0.08    6
DO Aql    2425160.00    748.   10.79 0.09    3
DO Aql    2425176.00    764.   10.88 0.09    3
DO Aql    2425192.00    780.   10.78 0.15    1
DO Aql    2425208.00    796.   11.14 0.11    2
DO Aql    2425224.00    812.   11.03 0.15    1
DO Aql    2425368.00    956.   11.49 0.15    1
DO Aql    2425384.00    972.   11.59 0.11    2
DO Aql    2425400.00    988.   11.66 0.11    2
DO Aql    2425416.00   1004.   11.61 0.11    2
DO Aql    2425464.00   1052.   11.76 0.15    1
DO Aql    2425480.00   1068.   11.81 0.09    3
DO Aql    2425496.00   1084.   11.85 0.07    5
DO Aql    2425512.00   1100.   11.85 0.11    2
DO Aql    2425528.00   1116.   11.86 0.08    4
DO Aql    2425560.00   1148.   11.88 0.11    2
DO Aql    2425576.00   1164.   11.99 0.15    1
DO Aql    2425728.00   1316.   15.23 0.15    1
DO Aql    2455168.00  30756.   18.02 0.11    2
V356 Aql  2428399.50      1.5   8.80 0.15    1
V356 Aql  2428403.50      5.5   7.95 0.15    1
V356 Aql  2428416.50     18.5   8.80 0.15    1
V356 Aql  2428419.50     21.5   8.25 0.15    1
V356 Aql  2428420.50     22.5   7.85 0.15    1
V356 Aql  2428421.50     23.5   7.90 0.15    1
V356 Aql  2428422.50     24.5   7.70 0.15    1
V356 Aql  2428425.50     27.5   7.53 0.11    2
V356 Aql  2428427.50     29.5   8.00 0.15    1
V356 Aql  2428429.50     31.5   8.50 0.15    1
V356 Aql  2428432.50     34.5   8.80 0.15    1
V356 Aql  2428433.50     35.5   8.10 0.09    3
V356 Aql  2428434.50     36.5   8.49 0.13    6
V356 Aql  2428435.50     37.5   8.51 0.06    6
V356 Aql  2428436.50     38.5   8.40 0.17    3
V356 Aql  2428437.50     39.5   8.40 0.09    5
V356 Aql  2428438.50     40.5   8.55 0.11    2
V356 Aql  2428439.50     41.5   7.69 0.06    6
V356 Aql  2428440.50     42.5   7.50 0.09    3
V356 Aql  2428441.50     43.5   7.75 0.11    2
V356 Aql  2428442.50     44.5   7.28 0.13    6
V356 Aql  2428443.50     45.5   7.15 0.07    5
V356 Aql  2428444.50     46.5   6.97 0.10    6
V356 Aql  2428445.50     47.5   7.11 0.09   11
V356 Aql  2428446.50     48.5   7.26 0.13    9
V356 Aql  2428447.50     49.5   7.61 0.13   10
V356 Aql  2428448.50     50.5   8.00 0.22    6
V356 Aql  2428449.50     51.5   8.51 0.18    8
V356 Aql  2428450.50     52.5   8.53 0.12   13
V356 Aql  2428451.50     53.5   8.50 0.17    3
V356 Aql  2428452.50     54.5   8.26 0.11   10
V356 Aql  2428453.50     55.5   8.50 0.09    3
V356 Aql  2428454.50     56.5   8.61 0.16    9
V356 Aql  2428455.50     57.5   8.04 0.15    5
V356 Aql  2428456.50     58.5   7.90 0.10    5
V356 Aql  2428457.50     59.5   8.30 0.10    7
V356 Aql  2428458.50     60.5   8.37 0.09    3
V356 Aql  2428459.50     61.5   8.35 0.08    4
V356 Aql  2428460.50     62.5   8.05 0.06    6
V356 Aql  2428461.50     63.5   8.14 0.08    5
V356 Aql  2428462.50     64.5   8.08 0.13    6
V356 Aql  2428463.50     65.5   8.62 0.07    5
V356 Aql  2428464.50     66.5   8.50 0.11    2
V356 Aql  2428465.50     67.5   8.40 0.14    2
V356 Aql  2428466.50     68.5   8.16 0.13    5
V356 Aql  2428467.50     69.5   7.93 0.14    3
V356 Aql  2428469.50     71.5   7.37 0.27    3
V356 Aql  2428470.50     72.5   7.80 0.11    2
V356 Aql  2428471.50     73.5   7.55 0.15    4
V356 Aql  2428472.50     74.5   7.55 0.11    2
V356 Aql  2428473.50     75.5   7.60 0.10    6
V356 Aql  2428474.50     76.5   7.80 0.14    2
V356 Aql  2428475.50     77.5   7.60 0.09    4
V356 Aql  2428476.50     78.5   7.70 0.14    3
V356 Aql  2428477.50     79.5   8.00 0.12    3
V356 Aql  2428478.50     80.5   7.91 0.10    7
V356 Aql  2428479.50     81.5   8.25 0.18    2
V356 Aql  2428480.50     82.5   8.90 0.15    1
V356 Aql  2428481.50     83.5   8.98 0.08    4
V356 Aql  2428482.50     84.5   8.06 0.13    5
V356 Aql  2428483.50     85.5   8.33 0.15    4
V356 Aql  2428484.50     86.5   7.80 0.11    4
V356 Aql  2428485.50     87.5   8.03 0.06    6
V356 Aql  2428486.50     88.5   8.58 0.20    4
V356 Aql  2428487.50     89.5   8.37 0.10    3
V356 Aql  2428489.50     91.5   8.83 0.09    3
V356 Aql  2428490.50     92.5   8.12 0.17    5
V356 Aql  2428491.50     93.5   7.65 0.18    2
V356 Aql  2428493.50     95.5   7.80 0.14    2
V356 Aql  2428494.50     96.5   8.15 0.11    2
V356 Aql  2428495.50     97.5   8.16 0.13    5
V356 Aql  2428496.50     98.5   8.20 0.15    1
V356 Aql  2428497.50     99.5   7.95 0.08    4
V356 Aql  2428498.50    100.5   7.80 0.14    2
V356 Aql  2428499.50    101.5   7.60 0.15    1
V356 Aql  2428500.50    102.5   8.45 0.11    2
V356 Aql  2428501.50    103.5   8.30 0.15    1
V356 Aql  2428502.50    104.5   8.60 0.13    4
V356 Aql  2428503.50    105.5   8.40 0.11    2
V356 Aql  2428504.50    106.5   8.45 0.11    2
V356 Aql  2428505.50    107.5   8.70 0.15    1
V356 Aql  2428506.50    108.5   8.63 0.15    3
V356 Aql  2428507.50    109.5   8.30 0.15    1
V356 Aql  2428508.50    110.5   8.50 0.11    2
V356 Aql  2428509.50    111.5   8.20 0.15    1
V356 Aql  2428510.50    112.5   9.05 0.11    2
V356 Aql  2428511.50    113.5   8.97 0.09    3
V356 Aql  2428513.50    115.5   8.90 0.15    1
V356 Aql  2428514.50    116.5   9.03 0.15    3
V356 Aql  2428515.50    117.5   8.80 0.15    1
V356 Aql  2428516.50    118.5   8.90 0.09    3
V356 Aql  2428517.50    119.5   8.50 0.25    3
V356 Aql  2428518.50    120.5   8.60 0.15    1
V356 Aql  2428520.50    122.5   9.00 0.11    2
V356 Aql  2428521.50    123.5   8.90 0.21    2
V356 Aql  2428522.50    124.5   9.50 0.15    1
V356 Aql  2428524.50    126.5   8.60 0.15    1
V356 Aql  2428525.50    127.5   9.25 0.11    2
V356 Aql  2428582.00    184.   10.00 0.11    2
V356 Aql  2428598.00    200.   10.30 0.15    1
V356 Aql  2428606.00    208.   10.60 0.15    1
V356 Aql  2428670.00    272.   10.80 0.15    1
V356 Aql  2428694.00    296.   11.00 0.11    2
V356 Aql  2428718.00    320.   11.50 0.15    1
V356 Aql  2428726.00    328.   11.50 0.11    2
V356 Aql  2428742.00    344.   10.80 0.15    1
V356 Aql  2428750.00    352.   11.03 0.19    3
V356 Aql  2428758.00    360.   10.80 0.15    1
V356 Aql  2428774.00    376.   11.40 0.15    1
V356 Aql  2428790.00    392.   11.50 0.15    1
V356 Aql  2428798.00    400.   11.80 0.15    1
V356 Aql  2428806.00    408.   12.20 0.15    1
V356 Aql  2428830.00    432.   12.03 0.31    3
V356 Aql  2428838.00    440.   11.75 0.11    2
V356 Aql  2428846.00    448.   11.65 0.11    2
V356 Aql  2428862.00    464.   12.00 0.15    1
V356 Aql  2428870.00    472.   11.80 0.15    1
V356 Aql  2429018.00    620.   13.00 0.15    1
V356 Aql  2429082.00    684.   13.00 0.15    1
V356 Aql  2429146.00    748.   13.60 0.15    1
V356 Aql  2429866.00   1468.   13.50 0.15    1
V528 Aql  2431693.25      0.25  6.94 0.15    1
V528 Aql  2431696.25      3.25  6.92 0.15    1
V528 Aql  2431697.25      4.25  7.30 0.15    1
V528 Aql  2431698.25      5.25  7.20 0.15    1
V528 Aql  2431699.25      6.25  8.08 0.15    1
V528 Aql  2431699.75      6.75  7.50 0.09    3
V528 Aql  2431700.25      7.25  7.66 0.15    1
V528 Aql  2431700.75      7.75  7.72 0.07    5
V528 Aql  2431701.25      8.25  8.25 0.15    1
V528 Aql  2431701.75      8.75  7.97 0.14    6
V528 Aql  2431702.25      9.25  7.95 0.15    1
V528 Aql  2431702.75      9.75  7.87 0.10    9
V528 Aql  2431703.25     10.25  7.86 0.15    1
V528 Aql  2431703.75     10.75  8.08 0.08    4
V528 Aql  2431704.75     11.75  8.10 0.09    7
V528 Aql  2431706.00     13.    8.36 0.07   15
V528 Aql  2431708.00     15.    8.78 0.10   12
V528 Aql  2431710.00     17.    8.59 0.09    8
V528 Aql  2431712.00     19.    8.72 0.11   11
V528 Aql  2431714.00     21.    9.02 0.12    7
V528 Aql  2431716.00     23.    9.13 0.08    4
V528 Aql  2431718.00     25.    9.17 0.09    6
V528 Aql  2431720.00     27.    9.20 0.10    6
V528 Aql  2431722.00     29.    9.20 0.11    6
V528 Aql  2431724.00     31.    9.49 0.07    7
V528 Aql  2431726.00     33.    9.80 0.15    4
V528 Aql  2431728.00     35.    9.76 0.15    3
V528 Aql  2431730.00     37.    9.50 0.17    3
V528 Aql  2431732.00     39.    9.92 0.13    6
V528 Aql  2431734.00     41.    9.85 0.11    2
V528 Aql  2431736.00     43.   10.80 0.14    2
V528 Aql  2431738.00     45.   10.31 0.12    7
V528 Aql  2431740.00     47.   10.25 0.11    2
V528 Aql  2431742.00     49.   10.65 0.11    2
V528 Aql  2431744.00     51.   10.40 0.15    1
V528 Aql  2431746.00     53.   10.90 0.15    1
V528 Aql  2431750.00     57.   11.20 0.19    3
V528 Aql  2431756.00     63.   11.10 0.15    1
V528 Aql  2431758.00     65.   11.25 0.18    2
V528 Aql  2431760.00     67.   11.38 0.08    4
V528 Aql  2431762.00     69.   11.40 0.15    1
V528 Aql  2431764.00     71.   11.60 0.15    1
V528 Aql  2431767.00     74.   10.95 0.11    2
V528 Aql  2431771.00     78.   11.60 0.15    1
V528 Aql  2431783.00     90.   11.67 0.10    3
V528 Aql  2431787.00     94.   11.93 0.09    3
V528 Aql  2431791.00     98.   11.77 0.09    3
V528 Aql  2431795.00    102.   11.85 0.11    2
V528 Aql  2431803.00    110.   12.00 0.15    1
V528 Aql  2431811.00    118.   12.20 0.15    1
V528 Aql  2431815.00    122.   12.00 0.15    1
V528 Aql  2431889.00    196.   13.00 0.15    1
V528 Aql  2431905.00    212.   13.10 0.15    1
V603 Aql  2421748.75      0.75 11.30 0.15    1
V603 Aql  2421750.75      2.75 10.50 0.15    1
V603 Aql  2421752.75      4.75  6.60 0.21    3
V603 Aql  2421753.25      5.25  1.04 0.04   47
V603 Aql  2421753.75      5.75  0.67 0.05   48
V603 Aql  2421754.25      6.25 -0.03 0.07   52
V603 Aql  2421754.75      6.75 -0.50 0.07   54
V603 Aql  2421755.25      7.25  0.18 0.04   40
V603 Aql  2421755.75      7.75  0.18 0.04   30
V603 Aql  2421756.25      8.25  0.39 0.03   46
V603 Aql  2421756.75      8.75  0.53 0.04   37
V603 Aql  2421757.25      9.25  0.70 0.02   44
V603 Aql  2421757.75      9.75  0.77 0.03   48
V603 Aql  2421758.25     10.25  0.90 0.09    3
V603 Aql  2421758.75     10.75  1.10 0.09    3
V603 Aql  2421759.25     11.25  0.95 0.11    2
V603 Aql  2421759.75     11.75  1.24 0.06    7
V603 Aql  2421760.5      12.5   1.58 0.09   10
V603 Aql  2421761.5      13.5   1.89 0.05    9
V603 Aql  2421762.5      14.5   2.07 0.10    3
V603 Aql  2421763.5      15.5   2.08 0.11    6
V603 Aql  2421764.5      16.5   2.17 0.06    7
V603 Aql  2421765.5      17.5   2.37 0.06    7
V603 Aql  2421766.5      18.5   2.48 0.08    4
V603 Aql  2421767.5      19.5   2.65 0.06    6
V603 Aql  2421768.5      20.5   2.83 0.08    6
V603 Aql  2421769.5      21.5   2.93 0.06    9
V603 Aql  2421770.5      22.5   3.07 0.11    6
V603 Aql  2421771.5      23.5   3.40 0.06    7
V603 Aql  2421772.5      24.5   3.76 0.08    8
V603 Aql  2421773.5      25.5   3.80 0.07    5
V603 Aql  2421774.5      26.5   3.70 0.13    4
V603 Aql  2421775.5      27.5   3.55 0.05    8
V603 Aql  2421776.5      28.5   3.32 0.04   12
V603 Aql  2421777.5      29.5   3.20 0.03   14
V603 Aql  2421778.5      30.5   3.16 0.05    9
V603 Aql  2421779.5      31.5   3.19 0.05    9
V603 Aql  2421780.5      32.5   3.26 0.06    7
V603 Aql  2421781.5      33.5   3.34 0.05    9
V603 Aql  2421782.5      34.5   3.41 0.04   13
V603 Aql  2421783.5      35.5   3.50 0.07    8
V603 Aql  2421784.5      36.5   3.80 0.11    2
V603 Aql  2421785.5      37.5   3.86 0.05    9
V603 Aql  2421786.5      38.5   3.80 0.05    8
V603 Aql  2421787.5      39.5   3.90 0.06   14
V603 Aql  2421788.5      40.5   3.70 0.05    8
V603 Aql  2421789.5      41.5   3.69 0.04   10
V603 Aql  2421790.5      42.5   3.69 0.05    8
V603 Aql  2421791.5      43.5   3.67 0.06    7
V603 Aql  2421792.5      44.5   3.77 0.06    7
V603 Aql  2421793.5      45.5   3.79 0.09    7
V603 Aql  2421794.5      46.5   3.96 0.05    8
V603 Aql  2421795.5      47.5   4.10 0.05    8
V603 Aql  2421796.5      48.5   4.26 0.15    5
V603 Aql  2421797.5      49.5   4.43 0.10    4
V603 Aql  2421798.5      50.5   4.40 0.15    1
V603 Aql  2421799.5      51.5   4.08 0.07    6
V603 Aql  2421800.5      52.5   3.94 0.06    7
V603 Aql  2421801.5      53.5   3.84 0.05    9
V603 Aql  2421802.5      54.5   3.87 0.03   13
V603 Aql  2421803.5      55.5   3.89 0.03   13
V603 Aql  2421804.5      56.5   3.96 0.06    7
V603 Aql  2421805.5      57.5   3.95 0.06   11
V603 Aql  2421806.5      58.5   4.04 0.05   11
V603 Aql  2421807.5      59.5   4.49 0.06   11
V603 Aql  2421808.5      60.5   4.42 0.10    6
V603 Aql  2421809.5      61.5   4.69 0.05   10
V603 Aql  2421810.5      62.5   4.69 0.06    8
V603 Aql  2421811.5      63.5   4.60 0.09    7
V603 Aql  2421812.5      64.5   4.11 0.04   14
V603 Aql  2421813.5      65.5   3.97 0.05    9
V603 Aql  2421814.5      66.5   4.04 0.05    8
V603 Aql  2421815.5      67.5   4.12 0.06    6
V603 Aql  2421816.5      68.5   4.11 0.05    9
V603 Aql  2421817.5      69.5   4.18 0.05    9
V603 Aql  2421818.5      70.5   4.36 0.05    9
V603 Aql  2421819.5      71.5   4.65 0.04   11
V603 Aql  2421820.5      72.5   4.51 0.05    8
V603 Aql  2421821.5      73.5   4.69 0.05   12
V603 Aql  2421822.5      74.5   4.73 0.08    4
V603 Aql  2421823.5      75.5   4.53 0.08    4
V603 Aql  2421824.5      76.5   4.44 0.05    9
V603 Aql  2421825.5      77.5   4.60 0.08    4
V603 Aql  2421826.5      78.5   4.54 0.08    5
V603 Aql  2421827.5      79.5   4.75 0.11    2
V603 Aql  2421828.5      80.5   4.85 0.11    2
V603 Aql  2421829.5      81.5   4.83 0.08    4
V603 Aql  2421830.5      82.5   4.71 0.06    8
V603 Aql  2421831.5      83.5   4.58 0.12    8
V603 Aql  2421832.5      84.5   4.43 0.07    8
V603 Aql  2421833.5      85.5   4.45 0.08   11
V603 Aql  2421834.5      86.5   4.58 0.06    6
V603 Aql  2421835.5      87.5   4.54 0.07    7
V603 Aql  2421836.5      88.5   4.73 0.06    6
V603 Aql  2421837.5      89.5   4.86 0.07    5
V603 Aql  2421838.5      90.5   4.88 0.06    8
V603 Aql  2421839.5      91.5   4.85 0.06    6
V603 Aql  2421840.5      92.5   4.77 0.06    6
V603 Aql  2421841.5      93.5   4.86 0.07    5
V603 Aql  2421842.5      94.5   4.72 0.05   10
V603 Aql  2421843.5      95.5   4.58 0.05    9
V603 Aql  2421844.5      96.5   4.80 0.08    4
V603 Aql  2421845.5      97.5   4.92 0.06    6
V603 Aql  2421846.5      98.5   4.93 0.12    4
V603 Aql  2421847.5      99.5   4.98 0.07    6
V603 Aql  2421848.5     100.5   5.05 0.11    2
V603 Aql  2421849.5     101.5   4.95 0.11    2
V603 Aql  2421852.      104.    4.93 0.04   11
V603 Aql  2421856.      108.    5.03 0.05    8
V603 Aql  2421860.      112.    5.00 0.04   18
V603 Aql  2421864.      116.    5.04 0.04   18
V603 Aql  2421868.      120.    5.08 0.04   18
V603 Aql  2421872.      124.    5.15 0.07   13
V603 Aql  2421876.      128.    5.19 0.05   20
V603 Aql  2421880.      132.    5.20 0.08    9
V603 Aql  2421884.      136.    5.36 0.07    5
V603 Aql  2421888.      140.    5.31 0.05   17
V603 Aql  2421892.      144.    5.35 0.07    8
V603 Aql  2421896.      148.    5.41 0.06   12
V603 Aql  2421900.      152.    5.40 0.06    7
V603 Aql  2421904.      156.    5.42 0.07    9
V603 Aql  2421908.      160.    5.50 0.08    4
V603 Aql  2421912.      164.    5.45 0.08    4
V603 Aql  2421916.      168.    5.70 0.15    1
V603 Aql  2421920.      172.    5.50 0.08    4
V603 Aql  2421924.      176.    5.48 0.06    6
V603 Aql  2421928.      180.    5.48 0.08    5
V603 Aql  2421932.      184.    5.55 0.18    2
V603 Aql  2421936.      188.    5.70 0.15    1
V603 Aql  2421940.      192.    5.80 0.15    1
V603 Aql  2421952.      204.    5.50 0.15    1
V603 Aql  2421996.      248.    5.90 0.09    3
V603 Aql  2422000.      252.    6.25 0.11    2
V603 Aql  2422006.      258.    5.50 0.15    1
V603 Aql  2422014.      266.    6.13 0.10    3
V603 Aql  2422022.      274.    6.10 0.18    4
V603 Aql  2422030.      282.    6.33 0.11    3
V603 Aql  2422038.      290.    6.30 0.11    2
V603 Aql  2422046.      298.    6.36 0.07    5
V603 Aql  2422054.      306.    6.27 0.09    3
V603 Aql  2422062.      314.    6.40 0.15    1
V603 Aql  2422070.      322.    6.45 0.11    2
V603 Aql  2422078.      330.    6.33 0.08    4
V603 Aql  2422086.      338.    6.40 0.09    3
V603 Aql  2422094.      346.    6.30 0.11    2
V603 Aql  2422102.      354.    6.45 0.04   12
V603 Aql  2422110.      362.    6.51 0.03   10
V603 Aql  2422118.      370.    6.51 0.03   10
V603 Aql  2422126.      378.    6.51 0.05    8
V603 Aql  2422134.      386.    6.73 0.12    9
V603 Aql  2422142.      394.    6.43 0.07    9
V603 Aql  2422150.      402.    6.63 0.18    3
V603 Aql  2422158.      410.    6.58 0.09    4
V603 Aql  2422166.      418.    6.64 0.08   12
V603 Aql  2422174.      426.    6.71 0.06    7
V603 Aql  2422182.      434.    6.56 0.12    7
V603 Aql  2422190.      442.    6.77 0.09   14
V603 Aql  2422198.      450.    6.84 0.13   12
V603 Aql  2422210.      462.    7.27 0.05   13
V603 Aql  2422226.      478.    7.39 0.04   16
V603 Aql  2422242.      494.    7.40 0.07    9
V603 Aql  2422258.      510.    7.37 0.08    9
V603 Aql  2422274.      526.    7.60 0.07   13
V603 Aql  2422290.      542.    7.47 0.06    6
V603 Aql  2422306.      558.    7.67 0.09    3
V603 Aql  2422354.      606.    7.93 0.09    3
V603 Aql  2422370.      622.    8.10 0.15    1
V603 Aql  2422386.      638.    8.30 0.11    2
V603 Aql  2422402.      654.    8.23 0.06    6
V603 Aql  2422418.      670.    8.17 0.14    3
V603 Aql  2422434.      686.    8.34 0.06    8
V603 Aql  2422450.      702.    8.43 0.09    3
V603 Aql  2422466.      718.    8.55 0.07    8
V603 Aql  2422482.      734.    8.53 0.04   13
V603 Aql  2422498.      750.    8.40 0.05   14
V603 Aql  2422514.      766.    8.68 0.07   12
V603 Aql  2422530.      782.    8.63 0.05   21
V603 Aql  2422546.      798.    8.56 0.06   21
V603 Aql  2422562.      814.    8.73 0.06   24
V603 Aql  2422578.      830.    8.73 0.05   30
V603 Aql  2422594.      846.    8.79 0.07   18
V603 Aql  2422634.      886.    8.75 0.03   63
V603 Aql  2422698.      950.    9.40 0.15    1
V603 Aql  2422762.     1014.    9.19 0.04   23
V603 Aql  2422826.     1078.    9.35 0.05   21
V603 Aql  2422890.     1142.    9.57 0.05   39
V603 Aql  2422954.     1206.    9.57 0.04   43
V603 Aql  2423018.     1270.    9.48 0.06   20
V603 Aql  2423082.     1334.    9.95 0.13    4
V603 Aql  2423146.     1398.    9.87 0.06   15
V603 Aql  2423210.     1462.   10.02 0.03   26
V603 Aql  2423274.     1526.   10.09 0.04   41
V603 Aql  2423338.     1590.   10.06 0.03   41
V603 Aql  2423402.     1654.    9.94 0.05   12
V603 Aql  2423466.     1718.   10.18 0.10    4
V603 Aql  2423530.     1782.   10.28 0.04   18
V603 Aql  2423594.     1846.   10.30 0.05   25
V603 Aql  2423658.     1910.   10.34 0.04   38
V603 Aql  2423722.     1974.   10.29 0.05   25
V603 Aql  2423786.     2038.   10.10 0.05    8
V603 Aql  2423850.     2102.   10.46 0.04   10
V603 Aql  2423914.     2166.   10.51 0.03   21
V603 Aql  2423978.     2230.   10.49 0.04   30
V603 Aql  2424042.     2294.   10.41 0.03   24
V603 Aql  2424106.     2358.   10.30 0.02   26
V603 Aql  2424170.     2422.   10.60 0.11    2
V603 Aql  2424234.     2486.   10.67 0.06   10
V603 Aql  2424298.     2550.   10.77 0.05   18
V603 Aql  2424362.     2614.   10.69 0.05   16
V603 Aql  2424426.     2678.   10.49 0.03   14
V603 Aql  2424490.     2742.   10.46 0.03   12
V603 Aql  2424554.     2806.   10.70 0.12    3
V603 Aql  2424618.     2870.   10.83 0.07   12
V603 Aql  2424682.     2934.   10.83 0.06   21
V603 Aql  2424746.     2998.   10.77 0.07   22
V603 Aql  2424810.     3062.   10.69 0.06   16
V603 Aql  2424874.     3126.   10.71 0.06    7
V603 Aql  2424938.     3190.   10.83 0.14    4
V603 Aql  2425002.     3254.   11.09 0.14   10
V603 Aql  2425066.     3318.   11.22 0.12   13
V603 Aql  2425130.     3382.   10.91 0.11   14
V603 Aql  2425194.     3446.   10.96 0.09   12
V603 Aql  2425258.     3510.   11.18 0.11    4
V603 Aql  2425322.     3574.   11.17 0.12   11
V603 Aql  2425386.     3638.   11.42 0.10   10
V603 Aql  2425450.     3702.   11.21 0.08   18
V603 Aql  2425514.     3766.   11.03 0.08   20
V603 Aql  2425578.     3830.   10.96 0.06   24
V603 Aql  2425642.     3894.   11.65 0.11    2
V603 Aql  2425706.     3958.   11.63 0.08    4
V603 Aql  2425770.     4022.   11.43 0.11   15
V603 Aql  2425834.     4086.   11.14 0.15   16
V603 Aql  2425898.     4150.   11.28 0.14   12
V603 Aql  2425962.     4214.   11.48 0.18    5
V603 Aql  2426026.     4278.   10.70 0.15    1
V603 Aql  2426090.     4342.   11.42 0.11   13
V603 Aql  2426154.     4406.   11.47 0.13   11
V603 Aql  2426218.     4470.   11.06 0.12   21
V603 Aql  2426282.     4534.   11.08 0.14   17
V603 Aql  2426346.     4598.   11.70 0.11    2
V603 Aql  2426410.     4662.   11.53 0.15    4
V603 Aql  2426474.     4726.   11.45 0.18    8
V603 Aql  2426538.     4790.   10.94 0.10   22
V603 Aql  2426602.     4854.   11.11 0.12   15
V603 Aql  2426666.     4918.   11.08 0.11   15
V603 Aql  2426794.     5046.   11.70 0.11    5
V603 Aql  2426858.     5110.   11.30 0.12   13
V603 Aql  2426922.     5174.   11.25 0.08   18
V603 Aql  2426986.     5238.   11.01 0.11   16
V1229 Aql 2440689.5       1.5   6.60 0.11    2
V1229 Aql 2440690.5       2.5   7.30 0.15    1
V1229 Aql 2440691.5       3.5   7.27 0.17    6
V1229 Aql 2440692.5       4.5   7.24 0.03   20
V1229 Aql 2440693.5       5.5   7.13 0.08    4
V1229 Aql 2440694.5       6.5   7.53 0.09    3
V1229 Aql 2440695.5       7.5   7.56 0.11    5
V1229 Aql 2440696.5       8.5   7.50 0.15    1
V1229 Aql 2440701.       13.    8.12 0.06    6
V1229 Aql 2440703.       15.    8.13 0.06    6
V1229 Aql 2440705.       17.    8.25 0.11    2
V1229 Aql 2440707.       19.    8.40 0.15    1
V1229 Aql 2440709.       21.    8.62 0.07    5
V1229 Aql 2440711.       23.    8.61 0.12    8
V1229 Aql 2440713.       25.    8.95 0.09   11
V1229 Aql 2440715.       27.    8.98 0.12    5
V1229 Aql 2440717.       29.    9.20 0.12    3
V1229 Aql 2440721.       33.    9.03 0.09    3
V1229 Aql 2440725.       37.    9.65 0.08    4
V1229 Aql 2440727.       39.   10.20 0.14    3
V1229 Aql 2440731.       43.   10.97 0.15    3
V1229 Aql 2440733.       45.   10.61 0.15    9
V1229 Aql 2440735.       47.   11.29 0.13   15
V1229 Aql 2440737.       49.   10.85 0.07   17
V1229 Aql 2440739.       51.   11.40 0.28    2
V1229 Aql 2440741.       53.   12.30 0.25    6
V1229 Aql 2440743.       55.   12.28 0.39    4
V1229 Aql 2440745.       57.   12.33 0.20    3
V1229 Aql 2440747.       59.   13.60 0.15    1
V1229 Aql 2440751.       63.   12.80 0.15    1
V1229 Aql 2440753.       65.   13.20 0.21    2
V1229 Aql 2440764.       76.   13.10 0.09    9
V1229 Aql 2440772.       84.   13.55 0.08    6
V1229 Aql 2440780.       92.   13.60 0.12    3
V1229 Aql 2440788.      100.   14.00 0.15    1
V1229 Aql 2440796.      108.   13.36 0.14    7
V1229 Aql 2440804.      116.   13.47 0.09    3
V1229 Aql 2440820.      132.   13.40 0.11    2
V1229 Aql 2440828.      140.   13.48 0.08    4
V1229 Aql 2440836.      148.   13.40 0.15    1
V1229 Aql 2440852.      164.   13.65 0.11    2
V1229 Aql 2440876.      188.   13.90 0.11    2
V1229 Aql 2441072.      384.   14.00 0.15    1
V1229 Aql 2441104.      416.   13.87 0.09    3
V1229 Aql 2441136.      448.   14.31 0.08   11
V1229 Aql 2441168.      480.   14.61 0.06   13
V1229 Aql 2441200.      512.   14.57 0.10    6
V1229 Aql 2441232.      544.   14.57 0.19    3
V1229 Aql 2441504.      816.   14.67 0.05   10
V1229 Aql 2441632.      944.   14.40 0.28    3
V1229 Aql 2441888.     1200.   15.00 0.38    3
V1229 Aql 2442272.     1584.   14.80 0.15    1
V1229 Aql 2442656.     1968.   14.90 0.09    4
V1229 Aql 2442784.     2096.   15.20 0.15    1
V1229 Aql 2443040.     2352.   14.90 0.09    8
V1229 Aql 2443296.     2608.   15.15 0.60    2
V1229 Aql 2443424.00   2736.   14.35 0.25    2
V1229 Aql 2443680.00   2992.   14.60 0.15    1
V1229 Aql 2443808.00   3120.   14.83 0.12    4
V1370 Aql 2444998.25      0.25  8.00 0.15    1
V1370 Aql 2444998.75      0.75  7.70 0.15    1
V1370 Aql 2444999.25      1.25  7.80 0.15    1
V1370 Aql 2444999.75      1.75  8.10 0.15    1
V1370 Aql 2445000.25      2.25  8.10 0.15    1
V1370 Aql 2445001.25      3.25  8.00 0.15    1
V1370 Aql 2445001.75      3.75  8.20 0.15    1
V1370 Aql 2445002.25      4.25  8.20 0.15    1
V1370 Aql 2445002.75      4.75  8.57 0.09    3
V1370 Aql 2445003.25      5.25  8.40 0.15    1
V1370 Aql 2445003.75      5.75  8.68 0.08    4
V1370 Aql 2445004.25      6.25  8.60 0.15    1
V1370 Aql 2445004.75      6.75  8.70 0.15    1
V1370 Aql 2445005.5       7.5   9.21 0.08    7
V1370 Aql 2445006.5       8.5   9.30 0.14    2
V1370 Aql 2445007.5       9.5   9.40 0.35    2
V1370 Aql 2445008.5      10.5   9.75 0.25    2
V1370 Aql 2445009.5      11.5   9.73 0.09    3
V1370 Aql 2445010.5      12.5   9.85 0.11    2
V1370 Aql 2445011.5      13.5  10.10 0.11    2
V1370 Aql 2445012.5      14.5   9.83 0.11    3
V1370 Aql 2445013.5      15.5   9.50 0.15    1
V1370 Aql 2445014.5      16.5  10.30 0.11    2
V1370 Aql 2445017.5      19.5  10.40 0.15    1
V1370 Aql 2445019.5      21.5  10.80 0.15    1
V1370 Aql 2445021.       23.    9.84 0.07    5
V1370 Aql 2445023.       25.   10.18 0.14    6
V1370 Aql 2445025.       27.   10.60 0.15    1
V1370 Aql 2445027.       29.   10.64 0.07    5
V1370 Aql 2445029.       31.   11.40 0.15    1
V1370 Aql 2445031.       33.   11.65 0.18    4
V1370 Aql 2445033.       35.   11.93 0.09    3
V1370 Aql 2445035.       37.   13.20 0.11    2
V1370 Aql 2445037.       39.   12.50 0.15    1
V1370 Aql 2445039.       41.   11.30 0.15    1
V1370 Aql 2445045.       47.   12.70 0.15    1
V1370 Aql 2445047.       49.   12.40 0.15    1
V1370 Aql 2445049.       51.   12.90 0.15    1
V1370 Aql 2445051.       53.   13.50 0.15    1
V1370 Aql 2445053.       55.   13.30 0.15    1
V1370 Aql 2445057.       59.   13.05 0.11    2
V1370 Aql 2445061.       63.   12.97 0.10    3
V1370 Aql 2445065.       67.   12.80 0.15    1
V1370 Aql 2445067.       69.   12.90 0.15    1
V1370 Aql 2445071.       73.   13.00 0.15    1
V1370 Aql 2445073.       75.   13.00 0.15    1
V1370 Aql 2445075.       77.   12.27 0.10    3
V1370 Aql 2445077.       79.   13.00 0.15    1
V1370 Aql 2445079.       81.   12.70 0.10    5
V1370 Aql 2445081.       83.   12.80 0.12    3
V1370 Aql 2445083.       85.   12.53 0.09    3
V1370 Aql 2445087.       89.   12.57 0.09    3
V1370 Aql 2445089.       91.   12.50 0.15    1
V1370 Aql 2445091.       93.   12.35 0.18    2
V1370 Aql 2445095.       97.   12.10 0.16    3
V1370 Aql 2445101.      103.   12.00 0.15    1
V1370 Aql 2445103.      105.   12.30 0.08    4
V1370 Aql 2445105.      107.   12.65 0.08    4
V1370 Aql 2445107.      109.   12.35 0.11    2
V1370 Aql 2445111.      113.   12.25 0.11    2
V1370 Aql 2445113.      115.   12.10 0.15    1
V1370 Aql 2445115.      117.   12.20 0.11    2
V1370 Aql 2445117.      119.   12.24 0.07    5
V1370 Aql 2445119.      121.   12.28 0.09    5
V1370 Aql 2445122.      124.   12.39 0.06    9
V1370 Aql 2445130.      132.   12.70 0.12    3
V1370 Aql 2445134.      136.   12.54 0.08    8
V1370 Aql 2445138.      140.   12.28 0.09    5
V1370 Aql 2445142.      144.   12.57 0.12    7
V1370 Aql 2445146.      148.   12.77 0.09    7
V1370 Aql 2445150.      152.   12.84 0.06   10
V1370 Aql 2445154.      156.   12.93 0.09    6
V1370 Aql 2445158.      160.   12.98 0.08    4
V1370 Aql 2445162.      164.   13.01 0.04   16
V1370 Aql 2445166.      168.   12.90 0.06    9
V1370 Aql 2445170.      172.   13.10 0.05   15
V1370 Aql 2445174.      176.   13.05 0.05   15
V1370 Aql 2445178.      180.   13.06 0.06    7
V1370 Aql 2445182.      184.   13.07 0.09    3
V1370 Aql 2445190.      192.   13.40 0.15    1
V1370 Aql 2445194.      196.   13.50 0.05    9
V1370 Aql 2445198.      200.   13.53 0.14    7
V1370 Aql 2445202.      204.   13.75 0.10    6
V1370 Aql 2445206.      208.   13.98 0.06    6
V1370 Aql 2445210.      212.   14.20 0.15    1
V1370 Aql 2445218.      220.   14.60 0.15    1
V1370 Aql 2445222.      224.   14.37 0.44    3
V1370 Aql 2445226.      228.   15.08 0.19    4
V1370 Aql 2445234.      236.   15.50 0.15    1
V1370 Aql 2445254.      256.   14.30 0.15    1
V1370 Aql 2445262.00    264.   15.80 0.15    1
V1419 Aql 2449124.25      0.25  8.00 0.11    2
V1419 Aql 2449124.75      0.75  7.90 0.02   21
V1419 Aql 2449125.25      1.25  8.04 0.07    5
V1419 Aql 2449125.75      1.75  8.16 0.07    5
V1419 Aql 2449126.25      2.25  8.10 0.10    9
V1419 Aql 2449126.75      2.75  7.77 0.07    7
V1419 Aql 2449127.25      3.25  7.76 0.13    5
V1419 Aql 2449127.75      3.75  7.93 0.09    6
V1419 Aql 2449128.25      4.25  7.94 0.05    9
V1419 Aql 2449128.75      4.75  7.99 0.06    9
V1419 Aql 2449129.25      5.25  7.78 0.05    9
V1419 Aql 2449129.75      5.75  7.60 0.09   21
V1419 Aql 2449130.25      6.25  7.59 0.08   14
V1419 Aql 2449130.75      6.75  7.75 0.10   13
V1419 Aql 2449131.25      7.25  7.71 0.07   10
V1419 Aql 2449131.75      7.75  7.77 0.10    7
V1419 Aql 2449132.25      8.25  7.63 0.10    3
V1419 Aql 2449132.75      8.75  7.82 0.07   11
V1419 Aql 2449133.25      9.25  7.80 0.09    7
V1419 Aql 2449133.75      9.75  8.00 0.04   18
V1419 Aql 2449134.25     10.25  8.13 0.12    6
V1419 Aql 2449134.75     10.75  8.00 0.04   22
V1419 Aql 2449135.25     11.25  8.13 0.08    4
V1419 Aql 2449135.75     11.75  8.05 0.08    4
V1419 Aql 2449136.25     12.25  8.15 0.05   12
V1419 Aql 2449136.75     12.75  8.18 0.06   12
V1419 Aql 2449137.25     13.25  8.40 0.04   12
V1419 Aql 2449137.75     13.75  8.33 0.03   15
V1419 Aql 2449138.25     14.25  8.35 0.07   10
V1419 Aql 2449138.75     14.75  8.50 0.10   10
V1419 Aql 2449139.25     15.25  8.53 0.09    6
V1419 Aql 2449139.75     15.75  8.45 0.08    6
V1419 Aql 2449140.5      16.5   8.54 0.04   23
V1419 Aql 2449141.5      17.5   8.74 0.09    5
V1419 Aql 2449142.5      18.5   8.64 0.06   11
V1419 Aql 2449143.5      19.5   8.73 0.08    7
V1419 Aql 2449144.5      20.5   8.86 0.06   15
V1419 Aql 2449145.5      21.5   9.00 0.05   10
V1419 Aql 2449146.5      22.5   9.06 0.06   16
V1419 Aql 2449147.5      23.5   9.10 0.05   16
V1419 Aql 2449148.5      24.5   9.13 0.05   22
V1419 Aql 2449149.5      25.5   9.26 0.04   13
V1419 Aql 2449150.5      26.5   9.23 0.04   18
V1419 Aql 2449151.5      27.5   9.39 0.05   11
V1419 Aql 2449152.5      28.5   9.53 0.05    8
V1419 Aql 2449153.5      29.5   9.77 0.06   17
V1419 Aql 2449154.5      30.5   9.51 0.07   19
V1419 Aql 2449155.5      31.5   9.64 0.10   14
V1419 Aql 2449156.5      32.5   9.87 0.11   18
V1419 Aql 2449157.5      33.5   9.72 0.12    9
V1419 Aql 2449158.5      34.5   9.90 0.11   18
V1419 Aql 2449159.5      35.5  10.06 0.09   14
V1419 Aql 2449160.5      36.5  10.31 0.08   16
V1419 Aql 2449161.5      37.5  10.38 0.08   23
V1419 Aql 2449162.5      38.5  10.55 0.07   13
V1419 Aql 2449163.5      39.5  10.66 0.09   20
V1419 Aql 2449164.5      40.5  10.62 0.12   12
V1419 Aql 2449165.5      41.5  10.83 0.10   11
V1419 Aql 2449166.5      42.5  11.23 0.12   13
V1419 Aql 2449167.5      43.5  11.51 0.09   13
V1419 Aql 2449168.5      44.5  11.91 0.11   12
V1419 Aql 2449169.5      45.5  12.02 0.09   10
V1419 Aql 2449170.5      46.5  11.95 0.08    6
V1419 Aql 2449171.5      47.5  11.88 0.13    6
V1419 Aql 2449172.5      48.5  12.13 0.10    3
V1419 Aql 2449173.5      49.5  12.33 0.12    4
V1419 Aql 2449174.5      50.5  12.45 0.08    6
V1419 Aql 2449175.5      51.5  12.41 0.10    8
V1419 Aql 2449176.5      52.5  12.62 0.08   12
V1419 Aql 2449177.5      53.5  12.62 0.09   12
V1419 Aql 2449178.5      54.5  12.92 0.07    9
V1419 Aql 2449179.5      55.5  12.93 0.07   16
V1419 Aql 2449180.5      56.5  13.04 0.09   11
V1419 Aql 2449181.5      57.5  13.08 0.08   11
V1419 Aql 2449182.5      58.5  12.77 0.12    6
V1419 Aql 2449183.5      59.5  13.02 0.08    6
V1419 Aql 2449184.5      60.5  13.18 0.05    9
V1419 Aql 2449185.5      61.5  13.38 0.07   11
V1419 Aql 2449186.5      62.5  13.28 0.08   18
V1419 Aql 2449187.5      63.5  13.40 0.16    9
V1419 Aql 2449188.5      64.5  13.86 0.07    5
V1419 Aql 2449189.5      65.5  13.90 0.14    2
V1419 Aql 2449190.5      66.5  13.93 0.19    4
V1419 Aql 2449191.5      67.5  13.94 0.05    9
V1419 Aql 2449192.5      68.5  13.98 0.06   11
V1419 Aql 2449193.5      69.5  14.08 0.07    8
V1419 Aql 2449194.5      70.5  13.83 0.09    7
V1419 Aql 2449195.5      71.5  13.80 0.13    5
V1419 Aql 2449196.5      72.5  13.70 0.21    2
V1419 Aql 2449197.5      73.5  13.85 0.08    4
V1419 Aql 2449198.5      74.5  13.90 0.15    1
V1419 Aql 2449199.5      75.5  13.00 0.15    1
V1419 Aql 2449202.       78.   13.75 0.11    2
V1419 Aql 2449206.       82.   13.82 0.06   18
V1419 Aql 2449210.       86.   13.75 0.06   24
V1419 Aql 2449214.       90.   13.81 0.05   30
V1419 Aql 2449218.       94.   13.80 0.03   35
V1419 Aql 2449222.       98.   13.63 0.04   35
V1419 Aql 2449226.      102.   13.62 0.10   11
V1419 Aql 2449230.      106.   13.70 0.11    2
V1419 Aql 2449234.      110.   13.19 0.07   10
V1419 Aql 2449238.      114.   13.21 0.04   25
V1419 Aql 2449242.      118.   13.19 0.07   16
V1419 Aql 2449246.      122.   13.08 0.07   16
V1419 Aql 2449250.      126.   13.01 0.03   36
V1419 Aql 2449254.      130.   12.90 0.07   16
V1419 Aql 2449258.      134.   12.98 0.05    8
V1419 Aql 2449262.      138.   12.93 0.07    6
V1419 Aql 2449266.      142.   12.90 0.05   20
V1419 Aql 2449270.      146.   12.91 0.05   30
V1419 Aql 2449274.      150.   12.80 0.05   17
V1419 Aql 2449278.      154.   12.70 0.03   31
V1419 Aql 2449282.      158.   12.73 0.05   12
V1419 Aql 2449286.      162.   12.84 0.07    8
V1419 Aql 2449290.      166.   12.66 0.10    5
V1419 Aql 2449294.      170.   12.58 0.06    8
V1419 Aql 2449298.      174.   12.69 0.06   18
V1419 Aql 2449302.      178.   12.72 0.06   12
V1419 Aql 2449306.      182.   12.72 0.07   11
V1419 Aql 2449310.      186.   12.54 0.04   18
V1419 Aql 2449314.      190.   12.85 0.06    6
V1419 Aql 2449318.      194.   12.72 0.10    5
V1419 Aql 2449322.      198.   12.81 0.06    8
V1419 Aql 2449326.      202.   12.84 0.06   10
V1419 Aql 2449330.      206.   12.79 0.07    7
V1419 Aql 2449334.      210.   12.73 0.09    3
V1419 Aql 2449338.      214.   12.85 0.11    2
V1419 Aql 2449342.      218.   12.77 0.09    3
V1419 Aql 2449346.      222.   12.80 0.15    1
V1419 Aql 2449392.      268.   12.90 0.15    1
V1419 Aql 2449408.      284.   12.90 0.07    5
V1419 Aql 2449424.      300.   13.03 0.04   11
V1419 Aql 2449440.      316.   13.10 0.09    3
V1419 Aql 2449456.      332.   13.18 0.04   13
V1419 Aql 2449472.      348.   13.23 0.09    7
V1419 Aql 2449488.      364.   13.26 0.06   13
V1419 Aql 2449504.      380.   13.28 0.04   35
V1419 Aql 2449520.      396.   13.28 0.03   58
V1419 Aql 2449536.      412.   13.37 0.03   74
V1419 Aql 2449552.      428.   13.45 0.04   48
V1419 Aql 2449568.      444.   13.54 0.03   74
V1419 Aql 2449584.      460.   13.53 0.04   38
V1419 Aql 2449600.      476.   13.64 0.04   68
V1419 Aql 2449616.      492.   13.54 0.07   21
V1419 Aql 2449632.      508.   13.68 0.05   34
V1419 Aql 2449648.      524.   13.81 0.07   14
V1419 Aql 2449664.      540.   13.92 0.08   10
V1419 Aql 2449680.      556.   14.06 0.06   11
V1419 Aql 2449696.      572.   13.98 0.11    6
V1419 Aql 2449776.      652.   14.60 0.15    1
V1419 Aql 2449792.      668.   14.30 0.09    4
V1419 Aql 2449808.      684.   14.18 0.25    4
V1419 Aql 2449824.      700.   14.75 0.11    2
V1419 Aql 2449840.      716.   14.70 0.09    5
V1419 Aql 2449856.      732.   14.77 0.11    3
V1419 Aql 2449872.      748.   14.92 0.11    6
V1419 Aql 2449888.      764.   15.00 0.11    2
V1419 Aql 2449904.      780.   15.01 0.05   14
V1419 Aql 2449920.      796.   15.09 0.06   10
V1419 Aql 2449936.      812.   15.14 0.07   12
V1419 Aql 2449952.      828.   14.73 0.11   16
V1419 Aql 2449968.      844.   14.84 0.16    7
V1419 Aql 2449984.      860.   15.08 0.12    8
V1419 Aql 2450000.      876.   14.50 0.15    1
V1419 Aql 2450016.      892.   15.28 0.07    6
V1419 Aql 2450136.     1012.   15.70 0.15    1
V1419 Aql 2450232.     1108.   15.80 0.15    1
V1419 Aql 2450296.     1172.   16.00 0.15    1
V1419 Aql 2450328.     1204.   16.20 0.15    1
V1419 Aql 2452168.     3044.   17.00 0.05    9
V1425 Aql 2449756.25      0.25  8.10 0.15    1
V1425 Aql 2449757.25      1.25  7.95 0.32    2
V1425 Aql 2449757.75      1.75  8.20 0.15    1
V1425 Aql 2449758.25      2.25  8.40 0.15    1
V1425 Aql 2449758.75      2.75  8.70 0.15    1
V1425 Aql 2449759.25      3.25  8.60 0.15    1
V1425 Aql 2449759.75      3.75  8.65 0.11    2
V1425 Aql 2449760.25      4.25  8.60 0.15    1
V1425 Aql 2449760.75      4.75  8.90 0.11    2
V1425 Aql 2449761.75      5.75  9.00 0.28    2
V1425 Aql 2449762.75      6.75  8.65 0.08    4
V1425 Aql 2449763.75      7.75  8.88 0.14    4
V1425 Aql 2449764.75      8.75  9.00 0.15    1
V1425 Aql 2449766.       10.    9.04 0.08   12
V1425 Aql 2449768.       12.    9.23 0.07    7
V1425 Aql 2449770.       14.    9.30 0.06   12
V1425 Aql 2449772.       16.    9.56 0.10    5
V1425 Aql 2449774.       18.    9.54 0.05    8
V1425 Aql 2449776.       20.    9.69 0.06   10
V1425 Aql 2449778.       22.    9.68 0.05   11
V1425 Aql 2449780.       24.    9.79 0.06   16
V1425 Aql 2449782.       26.    9.93 0.09   10
V1425 Aql 2449784.       28.    9.88 0.07   11
V1425 Aql 2449786.       30.   10.01 0.05   19
V1425 Aql 2449788.       32.   10.09 0.03   18
V1425 Aql 2449790.       34.   10.15 0.07    8
V1425 Aql 2449792.       36.   10.21 0.09    7
V1425 Aql 2449794.       38.   10.37 0.06    6
V1425 Aql 2449796.       40.   10.40 0.08    4
V1425 Aql 2449798.       42.   10.40 0.08    4
V1425 Aql 2449800.       44.   10.33 0.06    9
V1425 Aql 2449802.       46.   10.33 0.09    3
V1425 Aql 2449804.       48.   10.53 0.11    4
V1425 Aql 2449806.       50.   10.61 0.05    9
V1425 Aql 2449808.       52.   10.68 0.09    5
V1425 Aql 2449810.       54.   10.54 0.06   14
V1425 Aql 2449812.       56.   10.81 0.07    8
V1425 Aql 2449814.       58.   10.55 0.11    2
V1425 Aql 2449816.       60.   10.69 0.06    8
V1425 Aql 2449818.       62.   10.54 0.07    8
V1425 Aql 2449820.       64.   10.57 0.05    9
V1425 Aql 2449822.       66.   10.70 0.08    6
V1425 Aql 2449824.       68.   10.50 0.15    1
V1425 Aql 2449826.       70.   10.60 0.15    1
V1425 Aql 2449828.       72.   10.68 0.07    5
V1425 Aql 2449830.       74.   10.73 0.03   10
V1425 Aql 2449832.       76.   10.78 0.12    6
V1425 Aql 2449834.       78.   10.74 0.13    5
V1425 Aql 2449836.       80.   10.91 0.08    8
V1425 Aql 2449838.       82.   11.13 0.08    4
V1425 Aql 2449840.       84.   11.01 0.06   16
V1425 Aql 2449842.       86.   11.21 0.10    8
V1425 Aql 2449844.       88.   11.28 0.08   13
V1425 Aql 2449846.       90.   11.47 0.07    6
V1425 Aql 2449848.       92.   11.11 0.10    7
V1425 Aql 2449850.       94.   11.11 0.06    7
V1425 Aql 2449852.       96.   11.17 0.14    6
V1425 Aql 2449854.       98.   11.15 0.11    2
V1425 Aql 2449856.      100.   11.52 0.09    6
V1425 Aql 2449858.      102.   11.38 0.07   14
V1425 Aql 2449860.      104.   11.37 0.07   18
V1425 Aql 2449862.      106.   11.34 0.10    7
V1425 Aql 2449864.      108.   11.47 0.07    9
V1425 Aql 2449866.      110.   11.47 0.05   19
V1425 Aql 2449868.      112.   11.46 0.06   16
V1425 Aql 2449870.      114.   11.54 0.05    9
V1425 Aql 2449872.      116.   11.55 0.07   13
V1425 Aql 2449874.      118.   11.54 0.06   11
V1425 Aql 2449876.      120.   11.61 0.06    9
V1425 Aql 2449878.      122.   11.57 0.07    6
V1425 Aql 2449880.      124.   11.54 0.10    5
V1425 Aql 2449882.      126.   11.60 0.15    1
V1425 Aql 2449884.      128.   11.58 0.07    5
V1425 Aql 2449886.      130.   11.63 0.10    8
V1425 Aql 2449888.      132.   11.72 0.06   17
V1425 Aql 2449890.      134.   11.78 0.03   14
V1425 Aql 2449892.      136.   11.77 0.05   11
V1425 Aql 2449894.      138.   11.72 0.04   17
V1425 Aql 2449896.      140.   11.69 0.04   22
V1425 Aql 2449898.      142.   11.79 0.03   21
V1425 Aql 2449900.      144.   11.82 0.05   20
V1425 Aql 2449903.      147.   11.89 0.04   24
V1425 Aql 2449907.      151.   11.84 0.03   24
V1425 Aql 2449911.      155.   11.85 0.07    6
V1425 Aql 2449915.      159.   11.92 0.04   18
V1425 Aql 2449919.      163.   11.91 0.04   40
V1425 Aql 2449923.      167.   11.92 0.02   47
V1425 Aql 2449927.      171.   11.98 0.03   31
V1425 Aql 2449931.      175.   11.97 0.02   46
V1425 Aql 2449935.      179.   12.00 0.05   23
V1425 Aql 2449939.      183.   12.20 0.15    4
V1425 Aql 2449943.      187.   12.07 0.04   25
V1425 Aql 2449947.      191.   12.06 0.03   43
V1425 Aql 2449951.      195.   12.14 0.03   35
V1425 Aql 2449955.      199.   12.17 0.04   32
V1425 Aql 2449959.      203.   12.12 0.04   28
V1425 Aql 2449963.      207.   12.14 0.04   22
V1425 Aql 2449967.      211.   12.20 0.07    5
V1425 Aql 2449971.      215.   12.27 0.05   13
V1425 Aql 2449975.      219.   12.28 0.04   26
V1425 Aql 2449979.      223.   12.28 0.04   18
V1425 Aql 2449983.      227.   12.24 0.05   18
V1425 Aql 2449987.      231.   12.29 0.06   17
V1425 Aql 2449991.      235.   12.40 0.04   22
V1425 Aql 2449995.      239.   12.44 0.07    5
V1425 Aql 2449999.      243.   12.43 0.08    4
V1425 Aql 2450003.      247.   12.44 0.07   12
V1425 Aql 2450007.      251.   12.44 0.06   10
V1425 Aql 2450011.      255.   12.46 0.03   19
V1425 Aql 2450015.      259.   12.48 0.04   25
V1425 Aql 2450019.      263.   12.60 0.06    7
V1425 Aql 2450023.      267.   12.64 0.07    5
V1425 Aql 2450027.      271.   12.80 0.15    1
V1425 Aql 2450031.      275.   12.60 0.14    2
V1425 Aql 2450035.      279.   12.66 0.06    8
V1425 Aql 2450039.      283.   12.54 0.07    5
V1425 Aql 2450043.      287.   12.55 0.08    4
V1425 Aql 2450047.      291.   12.70 0.11    2
V1425 Aql 2450051.      295.   12.40 0.15    1
V1425 Aql 2450067.      311.   12.65 0.11    2
V1425 Aql 2450145.      389.   13.00 0.14    2
V1425 Aql 2450161.      405.   13.00 0.15    1
V1425 Aql 2450177.      421.   12.90 0.15    1
V1425 Aql 2450193.      437.   13.08 0.03   14
V1425 Aql 2450209.      453.   13.17 0.09    3
V1425 Aql 2450225.      469.   13.33 0.04   12
V1425 Aql 2450241.      485.   13.57 0.07   11
V1425 Aql 2450257.      501.   13.53 0.09   15
V1425 Aql 2450273.      517.   13.72 0.08   27
V1425 Aql 2450289.      533.   13.77 0.12   16
V1425 Aql 2450305.      549.   13.82 0.06   28
V1425 Aql 2450321.      565.   13.92 0.09   17
V1425 Aql 2450337.      581.   14.10 0.07   19
V1425 Aql 2450353.      597.   13.97 0.10    7
V1425 Aql 2450369.      613.   14.56 0.07   38
V1425 Aql 2450385.      629.   14.23 0.12    6
V1425 Aql 2450401.      645.   14.32 0.09   12
V1425 Aql 2450417.      661.   14.54 0.02   14
V1425 Aql 2450521.      765.   15.36 0.02   10
V1425 Aql 2450585.      829.   15.37 0.09   15
V1425 Aql 2450649.      893.   15.45 0.08   21
V1425 Aql 2450713.      957.   15.28 0.12    4
V1425 Aql 2451033.     1277.   16.77 0.02   10
V1493 Aql 2451374.25      0.25 10.10 0.12    5
V1493 Aql 2451374.75      0.75 10.33 0.04   22
V1493 Aql 2451375.25      1.25 10.60 0.07   12
V1493 Aql 2451375.75      1.75 10.72 0.03   17
V1493 Aql 2451376.25      2.25 10.91 0.05   32
V1493 Aql 2451376.75      2.75 11.06 0.06   27
V1493 Aql 2451377.25      3.25 11.26 0.04   36
V1493 Aql 2451377.75      3.75 11.08 0.09    6
V1493 Aql 2451378.25      4.25 10.95 0.11   25
V1493 Aql 2451378.75      4.75 11.63 0.08    6
V1493 Aql 2451379.25      5.25 11.68 0.02   15
V1493 Aql 2451379.75      5.75 11.73 0.07    9
V1493 Aql 2451380.5       6.5  11.71 0.05   49
V1493 Aql 2451381.5       7.5  11.83 0.06   25
V1493 Aql 2451382.5       8.5  11.92 0.04   25
V1493 Aql 2451383.5       9.5  12.06 0.08    8
V1493 Aql 2451384.5      10.5  12.18 0.05   13
V1493 Aql 2451385.5      11.5  12.39 0.07    7
V1493 Aql 2451386.5      12.5  12.33 0.06    7
V1493 Aql 2451387.5      13.5  12.48 0.06   13
V1493 Aql 2451388.5      14.5  12.52 0.02   17
V1493 Aql 2451389.5      15.5  12.40 0.07    5
V1493 Aql 2451390.5      16.5  12.55 0.10    8
V1493 Aql 2451391.5      17.5  12.59 0.05    8
V1493 Aql 2451392.5      18.5  12.55 0.05   20
V1493 Aql 2451393.5      19.5  12.65 0.02   20
V1493 Aql 2451394.5      20.5  12.63 0.07   12
V1493 Aql 2451395.5      21.5  12.85 0.13    4
V1493 Aql 2451396.5      22.5  12.77 0.07   16
V1493 Aql 2451397.5      23.5  12.70 0.08    5
V1493 Aql 2451398.5      24.5  12.97 0.10   20
V1493 Aql 2451399.5      25.5  12.66 0.12    9
V1493 Aql 2451400.5      26.5  12.64 0.04   18
V1493 Aql 2451401.5      27.5  12.70 0.09    3
V1493 Aql 2451402.5      28.5  12.66 0.07    5
V1493 Aql 2451403.5      29.5  12.48 0.09    4
V1493 Aql 2451404.5      30.5  12.53 0.10    6
V1493 Aql 2451405.5      31.5  12.49 0.04   11
V1493 Aql 2451406.5      32.5  12.45 0.06   13
V1493 Aql 2451407.5      33.5  12.36 0.08    8
V1493 Aql 2451408.5      34.5  12.40 0.12    6
V1493 Aql 2451409.5      35.5  12.37 0.05   10
V1493 Aql 2451410.5      36.5  12.36 0.06   18
V1493 Aql 2451411.5      37.5  12.25 0.07   10
V1493 Aql 2451412.5      38.5  12.37 0.05    9
V1493 Aql 2451413.5      39.5  12.11 0.02   14
V1493 Aql 2451414.5      40.5  12.13 0.08    6
V1493 Aql 2451415.5      41.5  12.17 0.06    6
V1493 Aql 2451416.5      42.5  12.10 0.07    5
V1493 Aql 2451417.5      43.5  11.94 0.08    5
V1493 Aql 2451418.5      44.5  11.80 0.08    7
V1493 Aql 2451419.5      45.5  11.89 0.06   12
V1493 Aql 2451420.5      46.5  11.77 0.05   20
V1493 Aql 2451421.5      47.5  11.72 0.04   19
V1493 Aql 2451422.5      48.5  11.91 0.06   15
V1493 Aql 2451423.5      49.5  12.27 0.06   19
V1493 Aql 2451424.5      50.5  13.03 0.03   28
V1493 Aql 2451425.5      51.5  13.53 0.05   20
V1493 Aql 2451426.5      52.5  13.62 0.02   23
V1493 Aql 2451427.5      53.5  13.80 0.04   16
V1493 Aql 2451428.5      54.5  13.94 0.07   11
V1493 Aql 2451429.5      55.5  14.20 0.15    6
V1493 Aql 2451430.5      56.5  14.30 0.08    5
V1493 Aql 2451431.5      57.5  14.49 0.04   15
V1493 Aql 2451432.5      58.5  14.41 0.11    7
V1493 Aql 2451433.5      59.5  14.55 0.04   29
V1493 Aql 2451434.5      60.5  14.75 0.11    2
V1493 Aql 2451435.5      61.5  14.93 0.08    4
V1493 Aql 2451436.5      62.5  14.70 0.14    3
V1493 Aql 2451437.5      63.5  14.80 0.09    3
V1493 Aql 2451438.5      64.5  14.90 0.12    3
V1493 Aql 2451439.5      65.5  15.20 0.15    1
V1493 Aql 2451440.5      66.5  14.80 0.15    1
V1493 Aql 2451441.5      67.5  14.80 0.15    1
V1493 Aql 2451445.5      71.5  14.70 0.14    3
V1493 Aql 2451447.5      73.5  15.00 0.15    1
V1493 Aql 2451452.       78.   14.98 0.02   12
V1493 Aql 2451456.       82.   15.18 0.06   26
V1493 Aql 2451460.       86.   15.25 0.05   13
V1493 Aql 2451464.       90.   15.25 0.07   12
V1493 Aql 2451468.       94.   15.27 0.06   13
V1493 Aql 2451472.       98.   15.32 0.02   11
V1493 Aql 2451480.      106.   15.70 0.15    1
V1493 Aql 2451484.      110.   15.50 0.15    1
V1493 Aql 2451488.      114.   15.03 0.22    4
V1493 Aql 2451492.      118.   15.29 0.02   12
V1493 Aql 2451496.      122.   15.40 0.02   10
V1493 Aql 2451500.      126.   15.50 0.15    1
V1493 Aql 2451512.      138.   15.60 0.02   10
V1493 Aql 2451532.      158.   15.70 0.02   10
V1493 Aql 2451536.      162.   15.20 0.02   10
V1493 Aql 2451544.      170.   16.20 0.02   10
V1493 Aql 2452094.      720.   16.10 0.02   10
V1493 Aql 2452158.      784.   15.46 0.06    7
V1494 Aql 2451514.25      0.25  5.15 0.11    2
V1494 Aql 2451514.75      0.75  4.86 0.08    5
V1494 Aql 2451515.25      1.25  4.27 0.04   44
V1494 Aql 2451515.75      1.75  4.11 0.06    9
V1494 Aql 2451516.25      2.25  4.18 0.04   44
V1494 Aql 2451516.75      2.75  4.35 0.07   13
V1494 Aql 2451517.25      3.25  4.68 0.04   48
V1494 Aql 2451517.75      3.75  4.87 0.18    7
V1494 Aql 2451518.25      4.25  5.17 0.02  101
V1494 Aql 2451518.75      4.75  5.21 0.08   11
V1494 Aql 2451519.25      5.25  5.48 0.03   37
V1494 Aql 2451519.75      5.75  5.46 0.07    9
V1494 Aql 2451520.25      6.25  5.58 0.02   69
V1494 Aql 2451520.75      6.75  5.58 0.04   16
V1494 Aql 2451521.25      7.25  5.81 0.02   62
V1494 Aql 2451521.75      7.75  5.76 0.06    7
V1494 Aql 2451522.25      8.25  5.92 0.03   48
V1494 Aql 2451522.75      8.75  5.98 0.05    9
V1494 Aql 2451523.25      9.25  6.04 0.03   33
V1494 Aql 2451523.75      9.75  6.09 0.07   12
V1494 Aql 2451524.25     10.25  6.17 0.03   33
V1494 Aql 2451524.75     10.75  6.26 0.05    8
V1494 Aql 2451525.5      11.5   6.19 0.03   40
V1494 Aql 2451526.5      12.5   6.27 0.03   33
V1494 Aql 2451527.5      13.5   6.33 0.04   38
V1494 Aql 2451528.5      14.5   6.28 0.04   25
V1494 Aql 2451529.5      15.5   6.47 0.03   37
V1494 Aql 2451530.5      16.5   6.59 0.02   29
V1494 Aql 2451531.5      17.5   6.79 0.04   27
V1494 Aql 2451532.5      18.5   7.17 0.05   29
V1494 Aql 2451533.5      19.5   7.31 0.05   21
V1494 Aql 2451534.5      20.5   7.43 0.06   24
V1494 Aql 2451535.5      21.5   7.51 0.05   19
V1494 Aql 2451536.5      22.5   7.43 0.03   32
V1494 Aql 2451537.5      23.5   7.24 0.07    9
V1494 Aql 2451538.5      24.5   7.25 0.08   17
V1494 Aql 2451539.5      25.5   7.63 0.07    9
V1494 Aql 2451540.5      26.5   7.70 0.07   12
V1494 Aql 2451541.5      27.5   7.70 0.06    7
V1494 Aql 2451542.5      28.5   7.62 0.04   18
V1494 Aql 2451543.5      29.5   7.42 0.09    9
V1494 Aql 2451544.5      30.5   7.67 0.05   12
V1494 Aql 2451545.5      31.5   7.67 0.06    6
V1494 Aql 2451546.5      32.5   7.90 0.12    4
V1494 Aql 2451547.5      33.5   8.08 0.06    6
V1494 Aql 2451548.5      34.5   8.03 0.08    4
V1494 Aql 2451549.5      35.5   8.03 0.06   19
V1494 Aql 2451550.5      36.5   7.60 0.15    1
V1494 Aql 2451551.5      37.5   7.60 0.12    3
V1494 Aql 2451553.5      39.5   7.87 0.09    3
V1494 Aql 2451560.5      46.5   8.50 0.15    1
V1494 Aql 2451562.5      48.5   8.37 0.20    3
V1494 Aql 2451568.5      54.5   8.28 0.08    4
V1494 Aql 2451569.5      55.5   8.40 0.15    1
V1494 Aql 2451570.5      56.5   8.63 0.12    3
V1494 Aql 2451571.5      57.5   8.50 0.15    1
V1494 Aql 2451572.5      58.5   8.40 0.14    2
V1494 Aql 2451574.5      60.5   9.10 0.15    1
V1494 Aql 2451575.5      61.5   9.53 0.10    3
V1494 Aql 2451576.5      62.5   9.00 0.11    2
V1494 Aql 2451577.5      63.5   9.17 0.09    3
V1494 Aql 2451578.5      64.5   9.13 0.28    3
V1494 Aql 2451579.5      65.5   9.03 0.15    3
V1494 Aql 2451581.5      67.5   8.70 0.14    2
V1494 Aql 2451583.5      69.5   8.58 0.20    5
V1494 Aql 2451584.5      70.5   8.90 0.11    6
V1494 Aql 2451585.5      71.5   8.84 0.08    8
V1494 Aql 2451586.5      72.5   8.88 0.09    5
V1494 Aql 2451588.5      74.5   8.77 0.09    3
V1494 Aql 2451589.5      75.5   8.57 0.10    3
V1494 Aql 2451590.5      76.5   8.90 0.11    2
V1494 Aql 2451591.5      77.5   9.00 0.11    2
V1494 Aql 2451593.5      79.5   8.80 0.15    1
V1494 Aql 2451594.5      80.5   9.30 0.15    1
V1494 Aql 2451595.5      81.5   9.70 0.15    1
V1494 Aql 2451597.5      83.5   9.60 0.15    1
V1494 Aql 2451599.5      85.5   9.80 0.15    1
V1494 Aql 2451601.       87.    9.50 0.06    6
V1494 Aql 2451603.       89.    9.54 0.06    7
V1494 Aql 2451605.       91.    8.90 0.42    2
V1494 Aql 2451607.       93.    8.85 0.11    4
V1494 Aql 2451609.       95.    9.33 0.06    6
V1494 Aql 2451611.       97.    9.63 0.12    4
V1494 Aql 2451613.       99.    9.63 0.11    3
V1494 Aql 2451615.      101.    9.72 0.07    5
V1494 Aql 2451617.      103.    9.70 0.15    1
V1494 Aql 2451619.      105.    8.98 0.08    4
V1494 Aql 2451621.      107.    8.73 0.12    7
V1494 Aql 2451627.      113.    9.30 0.15    1
V1494 Aql 2451629.      115.    9.58 0.07    5
V1494 Aql 2451631.      117.    9.63 0.10    4
V1494 Aql 2451633.      119.    9.60 0.08    4
V1494 Aql 2451635.      121.    9.07 0.28    3
V1494 Aql 2451637.      123.    9.26 0.13    5
V1494 Aql 2451639.      125.    9.80 0.15    1
V1494 Aql 2451641.      127.    9.60 0.06    6
V1494 Aql 2451643.      129.    9.36 0.07    7
V1494 Aql 2451645.      131.    9.50 0.14    2
V1494 Aql 2451647.      133.    9.65 0.11    2
V1494 Aql 2451649.      135.    9.75 0.08    4
V1494 Aql 2451654.      140.    9.80 0.12    3
V1494 Aql 2451662.      148.    9.92 0.03   28
V1494 Aql 2451670.      156.    9.81 0.03   49
V1494 Aql 2451678.      164.    9.97 0.04   37
V1494 Aql 2451686.      172.    9.98 0.03   27
V1494 Aql 2451694.      180.   10.16 0.02   40
V1494 Aql 2451702.      188.   10.12 0.02   55
V1494 Aql 2451710.      196.   10.26 0.02   32
V1494 Aql 2451718.      204.   10.38 0.02   36
V1494 Aql 2451726.      212.   10.42 0.02   36
V1494 Aql 2451734.      220.   10.47 0.02   28
V1494 Aql 2451742.      228.   10.54 0.03   22
V1494 Aql 2451750.      236.   10.62 0.02   36
V1494 Aql 2451758.      244.   10.69 0.02   56
V1494 Aql 2451766.      252.   10.75 0.03   32
V1494 Aql 2451774.      260.   10.96 0.04   30
V1494 Aql 2451782.      268.   11.02 0.03   58
V1494 Aql 2451790.      276.   11.10 0.04   45
V1494 Aql 2451798.      284.   11.06 0.03   23
V1494 Aql 2451806.      292.   11.24 0.03   34
V1494 Aql 2451814.      300.   11.24 0.02   45
V1494 Aql 2451822.      308.   11.34 0.03   28
V1494 Aql 2451830.      316.   11.46 0.02   16
V1494 Aql 2451838.      324.   11.49 0.02   42
V1494 Aql 2451846.      332.   11.47 0.05   18
V1494 Aql 2451854.      340.   11.69 0.04   29
V1494 Aql 2451862.      348.   11.81 0.08    7
V1494 Aql 2451870.      356.   11.64 0.09    7
V1494 Aql 2451878.      364.   11.91 0.07   11
V1494 Aql 2451886.      372.   11.77 0.08    6
V1494 Aql 2451894.      380.   11.97 0.15    3
V1494 Aql 2451902.      388.   12.40 0.11    2
V1494 Aql 2451914.      400.   12.10 0.15    1
V1494 Aql 2451962.      448.   13.10 0.09    3
V1494 Aql 2451978.      464.   12.90 0.15    1
V1494 Aql 2451994.      480.   13.00 0.11    2
V1494 Aql 2452010.      496.   13.17 0.09    3
V1494 Aql 2452026.      512.   13.21 0.05   11
V1494 Aql 2452042.      528.   13.33 0.02   12
V1494 Aql 2452058.      544.   13.23 0.06   23
V1494 Aql 2452074.      560.   13.38 0.05   13
V1494 Aql 2452090.      576.   13.50 0.03   25
V1494 Aql 2452106.      592.   13.54 0.05   27
V1494 Aql 2452122.      608.   13.70 0.03   24
V1494 Aql 2452138.      624.   13.78 0.03   33
V1494 Aql 2452154.      640.   13.91 0.03   18
V1494 Aql 2452170.      656.   14.10 0.05   10
V1494 Aql 2452186.      672.   14.08 0.11    6
V1494 Aql 2452202.      688.   14.16 0.07    5
V1494 Aql 2452218.      704.   14.18 0.09    6
V1494 Aql 2452234.      720.   14.41 0.06    7
V1494 Aql 2452250.      736.   14.50 0.15    1
V1494 Aql 2452266.      752.   14.20 0.15    1
V1494 Aql 2452410.      896.   14.80 0.15    1
V1494 Aql 2452426.      912.   15.03 0.08    4
V1494 Aql 2452442.      928.   15.20 0.15    1
V1494 Aql 2452458.      944.   15.20 0.15    1
V1494 Aql 2452490.      976.   16.20 0.02   10
V1494 Aql 2452522.     1008.   15.50 0.02   10
V1494 Aql 2452546.     1032.   15.50 0.02   10
V1494 Aql 2452578.     1064.   15.37 0.02   21
V1494 Aql 2452834.     1320.   15.40 0.15    1
V1494 Aql 2452866.     1352.   15.60 0.15    1
V1494 Aql 2452898.     1384.   16.37 0.05   11
V1494 Aql 2453346.     1832.   15.60 0.02   10
V1494 Aql 2453570.     2056.   16.46 0.05   20
V1494 Aql 2453602.     2088.   17.10 0.02   10
V1494 Aql 2453666.     2152.   17.09 0.18   20
V1494 Aql 2453858.     2344.   17.30 0.02   10
V1494 Aql 2453890.     2376.   18.20 0.02   10
V1494 Aql 2453922.     2408.   17.12 0.02   10
T Aur     2412079.        2.    5.28 0.11    2
T Aur     2412083.        6.    4.49 0.05   13
T Aur     2412095.       18.    4.55 0.15    1
T Aur     2412103.       26.    4.58 0.15    1
T Aur     2412107.       30.    4.70 0.11    2
T Aur     2412115.       38.    4.89 0.09    3
T Aur     2412119.       42.    4.97 0.07    5
T Aur     2412131.       54.    4.95 0.08    4
T Aur     2412135.       58.    4.50 0.04   11
T Aur     2412139.       62.    4.90 0.06    7
T Aur     2412143.       66.    4.92 0.07    6
T Aur     2412147.       70.    4.88 0.07   14
T Aur     2412151.       74.    5.25 0.15    1
T Aur     2412155.       78.    4.93 0.08    4
T Aur     2412163.       86.    5.44 0.09   15
T Aur     2412167.       90.    7.23 0.23    3
T Aur     2412171.       94.    7.96 0.04   11
T Aur     2412175.       98.    8.85 0.08    4
T Aur     2412179.      102.   10.44 0.06    7
T Aur     2412183.      106.   11.82 0.06   15
T Aur     2412187.      110.   13.12 0.09    6
T Aur     2412191.      114.   12.78 0.09    3
T Aur     2412195.      118.   14.20 0.21    2
T Aur     2412199.      122.   13.50 0.11    2
T Aur     2412207.      130.   13.50 0.15    1
T Aur     2412337.      260.   11.40 0.15    1
T Aur     2412353.      276.   11.26 0.05   13
T Aur     2412369.      292.   11.53 0.11    2
T Aur     2412449.      372.   11.45 0.15    1
T Aur     2412465.      388.   11.50 0.11    2
T Aur     2412481.      404.   11.58 0.11    2
T Aur     2412497.      420.   11.50 0.15    1
T Aur     2412513.      436.   11.50 0.15    1
T Aur     2412529.      452.   11.68 0.11    2
T Aur     2412545.      468.   11.60 0.15    1
T Aur     2412561.      484.   11.50 0.15    1
T Aur     2412577.      500.   11.30 0.15    1
T Aur     2412745.      668.   11.43 0.11    2
T Aur     2412809.      732.   11.80 0.12    4
T Aur     2412873.      796.   11.80 0.09    3
T Aur     2413129.     1052.   11.95 0.15    1
T Aur     2413193.     1116.   12.25 0.15    1
T Aur     2413513.     1436.   13.05 0.15    1
T Aur     2413577.     1500.   12.70 0.15    1
T Aur     2413641.     1564.   12.92 0.09    3
T Aur     2414313.     2236.   12.86 0.15    8
T Aur     2415337.     3260.   13.13 0.16   11
T Aur     2416361.     4284.   14.01 0.26    8
T Aur     2417385.     5308.   13.34 0.51    5
T Aur     2418409.     6332.   12.47 0.17    7
T Aur     2419433.     7356.   14.88 0.40    5
T Aur     2420457.     8380.   13.68 0.41    4
V705 Cas  2449328.75      0.75  7.00 0.35    2
V705 Cas  2449332.75      4.75  6.50 0.15    1
V705 Cas  2449333.25      5.25  6.45 0.11    2
V705 Cas  2449334.25      6.25  6.60 0.09    5
V705 Cas  2449334.75      6.75  6.10 0.06    6
V705 Cas  2449335.25      7.25  6.35 0.04   15
V705 Cas  2449335.75      7.75  6.13 0.06   11
V705 Cas  2449336.25      8.25  6.39 0.08   14
V705 Cas  2449336.75      8.75  6.18 0.07   10
V705 Cas  2449337.25      9.25  6.48 0.03   24
V705 Cas  2449337.75      9.75  6.49 0.07    7
V705 Cas  2449338.25     10.25  6.14 0.03   37
V705 Cas  2449338.75     10.75  6.01 0.08   12
V705 Cas  2449339.25     11.25  5.70 0.06   29
V705 Cas  2449339.75     11.75  5.69 0.07   12
V705 Cas  2449340.5      12.5   6.30 0.05   42
V705 Cas  2449341.5      13.5   6.65 0.04   45
V705 Cas  2449342.5      14.5   6.82 0.05   38
V705 Cas  2449343.5      15.5   6.55 0.03   59
V705 Cas  2449344.5      16.5   6.47 0.03   75
V705 Cas  2449345.5      17.5   6.63 0.03   79
V705 Cas  2449346.5      18.5   6.59 0.05   28
V705 Cas  2449347.5      19.5   6.57 0.02   57
V705 Cas  2449348.5      20.5   6.53 0.04   38
V705 Cas  2449349.5      21.5   6.48 0.03   43
V705 Cas  2449350.5      22.5   6.85 0.02   44
V705 Cas  2449351.5      23.5   7.08 0.03   37
V705 Cas  2449352.5      24.5   7.09 0.03   54
V705 Cas  2449353.5      25.5   6.87 0.02   65
V705 Cas  2449354.5      26.5   7.07 0.04   61
V705 Cas  2449355.5      27.5   7.07 0.03   60
V705 Cas  2449356.5      28.5   7.15 0.03   63
V705 Cas  2449357.5      29.5   7.19 0.04   50
V705 Cas  2449358.5      30.5   7.13 0.03   76
V705 Cas  2449359.5      31.5   7.17 0.04   24
V705 Cas  2449360.5      32.5   7.29 0.03   62
V705 Cas  2449361.5      33.5   7.17 0.03   68
V705 Cas  2449362.5      34.5   7.16 0.02   67
V705 Cas  2449363.5      35.5   7.31 0.04   40
V705 Cas  2449364.5      36.5   7.15 0.03   32
V705 Cas  2449365.5      37.5   7.27 0.03   27
V705 Cas  2449366.5      38.5   7.29 0.03   47
V705 Cas  2449367.5      39.5   7.37 0.03   63
V705 Cas  2449368.5      40.5   7.49 0.03   71
V705 Cas  2449369.5      41.5   7.52 0.04   35
V705 Cas  2449370.5      42.5   7.65 0.03   62
V705 Cas  2449371.5      43.5   7.64 0.03   64
V705 Cas  2449372.5      44.5   7.68 0.03   63
V705 Cas  2449373.5      45.5   7.77 0.03   25
V705 Cas  2449374.5      46.5   7.67 0.03   54
V705 Cas  2449375.5      47.5   7.79 0.03   39
V705 Cas  2449376.5      48.5   7.81 0.03   39
V705 Cas  2449377.5      49.5   7.81 0.04   27
V705 Cas  2449378.5      50.5   7.80 0.03   26
V705 Cas  2449379.5      51.5   7.73 0.04   23
V705 Cas  2449380.5      52.5   7.94 0.04   29
V705 Cas  2449381.5      53.5   7.93 0.03   42
V705 Cas  2449382.5      54.5   8.03 0.04   34
V705 Cas  2449383.5      55.5   8.09 0.03   49
V705 Cas  2449384.5      56.5   8.03 0.03   42
V705 Cas  2449385.5      57.5   8.23 0.04   26
V705 Cas  2449386.5      58.5   8.31 0.04   33
V705 Cas  2449387.5      59.5   8.48 0.04   42
V705 Cas  2449388.5      60.5   8.43 0.03   38
V705 Cas  2449389.5      61.5   8.40 0.03   56
V705 Cas  2449390.5      62.5   8.33 0.03   50
V705 Cas  2449391.5      63.5   8.35 0.03   20
V705 Cas  2449392.5      64.5   8.44 0.02   30
V705 Cas  2449393.5      65.5   8.49 0.03   25
V705 Cas  2449394.5      66.5   8.49 0.03   26
V705 Cas  2449395.5      67.5   8.53 0.03   27
V705 Cas  2449396.5      68.5   8.54 0.03   25
V705 Cas  2449397.5      69.5   8.86 0.04   35
V705 Cas  2449398.5      70.5   9.03 0.03   68
V705 Cas  2449399.5      71.5   9.66 0.05   49
V705 Cas  2449400.5      72.5  10.08 0.04   60
V705 Cas  2449401.5      73.5  10.56 0.03   53
V705 Cas  2449402.5      74.5  11.31 0.02   90
V705 Cas  2449403.5      75.5  12.03 0.06   23
V705 Cas  2449404.5      76.5  12.44 0.07   11
V705 Cas  2449405.5      77.5  12.60 0.24    4
V705 Cas  2449406.5      78.5  12.90 0.28    2
V705 Cas  2449407.5      79.5  13.30 0.42    2
V705 Cas  2449408.5      80.5  13.30 0.14    2
V705 Cas  2449410.5      82.5  14.00 0.09    5
V705 Cas  2449411.5      83.5  14.63 0.19    4
V705 Cas  2449412.5      84.5  14.20 0.21    3
V705 Cas  2449413.5      85.5  14.43 0.18    3
V705 Cas  2449414.5      86.5  14.50 0.14    2
V705 Cas  2449415.5      87.5  14.64 0.13    8
V705 Cas  2449416.5      88.5  15.00 0.15    1
V705 Cas  2449417.5      89.5  15.30 0.17    3
V705 Cas  2449418.5      90.5  15.10 0.15    1
V705 Cas  2449420.5      92.5  15.90 0.15    1
V705 Cas  2449421.5      93.5  15.10 0.15    1
V705 Cas  2449422.5      94.5  15.10 0.15    1
V705 Cas  2449423.5      95.5  16.20 0.15    1
V705 Cas  2449424.5      96.5  16.20 0.15    1
V705 Cas  2449425.5      97.5  15.20 0.15    1
V705 Cas  2449426.5      98.5  15.20 0.15    1
V705 Cas  2449428.5     100.5  15.55 0.32    2
V705 Cas  2449442.5     114.5  15.90 0.15    1
V705 Cas  2449446.5     118.5  15.90 0.15    1
V705 Cas  2449447.5     119.5  15.90 0.11    2
V705 Cas  2449450.5     122.5  15.35 0.18    2
V705 Cas  2449453.5     125.5  13.40 0.15    1
V705 Cas  2449455.5     127.5  13.80 0.15    1
V705 Cas  2449457.5     129.5  14.20 0.15    1
V705 Cas  2449458.5     130.5  13.80 0.15    1
V705 Cas  2449459.5     131.5  14.40 0.15    1
V705 Cas  2449460.5     132.5  13.50 0.15    1
V705 Cas  2449461.5     133.5  13.80 0.11    2
V705 Cas  2449462.5     134.5  14.30 0.15    1
V705 Cas  2449463.5     135.5  13.40 0.09    3
V705 Cas  2449465.5     137.5  13.90 0.14    2
V705 Cas  2449470.5     142.5  14.00 0.15    1
V705 Cas  2449471.5     143.5  13.63 0.09    3
V705 Cas  2449472.5     144.5  13.30 0.15    1
V705 Cas  2449473.5     145.5  13.57 0.07    7
V705 Cas  2449474.5     146.5  13.44 0.12    5
V705 Cas  2449475.5     147.5  13.52 0.06    6
V705 Cas  2449477.5     149.5  13.35 0.11    2
V705 Cas  2449478.5     150.5  13.40 0.15    1
V705 Cas  2449479.5     151.5  13.80 0.15    1
V705 Cas  2449480.5     152.5  13.30 0.08    4
V705 Cas  2449481.5     153.5  13.47 0.09    3
V705 Cas  2449483.5     155.5  13.33 0.10    6
V705 Cas  2449484.5     156.5  13.40 0.09    3
V705 Cas  2449485.5     157.5  13.31 0.09    7
V705 Cas  2449486.5     158.5  13.30 0.15    4
V705 Cas  2449487.5     159.5  13.08 0.16    4
V705 Cas  2449488.5     160.5  13.07 0.14    6
V705 Cas  2449490.5     162.5  13.10 0.14    2
V705 Cas  2449491.5     163.5  12.65 0.11    2
V705 Cas  2449492.5     164.5  13.40 0.15    1
V705 Cas  2449493.5     165.5  12.90 0.21    2
V705 Cas  2449494.5     166.5  13.05 0.25    2
V705 Cas  2449495.5     167.5  12.30 0.15    1
V705 Cas  2449496.5     168.5  12.50 0.15    1
V705 Cas  2449497.5     169.5  12.30 0.15    1
V705 Cas  2449499.5     171.5  12.40 0.15    1
V705 Cas  2449504.      176.   12.63 0.05   55
V705 Cas  2449512.      184.   12.36 0.03   65
V705 Cas  2449520.      192.   12.30 0.03   61
V705 Cas  2449528.      200.   12.27 0.03   28
V705 Cas  2449536.      208.   12.25 0.02   70
V705 Cas  2449544.      216.   12.27 0.02   88
V705 Cas  2449552.      224.   12.21 0.03   36
V705 Cas  2449560.      232.   12.19 0.03   33
V705 Cas  2449568.      240.   12.17 0.02   71
V705 Cas  2449576.      248.   12.21 0.02   66
V705 Cas  2449584.      256.   12.20 0.03   46
V705 Cas  2449592.      264.   12.19 0.02   59
V705 Cas  2449600.      272.   12.18 0.02   46
V705 Cas  2449608.      280.   12.14 0.03   43
V705 Cas  2449616.      288.   12.11 0.03   25
V705 Cas  2449624.      296.   12.13 0.02   39
V705 Cas  2449632.      304.   12.13 0.02   54
V705 Cas  2449640.      312.   12.18 0.02   51
V705 Cas  2449648.      320.   12.17 0.02   35
V705 Cas  2449656.      328.   12.15 0.02   53
V705 Cas  2449664.      336.   12.22 0.03   31
V705 Cas  2449672.      344.   12.19 0.05    9
V705 Cas  2449680.      352.   12.16 0.03   23
V705 Cas  2449688.      360.   12.17 0.02   46
V705 Cas  2449696.      368.   12.14 0.03   24
V705 Cas  2449704.      376.   12.19 0.03   14
V705 Cas  2449712.      384.   12.22 0.03   32
V705 Cas  2449720.      392.   12.22 0.02   41
V705 Cas  2449728.      400.   12.30 0.03   19
V705 Cas  2449736.      408.   12.25 0.06   14
V705 Cas  2449744.      416.   12.23 0.02   32
V705 Cas  2449752.      424.   12.24 0.02   31
V705 Cas  2449760.      432.   12.31 0.04   16
V705 Cas  2449768.      440.   12.28 0.03   36
V705 Cas  2449776.      448.   12.26 0.03   26
V705 Cas  2449784.      456.   12.22 0.02   39
V705 Cas  2449792.      464.   12.29 0.03   12
V705 Cas  2449800.      472.   12.27 0.03   19
V705 Cas  2449808.      480.   12.31 0.03   21
V705 Cas  2449816.      488.   12.37 0.06    7
V705 Cas  2449824.      496.   12.22 0.06    6
V705 Cas  2449832.      504.   12.26 0.05    8
V705 Cas  2449840.      512.   12.33 0.02   16
V705 Cas  2449848.      520.   12.30 0.09    3
V705 Cas  2449856.      528.   12.24 0.04   14
V705 Cas  2449864.      536.   12.32 0.03   22
V705 Cas  2449872.      544.   12.37 0.03   12
V705 Cas  2449880.      552.   12.38 0.06    6
V705 Cas  2449888.      560.   12.36 0.03   14
V705 Cas  2449896.      568.   12.32 0.02   45
V705 Cas  2449904.      576.   12.34 0.02   24
V705 Cas  2449912.      584.   12.31 0.03   16
V705 Cas  2449920.      592.   12.37 0.03   41
V705 Cas  2449928.      600.   12.40 0.03   44
V705 Cas  2449936.      608.   12.37 0.02   33
V705 Cas  2449944.      616.   12.41 0.02   38
V705 Cas  2449952.      624.   12.45 0.03   55
V705 Cas  2449960.      632.   12.44 0.03   44
V705 Cas  2449968.      640.   12.45 0.03   20
V705 Cas  2449976.      648.   12.46 0.03   36
V705 Cas  2449984.      656.   12.41 0.03   27
V705 Cas  2449992.      664.   12.46 0.03   31
V705 Cas  2450000.      672.   12.45 0.03   13
V705 Cas  2450012.      684.   12.49 0.02   84
V705 Cas  2450028.      700.   12.45 0.03   43
V705 Cas  2450044.      716.   12.51 0.04   50
V705 Cas  2450060.      732.   12.44 0.03   28
V705 Cas  2450076.      748.   12.45 0.03   39
V705 Cas  2450092.      764.   12.54 0.04   30
V705 Cas  2450108.      780.   12.54 0.04   33
V705 Cas  2450124.      796.   12.51 0.03   36
V705 Cas  2450140.      812.   12.50 0.03   32
V705 Cas  2450156.      828.   12.68 0.05   36
V705 Cas  2450172.      844.   12.47 0.06    7
V705 Cas  2450188.      860.   12.73 0.06   20
V705 Cas  2450204.      876.   12.63 0.08   16
V705 Cas  2450220.      892.   12.66 0.08   19
V705 Cas  2450236.      908.   12.55 0.09   19
V705 Cas  2450252.      924.   12.85 0.08   26
V705 Cas  2450268.      940.   13.29 0.05   24
V705 Cas  2450284.      956.   13.27 0.04   48
V705 Cas  2450300.      972.   13.53 0.02   24
V705 Cas  2450316.      988.   13.48 0.03   35
V705 Cas  2450332.     1004.   13.49 0.03   25
V705 Cas  2450348.     1020.   13.55 0.04   21
V705 Cas  2450364.     1036.   13.65 0.04   35
V705 Cas  2450380.     1052.   13.69 0.03   23
V705 Cas  2450396.     1068.   13.80 0.03   30
V705 Cas  2450412.     1084.   13.78 0.04   13
V705 Cas  2450428.     1100.   13.78 0.05   14
V705 Cas  2450444.     1116.   13.88 0.05   16
V705 Cas  2450460.     1132.   13.95 0.03   17
V705 Cas  2450476.     1148.   13.94 0.03   17
V705 Cas  2450492.     1164.   13.92 0.04   13
V705 Cas  2450516.     1188.   14.01 0.02   32
V705 Cas  2450548.     1220.   14.09 0.03   13
V705 Cas  2450580.     1252.   14.09 0.03   22
V705 Cas  2450612.     1284.   14.14 0.03   17
V705 Cas  2450644.     1316.   14.18 0.02   28
V705 Cas  2450676.     1348.   14.23 0.02   36
V705 Cas  2450708.     1380.   14.30 0.03   39
V705 Cas  2450740.     1412.   14.35 0.03   42
V705 Cas  2450772.     1444.   14.35 0.03   28
V705 Cas  2450804.     1476.   14.51 0.02   19
V705 Cas  2450836.     1508.   14.54 0.03   20
V705 Cas  2450868.     1540.   14.66 0.02   16
V705 Cas  2450900.     1572.   14.70 0.05    8
V705 Cas  2450932.     1604.   15.15 0.25    2
V705 Cas  2450964.     1636.   14.75 0.08    4
V705 Cas  2450996.     1668.   15.03 0.05    8
V705 Cas  2451044.     1716.   15.21 0.02   64
V705 Cas  2451108.     1780.   15.26 0.04   52
V705 Cas  2451172.     1844.   15.31 0.02   20
V705 Cas  2451236.     1908.   15.53 0.04   16
V705 Cas  2451364.     2036.   15.77 0.06   14
V705 Cas  2451428.     2100.   15.81 0.07   18
V705 Cas  2451492.     2164.   15.89 0.02   24
V705 Cas  2451556.     2228.   15.85 0.02   22
V705 Cas  2451620.     2292.   15.80 0.02   11
V705 Cas  2451684.     2356.   16.00 0.11    2
V705 Cas  2451812.     2484.   16.24 0.04   13
V705 Cas  2451876.     2548.   16.15 0.02   22
V705 Cas  2451940.     2612.   16.30 0.02   11
V705 Cas  2452068.     2740.   16.20 0.11    2
V705 Cas  2452260.     2932.   15.70 0.02   11
V705 Cas  2453636.     4308.   16.20 0.11    2
V705 Cas  2454020.     4692.   16.69 0.08   33
V705 Cas  2454148.     4820.   16.40 0.02   11
V705 Cas  2454276.     4948.   16.48 0.02   55
V705 Cas  2454404.     5076.   16.47 0.03  134
V705 Cas  2454532.     5204.   16.28 0.17   46
V705 Cas  2454660.     5332.   16.57 0.02   33
V723 Cas  2449956.25      0.25  9.28 0.11    4
V723 Cas  2449956.75      0.75  9.10 0.15    1
V723 Cas  2449957.25      1.25  9.08 0.07   13
V723 Cas  2449957.75      1.75  8.88 0.06    6
V723 Cas  2449958.25      2.25  9.05 0.05   13
V723 Cas  2449958.75      2.75  8.93 0.04   16
V723 Cas  2449959.25      3.25  8.92 0.03   17
V723 Cas  2449959.75      3.75  8.92 0.04   19
V723 Cas  2449960.25      4.25  8.95 0.06   12
V723 Cas  2449960.75      4.75  8.94 0.03   14
V723 Cas  2449961.25      5.25  8.88 0.03   13
V723 Cas  2449961.75      5.75  8.96 0.05    8
V723 Cas  2449962.25      6.25  9.02 0.05   19
V723 Cas  2449962.75      6.75  8.96 0.04   17
V723 Cas  2449963.25      7.25  9.02 0.05   16
V723 Cas  2449963.75      7.75  8.90 0.02   36
V723 Cas  2449964.25      8.25  8.99 0.04   14
V723 Cas  2449964.75      8.75  8.91 0.02   37
V723 Cas  2449965.25      9.25  8.94 0.06   16
V723 Cas  2449965.75      9.75  8.89 0.04   24
V723 Cas  2449966.25     10.25  8.87 0.05   11
V723 Cas  2449966.75     10.75  8.86 0.04   23
V723 Cas  2449967.25     11.25  8.97 0.05   12
V723 Cas  2449967.75     11.75  8.71 0.04   17
V723 Cas  2449968.25     12.25  8.88 0.06    6
V723 Cas  2449968.75     12.75  8.84 0.07    5
V723 Cas  2449969.25     13.25  8.90 0.05   12
V723 Cas  2449969.75     13.75  8.78 0.06    6
V723 Cas  2449970.5      14.5   8.79 0.03   31
V723 Cas  2449971.5      15.5   8.86 0.03   47
V723 Cas  2449972.5      16.5   8.84 0.03   41
V723 Cas  2449973.5      17.5   8.88 0.02   32
V723 Cas  2449974.5      18.5   8.84 0.04   21
V723 Cas  2449975.5      19.5   8.87 0.03   38
V723 Cas  2449976.5      20.5   8.85 0.03   42
V723 Cas  2449977.5      21.5   8.89 0.03   31
V723 Cas  2449978.5      22.5   9.01 0.03   40
V723 Cas  2449979.5      23.5   8.86 0.03   43
V723 Cas  2449980.5      24.5   8.88 0.03   22
V723 Cas  2449981.5      25.5   8.92 0.03   28
V723 Cas  2449982.5      26.5   8.89 0.03   26
V723 Cas  2449983.5      27.5   8.90 0.03   22
V723 Cas  2449984.5      28.5   8.90 0.03   37
V723 Cas  2449985.5      29.5   8.92 0.04   18
V723 Cas  2449986.5      30.5   8.87 0.05   15
V723 Cas  2449987.5      31.5   8.81 0.04   22
V723 Cas  2449988.5      32.5   8.80 0.03   47
V723 Cas  2449989.5      33.5   8.89 0.03   42
V723 Cas  2449990.5      34.5   8.89 0.02   50
V723 Cas  2449991.5      35.5   8.89 0.03   21
V723 Cas  2449992.5      36.5   8.93 0.02   41
V723 Cas  2449993.5      37.5   8.86 0.03   31
V723 Cas  2449994.5      38.5   8.84 0.05   16
V723 Cas  2449995.5      39.5   8.91 0.04   18
V723 Cas  2449996.5      40.5   8.87 0.04   22
V723 Cas  2449997.5      41.5   8.89 0.04   17
V723 Cas  2449998.5      42.5   8.82 0.05   19
V723 Cas  2449999.5      43.5   8.91 0.02   46
V723 Cas  2450000.5      44.5   8.95 0.02   48
V723 Cas  2450001.5      45.5   8.86 0.03   50
V723 Cas  2450002.5      46.5   8.89 0.03   57
V723 Cas  2450003.5      47.5   8.89 0.03   64
V723 Cas  2450004.5      48.5   8.89 0.03   56
V723 Cas  2450005.5      49.5   8.91 0.04   25
V723 Cas  2450006.5      50.5   8.89 0.02   58
V723 Cas  2450007.5      51.5   8.91 0.03   48
V723 Cas  2450008.5      52.5   8.88 0.03   50
V723 Cas  2450009.5      53.5   8.85 0.03   50
V723 Cas  2450010.5      54.5   8.80 0.03   45
V723 Cas  2450011.5      55.5   8.86 0.04   28
V723 Cas  2450012.5      56.5   8.93 0.03   55
V723 Cas  2450013.5      57.5   8.89 0.02   75
V723 Cas  2450014.5      58.5   8.86 0.03   64
V723 Cas  2450015.5      59.5   8.74 0.04   54
V723 Cas  2450016.5      60.5   8.76 0.03   38
V723 Cas  2450017.5      61.5   8.85 0.04   34
V723 Cas  2450018.5      62.5   8.88 0.04   22
V723 Cas  2450019.5      63.5   8.86 0.03   25
V723 Cas  2450020.5      64.5   8.88 0.05   28
V723 Cas  2450021.5      65.5   8.69 0.03   27
V723 Cas  2450022.5      66.5   8.68 0.05   11
V723 Cas  2450023.5      67.5   8.80 0.06   12
V723 Cas  2450024.5      68.5   8.63 0.07   16
V723 Cas  2450025.5      69.5   8.56 0.04   21
V723 Cas  2450026.5      70.5   8.52 0.02   48
V723 Cas  2450027.5      71.5   8.52 0.03   31
V723 Cas  2450028.5      72.5   8.50 0.04   12
V723 Cas  2450029.5      73.5   8.54 0.04   18
V723 Cas  2450030.5      74.5   8.52 0.03   21
V723 Cas  2450031.5      75.5   8.48 0.02   33
V723 Cas  2450032.5      76.5   8.49 0.04   13
V723 Cas  2450033.5      77.5   8.50 0.03   21
V723 Cas  2450034.5      78.5   8.49 0.02   48
V723 Cas  2450035.5      79.5   8.54 0.05   18
V723 Cas  2450036.5      80.5   8.48 0.06   11
V723 Cas  2450037.5      81.5   8.49 0.03   20
V723 Cas  2450038.5      82.5   8.49 0.03   28
V723 Cas  2450039.5      83.5   8.52 0.02   41
V723 Cas  2450040.5      84.5   8.55 0.03   33
V723 Cas  2450041.5      85.5   8.54 0.03   25
V723 Cas  2450042.5      86.5   8.53 0.03   40
V723 Cas  2450043.5      87.5   8.52 0.02   48
V723 Cas  2450044.5      88.5   8.53 0.02   44
V723 Cas  2450045.5      89.5   8.55 0.04   16
V723 Cas  2450046.5      90.5   8.40 0.03   52
V723 Cas  2450047.5      91.5   8.52 0.03   31
V723 Cas  2450048.5      92.5   8.52 0.03   27
V723 Cas  2450049.5      93.5   8.53 0.04   16
V723 Cas  2450050.5      94.5   8.48 0.04   18
V723 Cas  2450051.5      95.5   8.47 0.03   12
V723 Cas  2450052.5      96.5   8.53 0.02   26
V723 Cas  2450053.5      97.5   8.54 0.02   38
V723 Cas  2450054.5      98.5   8.52 0.02   26
V723 Cas  2450055.5      99.5   8.50 0.05    8
V723 Cas  2450056.5     100.5   8.55 0.02   27
V723 Cas  2450057.5     101.5   8.54 0.09    5
V723 Cas  2450058.5     102.5   8.37 0.06    6
V723 Cas  2450059.5     103.5   8.32 0.05   14
V723 Cas  2450060.5     104.5   8.40 0.05   20
V723 Cas  2450061.5     105.5   8.20 0.05   21
V723 Cas  2450062.5     106.5   8.19 0.04   41
V723 Cas  2450063.5     107.5   8.17 0.05   20
V723 Cas  2450064.5     108.5   8.09 0.04   24
V723 Cas  2450065.5     109.5   7.91 0.06   21
V723 Cas  2450066.5     110.5   7.53 0.06   17
V723 Cas  2450067.5     111.5   7.28 0.03   38
V723 Cas  2450068.5     112.5   7.16 0.03   31
V723 Cas  2450069.5     113.5   7.16 0.02   38
V723 Cas  2450070.5     114.5   7.20 0.05   12
V723 Cas  2450071.5     115.5   7.08 0.04   18
V723 Cas  2450072.5     116.5   7.77 0.05   35
V723 Cas  2450073.5     117.5   8.08 0.05   25
V723 Cas  2450074.5     118.5   8.28 0.04   18
V723 Cas  2450075.5     119.5   8.36 0.06   12
V723 Cas  2450076.5     120.5   8.48 0.04   22
V723 Cas  2450077.5     121.5   8.63 0.04   30
V723 Cas  2450078.5     122.5   8.73 0.03   38
V723 Cas  2450079.5     123.5   8.80 0.04   40
V723 Cas  2450080.5     124.5   8.80 0.02   68
V723 Cas  2450081.5     125.5   8.83 0.02   46
V723 Cas  2450082.5     126.5   8.88 0.03   28
V723 Cas  2450083.5     127.5   8.89 0.08    8
V723 Cas  2450084.5     128.5   8.93 0.04   13
V723 Cas  2450085.5     129.5   8.86 0.05   13
V723 Cas  2450086.5     130.5   8.90 0.05   16
V723 Cas  2450087.5     131.5   8.94 0.03   28
V723 Cas  2450088.5     132.5   9.09 0.03   41
V723 Cas  2450089.5     133.5   9.14 0.05   16
V723 Cas  2450090.5     134.5   9.22 0.04   24
V723 Cas  2450091.5     135.5   9.17 0.05   20
V723 Cas  2450092.5     136.5   9.20 0.07    6
V723 Cas  2450093.5     137.5   9.22 0.04   18
V723 Cas  2450094.5     138.5   9.23 0.05   19
V723 Cas  2450095.5     139.5   9.21 0.03   42
V723 Cas  2450096.5     140.5   9.19 0.03   47
V723 Cas  2450097.5     141.5   9.18 0.05   31
V723 Cas  2450098.5     142.5   9.31 0.03   39
V723 Cas  2450099.5     143.5   9.16 0.06   18
V723 Cas  2450100.5     144.5   9.37 0.04   18
V723 Cas  2450101.5     145.5   9.28 0.06   12
V723 Cas  2450102.5     146.5   9.32 0.08   14
V723 Cas  2450103.5     147.5   9.34 0.04   29
V723 Cas  2450104.5     148.5   9.38 0.04   28
V723 Cas  2450105.5     149.5   9.42 0.04   22
V723 Cas  2450106.5     150.5   9.41 0.04   17
V723 Cas  2450107.5     151.5   9.49 0.05   17
V723 Cas  2450108.5     152.5   9.46 0.03   34
V723 Cas  2450109.5     153.5   9.55 0.08    4
V723 Cas  2450110.5     154.5   9.58 0.03   26
V723 Cas  2450111.5     155.5   9.52 0.04   22
V723 Cas  2450112.5     156.5   9.48 0.05   17
V723 Cas  2450113.5     157.5   9.50 0.06   42
V723 Cas  2450114.5     158.5   9.34 0.03   41
V723 Cas  2450115.5     159.5   9.34 0.04   22
V723 Cas  2450116.5     160.5   9.35 0.06    6
V723 Cas  2450117.5     161.5   9.43 0.04   13
V723 Cas  2450118.5     162.5   9.20 0.04   27
V723 Cas  2450119.5     163.5   9.33 0.02   24
V723 Cas  2450120.5     164.5   9.37 0.03   39
V723 Cas  2450121.5     165.5   9.28 0.06   10
V723 Cas  2450122.5     166.5   9.31 0.04   11
V723 Cas  2450123.5     167.5   9.28 0.03   21
V723 Cas  2450124.5     168.5   9.26 0.05   19
V723 Cas  2450125.5     169.5   9.05 0.06   11
V723 Cas  2450126.5     170.5   9.02 0.06   16
V723 Cas  2450127.5     171.5   8.88 0.04   26
V723 Cas  2450128.5     172.5   8.83 0.06   16
V723 Cas  2450129.5     173.5   8.53 0.06   18
V723 Cas  2450130.5     174.5   8.20 0.05   14
V723 Cas  2450131.5     175.5   8.27 0.05   23
V723 Cas  2450132.5     176.5   8.61 0.06   29
V723 Cas  2450133.5     177.5   8.69 0.03   30
V723 Cas  2450134.5     178.5   8.56 0.05   12
V723 Cas  2450135.5     179.5   8.29 0.05   13
V723 Cas  2450136.5     180.5   8.59 0.03   12
V723 Cas  2450137.5     181.5   8.62 0.04   30
V723 Cas  2450138.5     182.5   8.41 0.04   35
V723 Cas  2450139.5     183.5   8.55 0.04   28
V723 Cas  2450140.5     184.5   8.61 0.03   48
V723 Cas  2450141.5     185.5   8.75 0.04   23
V723 Cas  2450142.5     186.5   8.96 0.05   22
V723 Cas  2450143.5     187.5   8.85 0.03   34
V723 Cas  2450144.5     188.5   9.00 0.04   31
V723 Cas  2450145.5     189.5   9.09 0.05   19
V723 Cas  2450146.5     190.5   9.09 0.03   37
V723 Cas  2450147.5     191.5   9.13 0.04   23
V723 Cas  2450148.5     192.5   9.23 0.06    7
V723 Cas  2450149.5     193.5   9.24 0.05   11
V723 Cas  2450150.5     194.5   9.18 0.03   36
V723 Cas  2450151.5     195.5   9.21 0.03   32
V723 Cas  2450152.5     196.5   9.17 0.03   51
V723 Cas  2450153.5     197.5   9.01 0.03   47
V723 Cas  2450154.5     198.5   8.96 0.04   39
V723 Cas  2450155.5     199.5   9.12 0.04   30
V723 Cas  2450156.5     200.5   9.14 0.04   17
V723 Cas  2450157.5     201.5   9.10 0.05   17
V723 Cas  2450158.5     202.5   9.12 0.04   26
V723 Cas  2450159.5     203.5   9.11 0.03   33
V723 Cas  2450160.5     204.5   8.99 0.03   23
V723 Cas  2450161.5     205.5   9.01 0.06   18
V723 Cas  2450162.5     206.5   9.16 0.05   19
V723 Cas  2450163.5     207.5   9.27 0.04   17
V723 Cas  2450164.5     208.5   9.19 0.07    7
V723 Cas  2450165.5     209.5   9.08 0.05   12
V723 Cas  2450166.5     210.5   9.09 0.06   16
V723 Cas  2450167.5     211.5   9.16 0.05   10
V723 Cas  2450168.5     212.5   9.30 0.07    8
V723 Cas  2450169.5     213.5   9.15 0.05   15
V723 Cas  2450170.5     214.5   9.05 0.04   26
V723 Cas  2450171.5     215.5   9.05 0.05    8
V723 Cas  2450172.5     216.5   9.08 0.03   19
V723 Cas  2450173.5     217.5   9.17 0.07   11
V723 Cas  2450174.5     218.5   9.13 0.06   11
V723 Cas  2450175.5     219.5   8.97 0.06   12
V723 Cas  2450176.5     220.5   9.19 0.10    7
V723 Cas  2450177.5     221.5   9.23 0.08    4
V723 Cas  2450178.5     222.5   9.26 0.07    5
V723 Cas  2450179.5     223.5   9.27 0.05    9
V723 Cas  2450180.5     224.5   9.33 0.03   21
V723 Cas  2450181.5     225.5   9.30 0.05   19
V723 Cas  2450182.5     226.5   9.27 0.05    9
V723 Cas  2450183.5     227.5   9.09 0.06   12
V723 Cas  2450184.5     228.5   8.73 0.08    9
V723 Cas  2450185.5     229.5   8.38 0.11    5
V723 Cas  2450186.5     230.5   8.47 0.06    7
V723 Cas  2450187.5     231.5   8.66 0.06   14
V723 Cas  2450188.5     232.5   8.59 0.06   17
V723 Cas  2450189.5     233.5   8.76 0.05   17
V723 Cas  2450190.5     234.5   8.82 0.03   22
V723 Cas  2450191.5     235.5   8.85 0.04   19
V723 Cas  2450192.5     236.5   8.86 0.07   10
V723 Cas  2450193.5     237.5   8.94 0.07   10
V723 Cas  2450194.5     238.5   9.13 0.05   18
V723 Cas  2450195.5     239.5   9.19 0.04   19
V723 Cas  2450196.5     240.5   9.04 0.04   16
V723 Cas  2450197.5     241.5   9.13 0.06    7
V723 Cas  2450198.5     242.5   9.14 0.05    9
V723 Cas  2450199.5     243.5   9.26 0.07    8
V723 Cas  2450200.5     244.5   9.30 0.08    8
V723 Cas  2450201.5     245.5   9.25 0.05   10
V723 Cas  2450202.5     246.5   9.50 0.11    2
V723 Cas  2450203.5     247.5   9.40 0.15    1
V723 Cas  2450204.5     248.5   9.70 0.15    1
V723 Cas  2450205.5     249.5   9.60 0.09    3
V723 Cas  2450207.      251.    9.40 0.15    1
V723 Cas  2450209.      253.    9.58 0.04   13
V723 Cas  2450211.      255.    9.67 0.04   10
V723 Cas  2450213.      257.    9.55 0.18    2
V723 Cas  2450215.      259.    9.53 0.09    3
V723 Cas  2450217.      261.    9.64 0.05   12
V723 Cas  2450219.      263.    9.50 0.07    5
V723 Cas  2450221.      265.    9.62 0.05   10
V723 Cas  2450223.      267.    9.67 0.05   12
V723 Cas  2450225.      269.    9.75 0.03   17
V723 Cas  2450227.      271.    9.69 0.05    8
V723 Cas  2450229.      273.    9.74 0.04   12
V723 Cas  2450231.      275.    9.73 0.08    4
V723 Cas  2450233.      277.    9.82 0.05   16
V723 Cas  2450235.      279.    9.98 0.03   22
V723 Cas  2450237.      281.    9.89 0.05   14
V723 Cas  2450239.      283.    9.78 0.05    9
V723 Cas  2450241.      285.    9.94 0.03   37
V723 Cas  2450243.      287.    9.82 0.04   24
V723 Cas  2450245.      289.    9.86 0.04   14
V723 Cas  2450247.      291.    9.88 0.08   15
V723 Cas  2450249.      293.   10.00 0.03   53
V723 Cas  2450251.      295.    9.93 0.04   28
V723 Cas  2450253.      297.    9.99 0.05   11
V723 Cas  2450255.      299.   10.01 0.05    9
V723 Cas  2450257.      301.   10.07 0.07    6
V723 Cas  2450259.      303.   10.15 0.06    6
V723 Cas  2450261.      305.   10.18 0.02   25
V723 Cas  2450263.      307.    9.98 0.06   11
V723 Cas  2450265.      309.   10.00 0.06    9
V723 Cas  2450267.      311.    9.90 0.05   11
V723 Cas  2450269.      313.    9.96 0.04   21
V723 Cas  2450271.      315.    9.97 0.04   23
V723 Cas  2450273.      317.    9.96 0.07   12
V723 Cas  2450275.      319.    9.95 0.03   42
V723 Cas  2450277.      321.    9.87 0.05   22
V723 Cas  2450279.      323.   10.05 0.04   35
V723 Cas  2450281.      325.    9.88 0.03   38
V723 Cas  2450283.      327.    9.81 0.03   40
V723 Cas  2450285.      329.   10.06 0.03   55
V723 Cas  2450287.      331.   10.05 0.04   41
V723 Cas  2450289.      333.    9.89 0.05   17
V723 Cas  2450291.      335.    9.96 0.03   22
V723 Cas  2450293.      337.    9.86 0.07   14
V723 Cas  2450295.      339.    9.48 0.03   16
V723 Cas  2450297.      341.    9.81 0.03   32
V723 Cas  2450299.      343.    9.79 0.03   29
V723 Cas  2450301.      345.    9.40 0.05   49
V723 Cas  2450303.      347.    9.02 0.03   41
V723 Cas  2450305.      349.    9.59 0.03   45
V723 Cas  2450307.      351.    9.57 0.04   48
V723 Cas  2450309.      353.    8.87 0.04   38
V723 Cas  2450311.      355.    8.94 0.04   38
V723 Cas  2450313.      357.    9.24 0.05   59
V723 Cas  2450315.      359.    9.64 0.03   81
V723 Cas  2450317.      361.    9.60 0.02   60
V723 Cas  2450319.      363.    9.61 0.02   43
V723 Cas  2450321.      365.    9.24 0.04   48
V723 Cas  2450323.      367.    8.65 0.05   42
V723 Cas  2450325.      369.    9.04 0.03   44
V723 Cas  2450327.      371.    9.02 0.03   43
V723 Cas  2450329.      373.    9.01 0.03   52
V723 Cas  2450331.      375.    8.93 0.03   52
V723 Cas  2450333.      377.    8.89 0.03   59
V723 Cas  2450335.      379.    8.82 0.03   57
V723 Cas  2450337.      381.    9.14 0.03   56
V723 Cas  2450339.      383.    9.34 0.04   22
V723 Cas  2450341.      385.    9.39 0.03   55
V723 Cas  2450343.      387.    9.42 0.03   44
V723 Cas  2450345.      389.    9.78 0.03   56
V723 Cas  2450347.      391.    9.85 0.03   68
V723 Cas  2450349.      393.    9.55 0.03   29
V723 Cas  2450354.      398.    9.98 0.02  136
V723 Cas  2450362.      406.    9.98 0.02  248
V723 Cas  2450370.      414.   10.02 0.02  248
V723 Cas  2450378.      422.   10.21 0.02  186
V723 Cas  2450386.      430.   10.39 0.02  159
V723 Cas  2450394.      438.   10.41 0.02  194
V723 Cas  2450402.      446.   10.48 0.02  186
V723 Cas  2450410.      454.   10.52 0.02   78
V723 Cas  2450418.      462.   10.52 0.02  154
V723 Cas  2450426.      470.   10.55 0.02   93
V723 Cas  2450434.      478.   10.48 0.02   79
V723 Cas  2450442.      486.   10.60 0.02  118
V723 Cas  2450450.      494.   10.53 0.02   85
V723 Cas  2450458.      502.   10.60 0.02  161
V723 Cas  2450466.      510.   10.56 0.02  163
V723 Cas  2450474.      518.   10.56 0.02  107
V723 Cas  2450482.      526.   10.63 0.02  118
V723 Cas  2450490.      534.   10.64 0.02  140
V723 Cas  2450498.      542.   10.65 0.02  104
V723 Cas  2450510.      554.   10.69 0.02  311
V723 Cas  2450526.      570.   10.86 0.02  186
V723 Cas  2450542.      586.   10.82 0.03  121
V723 Cas  2450558.      602.   10.86 0.02   47
V723 Cas  2450574.      618.   11.11 0.03   62
V723 Cas  2450590.      634.   11.33 0.02  104
V723 Cas  2450606.      650.   11.34 0.03  117
V723 Cas  2450622.      666.   11.69 0.02  170
V723 Cas  2450638.      682.   11.83 0.02  159
V723 Cas  2450654.      698.   11.70 0.02  153
V723 Cas  2450670.      714.   11.40 0.02  231
V723 Cas  2450686.      730.   11.68 0.02  173
V723 Cas  2450702.      746.   11.77 0.02  158
V723 Cas  2450718.      762.   11.72 0.02  220
V723 Cas  2450734.      778.   11.89 0.02  178
V723 Cas  2450750.      794.   11.88 0.02  201
V723 Cas  2450766.      810.   11.87 0.02  103
V723 Cas  2450782.      826.   11.89 0.02   90
V723 Cas  2450798.      842.   12.02 0.02  114
V723 Cas  2450814.      858.   11.96 0.03   95
V723 Cas  2450830.      874.   12.17 0.03  112
V723 Cas  2450846.      890.   12.28 0.02  167
V723 Cas  2450862.      906.   12.26 0.03   99
V723 Cas  2450878.      922.   12.19 0.02   79
V723 Cas  2450894.      938.   12.26 0.02  115
V723 Cas  2450910.      954.   12.29 0.02   71
V723 Cas  2450926.      970.   12.17 0.05   29
V723 Cas  2450942.      986.   12.18 0.03   47
V723 Cas  2450958.     1002.   12.32 0.02   98
V723 Cas  2450974.     1018.   12.30 0.03   58
V723 Cas  2450990.     1034.   12.34 0.05   32
V723 Cas  2451006.     1050.   12.55 0.03   60
V723 Cas  2451030.     1074.   12.45 0.02  178
V723 Cas  2451062.     1106.   12.59 0.02  186
V723 Cas  2451094.     1138.   12.66 0.02  215
V723 Cas  2451126.     1170.   12.81 0.02  220
V723 Cas  2451158.     1202.   12.95 0.02  226
V723 Cas  2451190.     1234.   12.82 0.02   92
V723 Cas  2451222.     1266.   12.94 0.02  155
V723 Cas  2451254.     1298.   13.03 0.02  109
V723 Cas  2451286.     1330.   13.01 0.03   77
V723 Cas  2451318.     1362.   13.43 0.02   77
V723 Cas  2451350.     1394.   13.26 0.02   99
V723 Cas  2451382.     1426.   13.34 0.02  100
V723 Cas  2451414.     1458.   13.42 0.02   90
V723 Cas  2451446.     1490.   13.38 0.02  113
V723 Cas  2451478.     1522.   13.41 0.02  128
V723 Cas  2451510.     1554.   13.51 0.02   82
V723 Cas  2451542.     1586.   13.52 0.03   55
V723 Cas  2451574.     1618.   13.65 0.02  106
V723 Cas  2451606.     1650.   13.61 0.02   70
V723 Cas  2451638.     1682.   13.71 0.06   19
V723 Cas  2451670.     1714.   13.84 0.05   21
V723 Cas  2451702.     1746.   13.95 0.03   39
V723 Cas  2451734.     1778.   13.92 0.02   45
V723 Cas  2451766.     1810.   14.04 0.02   49
V723 Cas  2451798.     1842.   14.10 0.02   66
V723 Cas  2451830.     1874.   14.16 0.02   67
V723 Cas  2451862.     1906.   14.06 0.03   45
V723 Cas  2451894.     1938.   14.01 0.03   35
V723 Cas  2451926.     1970.   14.07 0.03   37
V723 Cas  2451958.     2002.   14.09 0.02   28
V723 Cas  2451990.     2034.   14.10 0.02   22
V723 Cas  2452038.     2082.   14.23 0.05    9
V723 Cas  2452102.     2146.   14.28 0.02   41
V723 Cas  2452166.     2210.   14.34 0.02   44
V723 Cas  2452230.     2274.   14.32 0.03   45
V723 Cas  2452294.     2338.   14.35 0.02   53
V723 Cas  2452358.     2402.   14.45 0.02   14
V723 Cas  2452422.     2466.   14.67 0.09    3
V723 Cas  2452486.     2530.   14.66 0.02   12
V723 Cas  2452550.     2594.   14.67 0.03   26
V723 Cas  2452614.     2658.   14.53 0.04   24
V723 Cas  2452678.     2722.   14.51 0.02   22
V723 Cas  2452806.     2850.   14.88 0.06    6
V723 Cas  2452870.     2914.   14.97 0.06   41
V723 Cas  2452934.     2978.   15.25 0.05   52
V723 Cas  2452998.     3042.   14.76 0.04   48
V723 Cas  2453062.     3106.   15.25 0.02   82
V723 Cas  2453126.     3170.   15.10 0.15    1
V723 Cas  2453190.     3234.   14.93 0.05   34
V723 Cas  2453254.     3298.   15.18 0.04  154
V723 Cas  2453318.     3362.   14.94 0.04   97
V723 Cas  2453382.     3426.   14.73 0.03   64
V723 Cas  2453446.     3490.   14.84 0.05    9
V842 Cen  2446757.25      0.25  5.60 0.15    1
V842 Cen  2446758.25      1.25  5.25 0.11    2
V842 Cen  2446759.75      2.75  4.90 0.08    4
V842 Cen  2446760.75      3.75  5.10 0.15    1
V842 Cen  2446765.75      8.75  5.00 0.15    1
V842 Cen  2446768.75     11.75  5.20 0.15    1
V842 Cen  2446769.75     12.75  5.10 0.15    1
V842 Cen  2446772.75     15.75  5.10 0.15    1
V842 Cen  2446773.75     16.75  5.50 0.15    1
V842 Cen  2446774.75     17.75  5.75 0.11    2
V842 Cen  2446775.75     18.75  5.40 0.21    2
V842 Cen  2446776.75     19.75  5.50 0.15    1
V842 Cen  2446777.75     20.75  5.50 0.15    1
V842 Cen  2446779.75     22.75  5.95 0.11    2
V842 Cen  2446782.75     25.75  6.10 0.15    1
V842 Cen  2446784.75     27.75  6.05 0.11    2
V842 Cen  2446787.75     30.75  6.15 0.18    2
V842 Cen  2446788.75     31.75  6.30 0.15    1
V842 Cen  2446789.25     32.25  7.50 0.15    1
V842 Cen  2446791.75     34.75  7.20 0.15    1
V842 Cen  2446795.75     38.75  7.50 0.15    1
V842 Cen  2446796.25     39.25  7.00 0.15    1
V842 Cen  2446798.75     41.75  7.15 0.32    2
V842 Cen  2446799.75     42.75  6.70 0.15    1
V842 Cen  2446801.75     44.75  7.23 0.28    3
V842 Cen  2446802.75     45.75  6.60 0.15    1
V842 Cen  2446803.75     46.75  7.10 0.22    3
V842 Cen  2446804.25     47.25  7.20 0.15    1
V842 Cen  2446810.25     53.25  9.30 0.15    1
V842 Cen  2446821.75     64.75 11.70 0.15    1
V842 Cen  2446822.25     65.25 11.70 0.15    1
V842 Cen  2446826.25     69.25 13.80 0.15    1
V842 Cen  2446827.25     70.25 14.00 0.15    1
V842 Cen  2446842.25     85.25 13.50 0.15    1
V842 Cen  2446887.75    130.75 12.50 0.15    1
V842 Cen  2446889.75    132.75 11.30 0.15    1
V842 Cen  2446891.25    134.25 11.50 0.15    1
V842 Cen  2446891.75    134.75 11.80 0.15    1
V842 Cen  2446893.75    136.75 11.30 0.15    1
V842 Cen  2446895.75    138.75 11.40 0.11    2
V842 Cen  2446896.75    139.75 11.40 0.11    2
V842 Cen  2446897.25    140.25 11.40 0.15    1
V842 Cen  2446898.25    141.25 11.30 0.15    1
V842 Cen  2446904.      147.   11.34 0.03   10
V842 Cen  2446912.      155.   11.28 0.05   10
V842 Cen  2446920.      163.   11.17 0.09    3
V842 Cen  2446928.      171.   11.23 0.05    9
V842 Cen  2446936.      179.   11.13 0.09    3
V842 Cen  2446944.      187.   11.24 0.05    9
V842 Cen  2446952.      195.   11.19 0.05    9
V842 Cen  2446960.      203.   11.12 0.07    5
V842 Cen  2446968.      211.   11.06 0.07    5
V842 Cen  2446976.      219.   11.12 0.07    5
V842 Cen  2446984.      227.   11.14 0.06    8
V842 Cen  2446992.      235.   11.25 0.05   12
V842 Cen  2447000.      243.   11.29 0.06    8
V842 Cen  2447008.      251.   11.20 0.06   13
V842 Cen  2447016.      259.   11.33 0.05   11
V842 Cen  2447024.      267.   11.23 0.05   15
V842 Cen  2447032.      275.   11.10 0.08    4
V842 Cen  2447048.      291.   11.28 0.06    6
V842 Cen  2447056.      299.   11.33 0.04   16
V842 Cen  2447064.      307.   11.35 0.03   11
V842 Cen  2447072.      315.   11.39 0.07    7
V842 Cen  2447080.      323.   11.25 0.05   10
V842 Cen  2447088.      331.   11.32 0.06    9
V842 Cen  2447096.      339.   11.12 0.07    5
V842 Cen  2447104.      347.   11.35 0.11    2
V842 Cen  2447112.      355.   11.37 0.09    3
V842 Cen  2447120.      363.   11.30 0.15    1
V842 Cen  2447128.      371.   11.40 0.06    6
V842 Cen  2447136.      379.   11.30 0.11    2
V842 Cen  2447144.      387.   11.45 0.11    2
V842 Cen  2447152.      395.   11.25 0.11    2
V842 Cen  2447160.      403.   11.36 0.05    8
V842 Cen  2447168.      411.   11.43 0.09    3
V842 Cen  2447176.      419.   11.33 0.09    3
V842 Cen  2447184.      427.   11.33 0.03   10
V842 Cen  2447192.      435.   11.30 0.06    6
V842 Cen  2447200.      443.   11.35 0.06    6
V842 Cen  2447208.      451.   11.31 0.02   12
V842 Cen  2447216.      459.   11.34 0.02   11
V842 Cen  2447224.      467.   11.36 0.05    8
V842 Cen  2447232.      475.   11.36 0.06    7
V842 Cen  2447240.      483.   11.34 0.05    8
V842 Cen  2447248.      491.   11.34 0.02   14
V842 Cen  2447256.      499.   11.37 0.06    7
V842 Cen  2447264.      507.   11.40 0.02   13
V842 Cen  2447272.      515.   11.39 0.02   14
V842 Cen  2447280.      523.   11.43 0.02   10
V842 Cen  2447288.      531.   11.40 0.05    8
V842 Cen  2447296.      539.   11.38 0.08    4
V842 Cen  2447304.      547.   11.48 0.05    9
V842 Cen  2447312.      555.   11.43 0.05    8
V842 Cen  2447320.      563.   11.44 0.06    7
V842 Cen  2447328.      571.   11.45 0.05    8
V842 Cen  2447336.      579.   11.57 0.05    9
V842 Cen  2447344.      587.   11.68 0.05    9
V842 Cen  2447352.      595.   11.66 0.05    8
V842 Cen  2447364.      607.   11.63 0.07    6
V842 Cen  2447380.      623.   11.76 0.04   17
V842 Cen  2447396.      639.   11.65 0.06   10
V842 Cen  2447412.      655.   11.66 0.03   13
V842 Cen  2447428.      671.   11.91 0.05    9
V842 Cen  2447444.      687.   11.91 0.06    7
V842 Cen  2447460.      703.   12.00 0.11    2
V842 Cen  2447476.      719.   12.02 0.09    5
V842 Cen  2447508.      751.   12.27 0.07   12
V842 Cen  2447524.      767.   11.87 0.09    3
V842 Cen  2447540.      783.   12.23 0.08    7
V842 Cen  2447556.      799.   12.32 0.03   12
V842 Cen  2447572.      815.   12.34 0.03   11
V842 Cen  2447588.      831.   12.47 0.05   16
V842 Cen  2447604.      847.   12.34 0.06    9
V842 Cen  2447620.      863.   12.54 0.07   18
V842 Cen  2447636.      879.   12.48 0.04   10
V842 Cen  2447652.      895.   12.50 0.07    6
V842 Cen  2447668.      911.   12.55 0.06    6
V842 Cen  2447684.      927.   12.50 0.09    3
V842 Cen  2447700.      943.   12.50 0.06    7
V842 Cen  2447716.      959.   12.49 0.06    7
V842 Cen  2447732.      975.   12.76 0.07    5
V842 Cen  2447748.      991.   12.53 0.14    3
V842 Cen  2447764.     1007.   12.70 0.09    4
V842 Cen  2447780.     1023.   12.60 0.15    1
V842 Cen  2447796.     1039.   13.20 0.15    1
V842 Cen  2447892.     1135.   13.00 0.15    1
V842 Cen  2447924.     1167.   13.70 0.15    1
V842 Cen  2447940.     1183.   13.20 0.15    1
V842 Cen  2447956.     1199.   13.43 0.10    4
V842 Cen  2447972.     1215.   13.60 0.10    3
V842 Cen  2447988.     1231.   14.05 0.32    2
V842 Cen  2448004.     1247.   14.40 0.26    3
V842 Cen  2448020.     1263.   14.05 0.32    2
V842 Cen  2448068.     1311.   13.60 0.15    1
V842 Cen  2448372.     1615.   14.20 0.15    1
V868 Cen  2448350.5       0.5  10.50 0.15    1
V868 Cen  2448352.5       2.5  11.23 0.23    3
V868 Cen  2448353.5       3.5  12.00 0.15    1
V868 Cen  2448356.5       6.5  12.65 0.11    2
V868 Cen  2448357.5       7.5  11.80 0.14    2
V868 Cen  2448358.5       8.5  12.05 0.11    2
V868 Cen  2448359.5       9.5  12.00 0.15    1
V868 Cen  2448360.5      10.5  11.80 0.15    1
V868 Cen  2448361.5      11.5  11.42 0.20    5
V868 Cen  2448362.5      12.5  11.10 0.15    1
V868 Cen  2448363.5      13.5  11.80 0.15    1
V868 Cen  2448364.5      14.5  11.30 0.14    2
V868 Cen  2448365.5      15.5  11.15 0.25    2
V868 Cen  2448366.5      16.5  10.70 0.11    2
V868 Cen  2448367.5      17.5  10.90 0.17    3
V868 Cen  2448368.5      18.5  10.80 0.15    1
V868 Cen  2448371.5      21.5  10.73 0.20    3
V868 Cen  2448372.5      22.5  10.43 0.10    3
V868 Cen  2448373.5      23.5  10.55 0.11    4
V868 Cen  2448374.5      24.5  10.70 0.11    2
V868 Cen  2448375.5      25.5  10.50 0.15    1
V868 Cen  2448376.5      26.5  10.55 0.18    4
V868 Cen  2448377.5      27.5  10.45 0.13    4
V868 Cen  2448378.5      28.5  10.55 0.12    6
V868 Cen  2448379.5      29.5  10.65 0.11    2
V868 Cen  2448380.5      30.5  10.93 0.19    3
V868 Cen  2448381.5      31.5  10.95 0.32    2
V868 Cen  2448382.5      32.5  11.04 0.20    5
V868 Cen  2448383.5      33.5  11.15 0.18    2
V868 Cen  2448384.5      34.5  11.50 0.15    1
V868 Cen  2448385.5      35.5  12.02 0.17    6
V868 Cen  2448386.5      36.5  11.93 0.19    4
V868 Cen  2448387.5      37.5  11.95 0.11    2
V868 Cen  2448388.5      38.5  12.00 0.08    4
V868 Cen  2448389.5      39.5  12.33 0.18    3
V868 Cen  2448390.5      40.5  12.24 0.08    5
V868 Cen  2448391.5      41.5  11.85 0.11    2
V868 Cen  2448392.5      42.5  12.43 0.28    4
V868 Cen  2448393.5      43.5  12.15 0.25    2
V868 Cen  2448394.5      44.5  11.85 0.11    2
V868 Cen  2448395.5      45.5  11.18 0.12    5
V868 Cen  2448396.5      46.5  11.10 0.15    6
V868 Cen  2448397.5      47.5  11.21 0.15    7
V868 Cen  2448398.5      48.5  11.30 0.13    4
V868 Cen  2448399.5      49.5  11.10 0.11    2
V868 Cen  2448400.5      50.5  11.53 0.08    4
V868 Cen  2448401.5      51.5  12.15 0.11    2
V868 Cen  2448402.5      52.5  11.70 0.11    2
V868 Cen  2448403.5      53.5  11.50 0.15    1
V868 Cen  2448404.5      54.5  11.83 0.14    3
V868 Cen  2448405.5      55.5  11.40 0.12    4
V868 Cen  2448406.5      56.5  11.70 0.11    2
V868 Cen  2448407.5      57.5  12.02 0.07    5
V868 Cen  2448408.5      58.5  12.13 0.08    4
V868 Cen  2448409.5      59.5  12.44 0.09    5
V868 Cen  2448410.5      60.5  12.36 0.13    5
V868 Cen  2448411.5      61.5  12.48 0.11    4
V868 Cen  2448412.5      62.5  12.45 0.18    2
V868 Cen  2448413.5      63.5  12.46 0.14    5
V868 Cen  2448414.5      64.5  12.25 0.10    6
V868 Cen  2448415.5      65.5  12.47 0.11    3
V868 Cen  2448416.5      66.5  12.45 0.17    4
V868 Cen  2448417.5      67.5  11.97 0.09    3
V868 Cen  2448418.5      68.5  12.58 0.13    6
V868 Cen  2448419.5      69.5  12.72 0.08    6
V868 Cen  2448420.5      70.5  12.88 0.07    5
V868 Cen  2448421.5      71.5  12.95 0.13    4
V868 Cen  2448422.5      72.5  11.75 0.11    2
V868 Cen  2448423.5      73.5  11.60 0.18    5
V868 Cen  2448424.5      74.5  12.00 0.11    2
V868 Cen  2448426.5      76.5  11.42 0.07    5
V868 Cen  2448427.5      77.5  11.53 0.11    3
V868 Cen  2448428.5      78.5  11.46 0.07    5
V868 Cen  2448429.5      79.5  11.25 0.11    4
V868 Cen  2448430.5      80.5  11.43 0.14    3
V868 Cen  2448431.5      81.5  11.77 0.09    3
V868 Cen  2448432.5      82.5  11.93 0.08    4
V868 Cen  2448433.5      83.5  12.40 0.11    2
V868 Cen  2448434.5      84.5  13.20 0.11    2
V868 Cen  2448436.5      86.5  13.50 0.35    2
V868 Cen  2448437.5      87.5  13.45 0.25    2
V868 Cen  2448438.5      88.5  14.00 0.15    1
V868 Cen  2448439.5      89.5  13.55 0.18    2
V868 Cen  2448441.       91.   13.60 0.15    1
V868 Cen  2448443.       93.   13.70 0.15    4
V868 Cen  2448445.       95.   13.84 0.07    5
V868 Cen  2448447.       97.   13.60 0.09    3
V868 Cen  2448451.      101.   13.90 0.16    3
V868 Cen  2448453.      103.   13.80 0.11    2
V868 Cen  2448455.      105.   13.43 0.19    3
V868 Cen  2448465.      115.   13.70 0.15    1
V868 Cen  2448467.      117.   13.45 0.25    2
V868 Cen  2448469.      119.   13.70 0.12    3
V868 Cen  2448471.      121.   13.63 0.14    3
V868 Cen  2448473.      123.   13.55 0.16    4
V868 Cen  2448477.      127.   13.43 0.23    3
V868 Cen  2448479.      129.   13.30 0.21    2
V868 Cen  2448481.      131.   13.70 0.35    2
V868 Cen  2448483.      133.   14.00 0.21    2
V868 Cen  2448485.      135.   14.40 0.15    1
V868 Cen  2448497.      147.   14.00 0.15    1
V868 Cen  2448499.      149.   14.40 0.15    1
V868 Cen  2448503.      153.   14.20 0.15    1
V868 Cen  2448505.      155.   14.40 0.15    1
V868 Cen  2448507.      157.   14.40 0.15    1
V868 Cen  2448509.      159.   14.20 0.15    1
V868 Cen  2448513.      163.   14.40 0.15    1
V868 Cen  2448630.      280.   14.50 0.15    1
V868 Cen  2448638.      288.   14.40 0.15    1
V868 Cen  2448654.      304.   14.20 0.15    1
V868 Cen  2448662.      312.   14.40 0.15    1
V868 Cen  2448686.      336.   14.40 0.15    1
V868 Cen  2448710.      360.   14.00 0.15    1
V868 Cen  2448718.      368.   14.55 0.11    2
V868 Cen  2448726.      376.   14.00 0.15    1
V868 Cen  2448742.      392.   14.30 0.15    1
V868 Cen  2448750.      400.   14.70 0.15    1
V868 Cen  2448766.      416.   14.60 0.15    1
V868 Cen  2448774.      424.   14.60 0.14    2
V868 Cen  2448798.      448.   14.50 0.15    1
V868 Cen  2448806.      456.   14.60 0.15    1
V888 Cen  2449772.75      0.75  7.70 0.15    1
V888 Cen  2449773.75      1.75  8.00 0.15    1
V888 Cen  2449774.25      2.25  8.50 0.15    1
V888 Cen  2449774.75      2.75  8.20 0.15    1
V888 Cen  2449775.25      3.25  8.50 0.15    1
V888 Cen  2449775.75      3.75  8.50 0.15    1
V888 Cen  2449776.25      4.25  9.10 0.15    1
V888 Cen  2449776.75      4.75  9.10 0.09    3
V888 Cen  2449777.25      5.25  9.27 0.12    3
V888 Cen  2449777.75      5.75  9.16 0.15    5
V888 Cen  2449778.75      6.75  9.20 0.14    2
V888 Cen  2449779.25      7.25  8.50 0.15    1
V888 Cen  2449779.75      7.75  8.83 0.09    3
V888 Cen  2449780.5       8.5   9.10 0.11    5
V888 Cen  2449781.5       9.5   9.53 0.11    6
V888 Cen  2449782.5      10.5   9.84 0.08    5
V888 Cen  2449783.5      11.5   9.72 0.07    6
V888 Cen  2449784.5      12.5   9.35 0.08    4
V888 Cen  2449785.5      13.5   9.05 0.25    2
V888 Cen  2449786.5      14.5   9.30 0.14    2
V888 Cen  2449787.5      15.5   9.64 0.14    5
V888 Cen  2449788.5      16.5   9.70 0.14    3
V888 Cen  2449789.5      17.5  10.10 0.10    5
V888 Cen  2449790.5      18.5  10.20 0.11    2
V888 Cen  2449791.5      19.5  10.03 0.09    3
V888 Cen  2449792.5      20.5  10.16 0.14    7
V888 Cen  2449793.5      21.5  10.25 0.06    6
V888 Cen  2449794.5      22.5  10.30 0.09    3
V888 Cen  2449795.5      23.5  10.10 0.12    3
V888 Cen  2449796.5      24.5  10.30 0.15    1
V888 Cen  2449797.5      25.5   9.67 0.19    3
V888 Cen  2449798.5      26.5   9.43 0.10    3
V888 Cen  2449799.5      27.5   9.45 0.11    2
V888 Cen  2449800.5      28.5  10.05 0.11    2
V888 Cen  2449801.5      29.5  10.23 0.08    4
V888 Cen  2449802.5      30.5  10.10 0.15    1
V888 Cen  2449804.5      32.5  10.40 0.11    2
V888 Cen  2449806.5      34.5  10.40 0.15    1
V888 Cen  2449807.5      35.5  10.60 0.11    2
V888 Cen  2449808.5      36.5  10.67 0.10    3
V888 Cen  2449809.5      37.5  10.55 0.11    2
V888 Cen  2449810.5      38.5  10.68 0.19    5
V888 Cen  2449811.5      39.5  11.00 0.11    2
V888 Cen  2449812.5      40.5   9.81 0.02   10
V888 Cen  2449813.5      41.5  10.10 0.02   22
V888 Cen  2449815.5      43.5  10.40 0.09    3
V888 Cen  2449816.5      44.5  10.60 0.11    2
V888 Cen  2449817.5      45.5  10.60 0.15    1
V888 Cen  2449818.5      46.5  10.47 0.09    3
V888 Cen  2449819.5      47.5  10.43 0.09    3
V888 Cen  2449820.5      48.5  10.45 0.11    2
V888 Cen  2449821.5      49.5  10.60 0.11    2
V888 Cen  2449825.5      53.5  11.10 0.15    1
V888 Cen  2449827.5      55.5  11.10 0.09    3
V888 Cen  2449828.5      56.5  11.50 0.11    2
V888 Cen  2449829.5      57.5  11.30 0.15    1
V888 Cen  2449830.5      58.5  10.85 0.18    2
V888 Cen  2449831.5      59.5  10.75 0.23    4
V888 Cen  2449832.5      60.5  11.00 0.15    1
V888 Cen  2449833.5      61.5  10.30 0.11    2
V888 Cen  2449834.5      62.5  10.47 0.09    3
V888 Cen  2449835.5      63.5  10.45 0.11    2
V888 Cen  2449836.5      64.5  10.84 0.02   12
V888 Cen  2449837.5      65.5  11.20 0.02   40
V888 Cen  2449839.5      67.5  11.73 0.17    3
V888 Cen  2449840.5      68.5  11.53 0.09    3
V888 Cen  2449841.5      69.5  11.65 0.11    2
V888 Cen  2449842.5      70.5  12.30 0.15    1
V888 Cen  2449843.5      71.5  11.68 0.08    4
V888 Cen  2449844.5      72.5  11.70 0.15    1
V888 Cen  2449845.5      73.5  11.53 0.09   11
V888 Cen  2449846.5      74.5  10.60 0.08    4
V888 Cen  2449847.5      75.5  10.70 0.11    2
V888 Cen  2449848.5      76.5  10.60 0.15    1
V888 Cen  2449851.5      79.5  11.40 0.15    1
V888 Cen  2449853.5      81.5  11.40 0.15    1
V888 Cen  2449854.5      82.5  11.50 0.15    1
V888 Cen  2449855.5      83.5  11.50 0.14    3
V888 Cen  2449856.5      84.5  11.60 0.15    1
V888 Cen  2449857.5      85.5  11.55 0.11    2
V888 Cen  2449858.5      86.5  11.50 0.15    1
V888 Cen  2449859.5      87.5  11.50 0.12    3
V888 Cen  2449860.5      88.5  11.53 0.08    4
V888 Cen  2449861.5      89.5  11.20 0.16    3
V888 Cen  2449862.5      90.5  10.75 0.25    2
V888 Cen  2449864.5      92.5  10.80 0.15    1
V888 Cen  2449865.5      93.5  11.20 0.15    1
V888 Cen  2449866.5      94.5  11.30 0.11    2
V888 Cen  2449867.5      95.5  11.40 0.15    1
V888 Cen  2449868.5      96.5  11.55 0.11    2
V888 Cen  2449869.5      97.5  11.40 0.15    1
V888 Cen  2449870.5      98.5  11.60 0.14    2
V888 Cen  2449871.5      99.5  11.45 0.11    2
V888 Cen  2449872.5     100.5  11.70 0.21    2
V888 Cen  2449873.5     101.5  11.40 0.11    2
V888 Cen  2449874.5     102.5  11.50 0.15    1
V888 Cen  2449875.5     103.5  11.40 0.15    1
V888 Cen  2449876.5     104.5  11.60 0.15    1
V888 Cen  2449877.5     105.5  11.80 0.15    1
V888 Cen  2449881.5     109.5  11.90 0.15    1
V888 Cen  2449885.5     113.5  11.70 0.15    1
V888 Cen  2449887.5     115.5  11.40 0.15    1
V888 Cen  2449888.5     116.5  11.77 0.18    3
V888 Cen  2449889.5     117.5  11.60 0.15    1
V888 Cen  2449890.5     118.5  11.50 0.15    1
V888 Cen  2449891.5     119.5  11.67 0.14    3
V888 Cen  2449892.5     120.5  11.60 0.15    1
V888 Cen  2449893.5     121.5  11.60 0.15    1
V888 Cen  2449894.5     122.5  11.60 0.15    1
V888 Cen  2449895.5     123.5  11.50 0.15    1
V888 Cen  2449899.5     127.5  11.70 0.11    2
V888 Cen  2449902.      130.   11.73 0.08    4
V888 Cen  2449906.      134.   11.83 0.09    3
V888 Cen  2449910.      138.   11.75 0.08    4
V888 Cen  2449914.      142.   12.00 0.11    2
V888 Cen  2449918.      146.   12.03 0.07    6
V888 Cen  2449922.      150.   12.15 0.11    2
V888 Cen  2449926.      154.   12.30 0.07    5
V888 Cen  2449930.      158.   12.35 0.11    2
V888 Cen  2449942.      170.   12.23 0.22    3
V888 Cen  2449946.      174.   12.08 0.19    4
V888 Cen  2449950.      178.   12.55 0.12    6
V888 Cen  2449954.      182.   12.25 0.16    4
V888 Cen  2449958.      186.   12.50 0.15    1
V888 Cen  2449962.      190.   11.70 0.15    1
V888 Cen  2449970.      198.   12.37 0.28    3
V888 Cen  2449974.      202.   12.97 0.18    3
V888 Cen  2449982.      210.   12.80 0.15    1
V888 Cen  2449994.      222.   12.50 0.15    1
V888 Cen  2449998.      226.   12.80 0.15    1
V888 Cen  2450004.      232.   12.80 0.15    1
V888 Cen  2450020.      248.   12.20 0.15    1
V888 Cen  2450036.      264.   13.10 0.15    1
V888 Cen  2450076.      304.   13.80 0.49    2
V888 Cen  2450100.      328.   14.40 0.28    2
V888 Cen  2450132.      360.   14.80 0.10    3
V888 Cen  2450140.      368.   14.20 0.42    2
V888 Cen  2450156.      384.   14.95 0.11    2
V888 Cen  2450164.      392.   14.85 0.11    2
V888 Cen  2450188.      416.   14.75 0.18    2
V888 Cen  2450196.      424.   15.00 0.11    2
V888 Cen  2450212.      440.   15.00 0.15    1
V888 Cen  2450220.      448.   15.00 0.15    1
V888 Cen  2450252.      480.   15.03 0.09    3
V888 Cen  2450268.      496.   15.00 0.15    1
V888 Cen  2450276.      504.   15.00 0.15    1
V888 Cen  2450284.      512.   15.00 0.15    1
V888 Cen  2450300.      528.   15.00 0.11    2
V888 Cen  2450308.      536.   15.00 0.15    1
V888 Cen  2450452.      680.   14.90 0.15    1
V888 Cen  2450516.      744.   15.25 0.11    2
V1039 Cen 2452184.75      0.75  9.30 0.15    1
V1039 Cen 2452185.25      1.25  9.36 0.07    5
V1039 Cen 2452186.25      2.25  9.58 0.07    5
V1039 Cen 2452186.75      2.75  9.90 0.15    1
V1039 Cen 2452187.25      3.25  9.64 0.07    5
V1039 Cen 2452188.25      4.25  9.53 0.08    4
V1039 Cen 2452189.25      5.25  9.50 0.11    2
V1039 Cen 2452189.75      5.75  9.80 0.15    1
V1039 Cen 2452190.5       6.5   9.77 0.09    3
V1039 Cen 2452191.5       7.5  10.10 0.11    2
V1039 Cen 2452192.5       8.5  11.03 0.09    3
V1039 Cen 2452193.5       9.5  11.45 0.08    4
V1039 Cen 2452194.5      10.5  11.43 0.09    3
V1039 Cen 2452195.5      11.5  11.10 0.15    1
V1039 Cen 2452197.5      13.5  11.30 0.24    3
V1039 Cen 2452198.5      14.5  11.60 0.15    1
V1039 Cen 2452200.5      16.5  11.50 0.15    1
V1039 Cen 2452204.5      20.5  11.10 0.09    3
V1039 Cen 2452205.5      21.5  10.73 0.08    4
V1039 Cen 2452206.5      22.5  10.40 0.15    1
V1039 Cen 2452207.5      23.5  10.73 0.14    3
V1039 Cen 2452209.5      25.5  11.30 0.15    1
V1039 Cen 2452210.5      26.5  11.60 0.15    1
V1039 Cen 2452212.5      28.5  11.85 0.08    4
V1039 Cen 2452235.5      51.5  11.80 0.15    1
V1039 Cen 2452236.5      52.5  11.90 0.15    1
V1039 Cen 2452266.5      82.5  11.70 0.15    1
V1039 Cen 2452269.5      85.5  12.60 0.15    1
V1039 Cen 2452280.5      96.5  12.70 0.15    1
V1039 Cen 2452292.5     108.5  13.40 0.15    1
V1039 Cen 2452295.5     111.5  13.40 0.15    1
V1039 Cen 2452309.5     125.5  13.40 0.15    1
V1039 Cen 2452315.5     131.5  12.60 0.15    1
V1039 Cen 2452316.5     132.5  13.00 0.15    1
V1039 Cen 2452317.5     133.5  12.90 0.11    2
V1039 Cen 2452321.5     137.5  12.00 0.15    1
V1039 Cen 2452325.5     141.5  13.00 0.15    1
V1039 Cen 2452330.5     146.5  13.40 0.15    1
V1039 Cen 2452339.5     155.5  13.50 0.15    1
V1039 Cen 2452342.5     158.5  13.50 0.15    1
V1039 Cen 2452343.5     159.5  13.70 0.15    1
V1039 Cen 2452348.5     164.5  13.70 0.15    1
V1039 Cen 2452351.5     167.5  13.20 0.15    1
V1039 Cen 2452356.5     172.5  13.40 0.15    1
V1039 Cen 2452358.5     174.5  12.20 0.15    1
V1039 Cen 2452363.5     179.5  13.00 0.15    1
V1039 Cen 2452364.5     180.5  13.00 0.15    1
V1039 Cen 2452366.5     182.5  13.40 0.15    1
V1039 Cen 2452368.5     184.5  13.80 0.15    1
V1039 Cen 2452369.5     185.5  13.80 0.15    1
V1039 Cen 2452370.5     186.5  13.90 0.15    1
V1039 Cen 2452378.5     194.5  13.80 0.15    1
V1039 Cen 2452381.5     197.5  13.70 0.15    1
V1039 Cen 2452383.5     199.5  13.80 0.15    1
V1039 Cen 2452385.5     201.5  13.80 0.15    1
V1039 Cen 2452386.5     202.5  13.80 0.15    1
V1039 Cen 2452387.5     203.5  13.80 0.15    1
V1039 Cen 2452398.5     214.5  12.90 0.15    1
V1039 Cen 2452399.5     215.5  12.70 0.15    1
V1039 Cen 2452402.5     218.5  13.00 0.15    1
V1039 Cen 2452405.5     221.5  13.20 0.15    1
V1039 Cen 2452406.5     222.5  13.70 0.15    1
V1039 Cen 2452408.5     224.5  14.00 0.15    1
V1039 Cen 2452424.5     240.5  14.00 0.15    1
V1039 Cen 2452432.5     248.5  13.80 0.15    1
V1039 Cen 2452434.5     250.5  14.10 0.15    1
V1039 Cen 2452440.5     256.5  13.20 0.15    1
V1039 Cen 2452452.5     268.5  14.00 0.15    1
V1039 Cen 2452454.5     270.5  14.00 0.15    1
V1039 Cen 2452461.5     277.5  14.60 0.15    1
V1039 Cen 2452466.5     282.5  14.00 0.15    1
V1039 Cen 2452467.5     283.5  13.90 0.15    1
V1039 Cen 2452469.5     285.5  13.90 0.15    1
V1039 Cen 2452483.5     299.5  13.60 0.15    1
V1039 Cen 2452492.5     308.5  12.60 0.11    2
V1039 Cen 2452493.5     309.5  12.40 0.15    1
V1039 Cen 2452844.      660.   14.38 0.07    5
V1039 Cen 2452860.      676.   14.20 0.09    3
V1039 Cen 2452876.      692.   14.53 0.14    3
V1039 Cen 2452892.      708.   14.60 0.15    1
V1039 Cen 2453060.      876.   15.40 0.15    1
BY Cir    2449746.3       0.3   7.40 0.15    1
BY Cir    2449746.8       0.8   7.80 0.21    2
BY Cir    2449747.3       1.3   7.65 0.11    2
BY Cir    2449749.3       3.3   8.00 0.09    3
BY Cir    2449751.0       5.0   8.22 0.07    5
BY Cir    2449753.0       7.0   8.58 0.09   12
BY Cir    2449755.0       9.0   8.39 0.06    7
BY Cir    2449757.0      11.0   8.55 0.06   11
BY Cir    2449759.0      13.0   8.70 0.06   18
BY Cir    2449761.0      15.0   8.97 0.04   12
BY Cir    2449763.0      17.0   9.07 0.05   15
BY Cir    2449765.0      19.0   9.04 0.05    8
BY Cir    2449767.0      21.0   9.03 0.08    4
BY Cir    2449769.0      23.0   9.07 0.05    9
BY Cir    2449771.0      25.0   9.22 0.07    5
BY Cir    2449773.0      27.0   9.19 0.05    9
BY Cir    2449775.0      29.0   9.45 0.17    6
BY Cir    2449777.0      31.0   9.50 0.14    8
BY Cir    2449779.0      33.0   9.40 0.08    7
BY Cir    2449781.0      35.0   9.24 0.03   12
BY Cir    2449783.0      37.0   9.42 0.07   10
BY Cir    2449785.0      39.0   9.47 0.04   11
BY Cir    2449787.0      41.0   9.62 0.11    6
BY Cir    2449789.0      43.0   9.43 0.06    6
BY Cir    2449791.0      45.0   9.80 0.15    5
BY Cir    2449793.0      47.0   9.74 0.07    8
BY Cir    2449795.0      49.0   9.44 0.07    5
BY Cir    2449797.0      51.0   9.58 0.07    5
BY Cir    2449799.0      53.0   9.60 0.10    5
BY Cir    2449801.0      55.0   9.70 0.07    5
BY Cir    2449803.0      57.0   9.60 0.14    2
BY Cir    2449805.0      59.0   9.77 0.09    3
BY Cir    2449807.0      61.0   9.90 0.09    3
BY Cir    2449809.0      63.0   9.53 0.08    4
BY Cir    2449811.0      65.0   9.88 0.12    6
BY Cir    2449813.0      67.0   9.97 0.20    3
BY Cir    2449815.0      69.0   9.73 0.10    6
BY Cir    2449817.0      71.0   9.70 0.21    2
BY Cir    2449819.0      73.0   9.77 0.08    6
BY Cir    2449821.0      75.0   9.93 0.12    4
BY Cir    2449823.0      77.0   9.60 0.11    2
BY Cir    2449825.0      79.0   9.80 0.15    1
BY Cir    2449827.0      81.0  10.03 0.15    6
BY Cir    2449829.0      83.0  10.14 0.22    5
BY Cir    2449831.0      85.0  10.13 0.16    6
BY Cir    2449833.0      87.0  10.35 0.20    4
BY Cir    2449835.0      89.0  10.16 0.14    8
BY Cir    2449837.0      91.0   9.87 0.09    3
BY Cir    2449839.0      93.0  10.23 0.24    3
BY Cir    2449841.0      95.0  10.24 0.09    5
BY Cir    2449843.0      97.0  10.17 0.10    6
BY Cir    2449845.0      99.0  10.43 0.37    3
BY Cir    2449847.0     101.0  10.28 0.07    9
BY Cir    2449849.0     103.0  10.43 0.24    3
BY Cir    2449854.0     108.0  10.43 0.10   12
BY Cir    2449862.0     116.0  10.22 0.07   14
BY Cir    2449870.0     124.0  10.50 0.08   24
BY Cir    2449878.0     132.0  10.56 0.08   12
BY Cir    2449886.0     140.0  10.63 0.08   15
BY Cir    2449894.0     148.0  10.64 0.06   19
BY Cir    2449902.0     156.0  10.81 0.08   15
BY Cir    2449910.0     164.0  10.74 0.09   10
BY Cir    2449918.0     172.0  11.05 0.10   15
BY Cir    2449926.0     180.0  10.95 0.07   17
BY Cir    2449934.0     188.0  11.23 0.06   12
BY Cir    2449942.0     196.0  11.02 0.09   11
BY Cir    2449950.0     204.0  10.90 0.08   10
BY Cir    2449958.0     212.0  10.78 0.10    8
BY Cir    2449966.0     220.0  11.06 0.08    8
BY Cir    2449974.0     228.0  10.78 0.16    5
BY Cir    2449982.0     236.0  11.17 0.12    3
BY Cir    2449990.0     244.0  11.11 0.07   11
BY Cir    2449998.0     252.0  10.90 0.15    1
BY Cir    2450014.0     268.0  10.90 0.11    2
BY Cir    2450030.0     284.0  11.00 0.15    1
BY Cir    2450038.0     292.0  11.20 0.15    1
BY Cir    2450046.0     300.0  11.25 0.11    2
BY Cir    2450070.0     324.0  11.90 0.15    1
BY Cir    2450078.0     332.0  11.95 0.08    4
BY Cir    2450086.0     340.0  12.00 0.15    1
BY Cir    2450102.0     356.0  12.20 0.07    5
BY Cir    2450110.0     364.0  12.30 0.15    1
BY Cir    2450118.0     372.0  12.30 0.15    1
BY Cir    2450126.0     380.0  12.30 0.15    1
BY Cir    2450134.0     388.0  12.35 0.11    2
BY Cir    2450142.0     396.0  12.40 0.08    4
BY Cir    2450150.0     404.0  12.64 0.07    5
BY Cir    2450158.0     412.0  12.57 0.09    3
BY Cir    2450166.0     420.0  12.43 0.09    3
BY Cir    2450174.0     428.0  12.90 0.15    1
BY Cir    2450182.0     436.0  12.60 0.11    2
BY Cir    2450190.0     444.0  12.55 0.08    4
BY Cir    2450198.0     452.0  12.42 0.16    5
BY Cir    2450214.0     468.0  12.46 0.12    5
BY Cir    2450222.0     476.0  12.45 0.08    4
BY Cir    2450230.0     484.0  12.30 0.15    1
BY Cir    2450238.0     492.0  12.40 0.11    2
BY Cir    2450246.0     500.0  12.48 0.08    6
BY Cir    2450254.0     508.0  12.40 0.09    3
BY Cir    2450262.0     516.0  12.40 0.15    1
BY Cir    2450270.0     524.0  12.40 0.11    2
BY Cir    2450278.0     532.0  12.59 0.14    7
BY Cir    2450286.0     540.0  12.45 0.11    2
BY Cir    2450302.0     556.0  12.48 0.08    4
BY Cir    2450310.0     564.0  12.50 0.11    2
BY Cir    2450318.0     572.0  12.50 0.15    1
BY Cir    2450326.0     580.0  12.87 0.26    3
BY Cir    2450334.0     588.0  12.50 0.15    1
BY Cir    2450342.0     596.0  12.50 0.15    1
BY Cir    2450350.0     604.0  12.80 0.15    1
BY Cir    2450366.0     620.0  12.80 0.15    1
BY Cir    2450374.0     628.0  13.00 0.15    1
BY Cir    2450390.0     644.0  14.00 0.11    2
BY Cir    2450422.0     676.0  13.80 0.15    1
BY Cir    2450430.0     684.0  13.80 0.15    1
BY Cir    2450454.0     708.0  13.80 0.01    3
BY Cir    2450462.0     716.0  13.80 0.11    2
BY Cir    2450478.0     732.0  14.00 0.15    1
BY Cir    2450486.0     740.0  13.93 0.09    3
BY Cir    2450494.0     748.0  13.96 0.07    5
BY Cir    2450510.      764.   13.90 0.15    1
BY Cir    2450518.      772.   14.00 0.11    2
BY Cir    2450526.      780.   14.00 0.09    3
BY Cir    2450534.      788.   13.90 0.15    1
BY Cir    2450542.      796.   14.10 0.11    2
BY Cir    2450550.      804.   14.00 0.11    2
BY Cir    2450566.      820.   14.20 0.15    1
BY Cir    2450574.      828.   14.20 0.15    1
BY Cir    2450598.      852.   14.40 0.14    2
BY Cir    2450606.      860.   14.50 0.15    1
BY Cir    2450630.      884.   14.75 0.11    2
BY Cir    2450638.      892.   14.40 0.15    1
BY Cir    2450654.      908.   14.60 0.15    1
BY Cir    2450662.      916.   14.90 0.09    3
BY Cir    2450686.      940.   14.95 0.11    2
BY Cir    2450694.      948.   15.00 0.15    1
BY Cir    2450710.      964.   15.10 0.15    1
BY Cir    2450718.      972.   15.00 0.15    1
BY Cir    2450726.      980.   15.10 0.15    1
DD Cir    2451411.75      0.75  8.50 0.15    1
DD Cir    2451414.25      3.25  7.79 0.02   10
DD Cir    2451414.75      3.75  7.64 0.06   22
DD Cir    2451415.25      4.25  8.55 0.10    8
DD Cir    2451415.75      4.75  7.82 0.06   16
DD Cir    2451416.25      5.25  8.48 0.08   15
DD Cir    2451416.75      5.75  9.00 0.15    1
DD Cir    2451417.25      6.25  8.90 0.12    6
DD Cir    2451417.75      6.75  9.20 0.15    1
DD Cir    2451418.25      7.25  9.41 0.05    9
DD Cir    2451418.75      7.75  9.33 0.09    3
DD Cir    2451419.25      8.25  9.28 0.05    8
DD Cir    2451419.75      8.75  9.76 0.07    5
DD Cir    2451420.25      9.25  9.70 0.07    5
DD Cir    2451420.75      9.75  9.85 0.08    4
DD Cir    2451421.25     10.25  9.69 0.05    9
DD Cir    2451421.75     10.75  9.77 0.09    3
DD Cir    2451422.25     11.25  9.68 0.07    5
DD Cir    2451422.75     11.75  9.80 0.09    3
DD Cir    2451423.25     12.25 10.03 0.09    3
DD Cir    2451423.75     12.75 10.00 0.09    3
DD Cir    2451424.25     13.25 10.16 0.07    5
DD Cir    2451424.75     13.75 10.13 0.09    3
DD Cir    2451425.25     14.25 10.20 0.05    9
DD Cir    2451425.75     14.75 10.20 0.15    1
DD Cir    2451426.25     15.25 10.37 0.09    3
DD Cir    2451427.25     16.25 10.28 0.09    4
DD Cir    2451427.75     16.75 10.45 0.11    2
DD Cir    2451428.25     17.25 10.20 0.15    1
DD Cir    2451428.75     17.75 10.40 0.15    1
DD Cir    2451429.25     18.25 10.70 0.15    1
DD Cir    2451429.75     18.75 10.70 0.15    1
DD Cir    2451430.25     19.25 10.80 0.11    2
DD Cir    2451430.75     19.75 10.60 0.09    3
DD Cir    2451431.25     20.25 10.82 0.06    6
DD Cir    2451431.75     20.75 10.85 0.11    2
DD Cir    2451432.25     21.25 10.90 0.15    1
DD Cir    2451433.25     22.25 11.00 0.11    2
DD Cir    2451433.75     22.75 11.00 0.15    1
DD Cir    2451434.25     23.25 11.08 0.11    4
DD Cir    2451434.75     23.75 10.70 0.21    2
DD Cir    2451435.25     24.25 11.27 0.09    3
DD Cir    2451435.75     24.75 11.30 0.15    1
DD Cir    2451436.25     25.25 11.28 0.12    4
DD Cir    2451436.75     25.75 11.30 0.15    1
DD Cir    2451437.25     26.25 11.45 0.08    4
DD Cir    2451437.75     26.75 11.50 0.15    1
DD Cir    2451438.25     27.25 11.63 0.09    3
DD Cir    2451438.75     27.75 11.65 0.11    2
DD Cir    2451440.25     29.25 11.70 0.09    3
DD Cir    2451440.75     29.75 11.80 0.15    1
DD Cir    2451441.75     30.75 11.80 0.11    2
DD Cir    2451443.75     32.75 11.70 0.15    1
DD Cir    2451446.25     35.25 11.80 0.11    2
DD Cir    2451447.75     36.75 11.80 0.15    1
DD Cir    2451448.75     37.75 11.75 0.18    2
DD Cir    2451449.25     38.25 11.77 0.11    3
DD Cir    2451449.75     38.75 11.47 0.22    3
DD Cir    2451450.75     39.75 11.70 0.21    2
DD Cir    2451451.25     40.25 11.40 0.15    1
DD Cir    2451451.75     40.75 11.20 0.15    1
DD Cir    2451452.75     41.75 12.40 0.15    1
DD Cir    2451453.25     42.25 11.90 0.11    2
DD Cir    2451453.75     42.75 12.00 0.28    2
DD Cir    2451456.25     45.25 11.80 0.02    3
DD Cir    2451457.75     46.75 12.00 0.15    1
DD Cir    2451458.25     47.25 11.80 0.11    2
DD Cir    2451458.75     47.75 11.80 0.14    2
DD Cir    2451459.75     48.75 12.40 0.15    1
DD Cir    2451460.25     49.25 11.90 0.11    2
DD Cir    2451460.75     49.75 11.50 0.15    1
DD Cir    2451463.75     52.75 11.70 0.21    2
DD Cir    2451465.25     54.25 12.00 0.11    2
DD Cir    2451465.75     54.75 12.40 0.15    1
DD Cir    2451490.5      79.5  13.10 0.15    1
V693 CrA  2444697.5       0.5   7.00 0.15    1
V693 CrA  2444701.5       4.5   7.40 0.15    1
V693 CrA  2444702.5       5.5   7.40 0.15    1
V693 CrA  2444705.5       8.5   8.95 0.11    2
V693 CrA  2444707.       10.    8.57 0.24    3
V693 CrA  2444709.       12.    9.18 0.17    5
V693 CrA  2444711.       14.    9.43 0.09    3
V693 CrA  2444713.       16.    8.90 0.15    1
V693 CrA  2444715.       18.    9.90 0.15    1
V693 CrA  2444722.       25.   10.55 0.11    2
V693 CrA  2444726.       29.   10.55 0.11    4
V693 CrA  2444730.       33.   11.07 0.19    3
V693 CrA  2444734.       37.   10.50 0.14    2
V693 CrA  2444738.       41.   11.00 0.15    1
V693 CrA  2444754.       57.   12.00 0.15    1
V693 CrA  2444762.       65.   12.00 0.15    1
V693 CrA  2444766.       69.   11.50 0.15    1
V693 CrA  2444822.      125.   12.50 0.15    1
T CrB     2431861.5       1.5   3.50 0.17    4
T CrB     2431862.5       2.5   3.61 0.07    9
T CrB     2431863.5       3.5   4.21 0.08   16
T CrB     2431864.5       4.5   4.63 0.10    3
T CrB     2431865.5       5.5   5.23 0.14    3
T CrB     2431866.5       6.5   5.68 0.08    6
T CrB     2431867.5       7.5   6.01 0.06    7
T CrB     2431868.5       8.5   6.25 0.08    4
T CrB     2431869.5       9.5   6.93 0.18    4
T CrB     2431870.5      10.5   7.35 0.20    4
T CrB     2431871.5      11.5   7.30 0.35    2
T CrB     2431872.5      12.5   8.00 0.09    3
T CrB     2431873.5      13.5   8.15 0.11    4
T CrB     2431876.       16.    8.68 0.10    6
T CrB     2431878.       18.    8.80 0.08    4
T CrB     2431880.       20.    8.99 0.10    7
T CrB     2431882.       22.    9.19 0.10    9
T CrB     2431884.       24.    9.32 0.10    6
T CrB     2431886.       26.    9.33 0.09    3
T CrB     2431888.       28.    9.53 0.11    4
T CrB     2431890.       30.    9.72 0.06    6
T CrB     2431892.       32.    9.77 0.09    3
T CrB     2431894.       34.    9.73 0.09    3
T CrB     2431896.       36.    9.75 0.11    2
T CrB     2431898.       38.    9.70 0.09    3
T CrB     2431900.       40.    9.45 0.13    4
T CrB     2431902.       42.    9.68 0.08    4
T CrB     2431904.       44.    9.90 0.11    2
T CrB     2431906.       46.    9.60 0.15    1
T CrB     2431908.       48.    9.57 0.09    6
T CrB     2431910.       50.    9.75 0.06    6
T CrB     2431912.       52.    9.68 0.06    6
T CrB     2431914.       54.    9.90 0.09    3
T CrB     2431916.       56.    9.90 0.15    1
T CrB     2431918.       58.    9.71 0.09    7
T CrB     2431920.       60.    9.80 0.09    3
T CrB     2431922.       62.    9.74 0.07    5
T CrB     2431924.       64.    9.70 0.11    2
T CrB     2431927.       67.    9.76 0.07    5
T CrB     2431931.       71.    9.85 0.04   14
T CrB     2431935.       75.    9.90 0.04   11
T CrB     2431939.       79.    9.94 0.04   16
T CrB     2431943.       83.    9.82 0.04   13
T CrB     2431947.       87.    9.85 0.06   11
T CrB     2431951.       91.    9.80 0.04   15
T CrB     2431955.       95.    9.90 0.11    2
T CrB     2431959.       99.    9.73 0.06    6
T CrB     2431963.      103.    9.75 0.04   20
T CrB     2431967.      107.    9.76 0.08   10
T CrB     2431971.      111.    9.51 0.09   12
T CrB     2431975.      115.    8.71 0.10   11
T CrB     2431979.      119.    8.46 0.04   16
T CrB     2431983.      123.    8.48 0.05   12
T CrB     2431987.      127.    8.30 0.07   10
T CrB     2431991.      131.    8.40 0.09   13
T CrB     2431995.      135.    8.36 0.05   27
T CrB     2431999.      139.    8.33 0.06   17
T CrB     2432003.      143.    8.09 0.03   26
T CrB     2432007.      147.    8.09 0.04   15
T CrB     2432011.      151.    8.22 0.08    9
T CrB     2432015.      155.    8.13 0.05    9
T CrB     2432019.      159.    8.01 0.03   25
T CrB     2432023.      163.    8.04 0.03   17
T CrB     2432027.      167.    8.11 0.04   25
T CrB     2432031.      171.    8.16 0.04   25
T CrB     2432035.      175.    8.10 0.05   10
T CrB     2432039.      179.    8.07 0.06   15
T CrB     2432043.      183.    8.47 0.07    7
T CrB     2432047.      187.    8.18 0.06   12
T CrB     2432051.      191.    8.16 0.06   19
T CrB     2432055.      195.    8.35 0.05   12
T CrB     2432059.      199.    8.70 0.03   19
T CrB     2432063.      203.    8.67 0.06   18
T CrB     2432067.      207.    8.81 0.03   26
T CrB     2432071.      211.    9.33 0.07   12
T CrB     2432075.      215.    9.15 0.09    4
T CrB     2432079.      219.    9.32 0.06   15
T CrB     2432083.      223.    9.47 0.04   19
T CrB     2432087.      227.    9.36 0.07    8
T CrB     2432091.      231.    9.50 0.03   24
T CrB     2432095.      235.    9.48 0.05    9
T CrB     2432099.      239.    9.50 0.07   11
T CrB     2432109.      249.    9.41 0.08   21
T CrB     2432125.      265.    9.45 0.06   15
T CrB     2432141.      281.    9.53 0.04   24
T CrB     2432157.      297.    9.40 0.15    1
T CrB     2432173.      313.    9.58 0.05    8
T CrB     2432189.      329.    9.63 0.08    4
T CrB     2432205.      345.    9.75 0.11    2
T CrB     2432221.      361.    9.60 0.09    3
T CrB     2432237.      377.    9.57 0.09    3
T CrB     2432253.      393.    9.73 0.09    3
T CrB     2432269.      409.    9.77 0.05    9
T CrB     2432285.      425.    9.80 0.04   10
T CrB     2432301.      441.    9.81 0.03   21
T CrB     2432317.      457.    9.77 0.03   21
T CrB     2432333.      473.    9.86 0.03   20
T CrB     2432349.      489.    9.86 0.03   27
T CrB     2432365.      505.    9.81 0.03   26
T CrB     2432381.      521.    9.81 0.03   33
T CrB     2432397.      537.    9.80 0.02   36
V476 Cyg  2422559.25      0.25  2.70 0.09    3
V476 Cyg  2422559.75      0.75  2.38 0.08    4
V476 Cyg  2422560.25      1.25  1.94 0.08    5
V476 Cyg  2422560.75      1.75  1.98 0.04   19
V476 Cyg  2422561.25      2.25  2.03 0.08    9
V476 Cyg  2422561.75      2.75  2.10 0.02   26
V476 Cyg  2422562.25      3.25  2.07 0.06   12
V476 Cyg  2422562.75      3.75  2.51 0.04   22
V476 Cyg  2422563.25      4.25  2.71 0.07    7
V476 Cyg  2422563.75      4.75  2.95 0.04   19
V476 Cyg  2422564.25      5.25  3.11 0.10    8
V476 Cyg  2422564.75      5.75  3.29 0.04   14
V476 Cyg  2422565.5       6.5   3.38 0.06   32
V476 Cyg  2422566.5       7.5   3.70 0.05   32
V476 Cyg  2422567.5       8.5   4.00 0.04   39
V476 Cyg  2422568.5       9.5   4.10 0.04   31
V476 Cyg  2422569.5      10.5   4.20 0.03   32
V476 Cyg  2422570.5      11.5   4.36 0.02   33
V476 Cyg  2422571.5      12.5   4.54 0.03   25
V476 Cyg  2422572.5      13.5   4.56 0.05   13
V476 Cyg  2422573.5      14.5   4.56 0.06   19
V476 Cyg  2422574.5      15.5   4.77 0.04   19
V476 Cyg  2422575.5      16.5   4.83 0.04   22
V476 Cyg  2422576.5      17.5   4.88 0.06   14
V476 Cyg  2422577.5      18.5   5.03 0.06   10
V476 Cyg  2422578.5      19.5   5.25 0.04   18
V476 Cyg  2422579.5      20.5   5.23 0.05   27
V476 Cyg  2422581.       22.    5.43 0.04   39
V476 Cyg  2422583.       24.    5.70 0.04   32
V476 Cyg  2422585.       26.    5.81 0.04   40
V476 Cyg  2422587.       28.    6.10 0.05   24
V476 Cyg  2422589.       30.    6.30 0.07   20
V476 Cyg  2422591.       32.    6.41 0.08    8
V476 Cyg  2422593.       34.    6.88 0.10    9
V476 Cyg  2422595.       36.    7.23 0.09    3
V476 Cyg  2422597.       38.    7.08 0.07   11
V476 Cyg  2422599.       40.    7.16 0.18    5
V476 Cyg  2422601.       42.    7.33 0.17    8
V476 Cyg  2422603.       44.    7.92 0.13   13
V476 Cyg  2422605.       46.    8.20 0.11    8
V476 Cyg  2422607.       48.    8.35 0.06   12
V476 Cyg  2422609.       50.    8.47 0.06   15
V476 Cyg  2422611.       52.    8.59 0.09   12
V476 Cyg  2422613.       54.    8.64 0.06   17
V476 Cyg  2422615.       56.    8.70 0.05    9
V476 Cyg  2422617.       58.    8.72 0.10    5
V476 Cyg  2422619.       60.    8.67 0.05   13
V476 Cyg  2422621.       62.    8.86 0.06   18
V476 Cyg  2422623.       64.    8.82 0.09    6
V476 Cyg  2422625.       66.    9.25 0.08    4
V476 Cyg  2422627.       68.    9.04 0.07   12
V476 Cyg  2422629.       70.    8.95 0.10    6
V476 Cyg  2422631.       72.    8.93 0.11    7
V476 Cyg  2422633.       74.    9.06 0.05   10
V476 Cyg  2422635.       76.    9.16 0.11    8
V476 Cyg  2422637.       78.    9.13 0.13    8
V476 Cyg  2422639.       80.    9.14 0.18    5
V476 Cyg  2422641.       82.    9.24 0.09   11
V476 Cyg  2422643.       84.    9.35 0.06   17
V476 Cyg  2422645.       86.    9.43 0.18    4
V476 Cyg  2422647.       88.    9.05 0.13    6
V476 Cyg  2422649.       90.    9.08 0.17    5
V476 Cyg  2422651.       92.    9.17 0.14    3
V476 Cyg  2422653.       94.    9.14 0.12    5
V476 Cyg  2422655.       96.    9.20 0.19    3
V476 Cyg  2422657.       98.    8.67 0.10    3
V476 Cyg  2422659.      100.    9.07 0.15    3
V476 Cyg  2422664.      105.    8.87 0.07   19
V476 Cyg  2422672.      113.    8.78 0.08   13
V476 Cyg  2422680.      121.    9.03 0.15    7
V476 Cyg  2422688.      129.    8.67 0.06    6
V476 Cyg  2422696.      137.    8.87 0.09   10
V476 Cyg  2422704.      145.    8.94 0.17    7
V476 Cyg  2422712.      153.    8.73 0.09    3
V476 Cyg  2422720.      161.    8.87 0.07   10
V476 Cyg  2422728.      169.    8.79 0.06    7
V476 Cyg  2422736.      177.    9.28 0.10    8
V476 Cyg  2422744.      185.    9.15 0.46    2
V476 Cyg  2422752.      193.    9.00 0.21    2
V476 Cyg  2422760.      201.    9.29 0.11    7
V476 Cyg  2422768.      209.    9.45 0.15    6
V476 Cyg  2422776.      217.    9.60 0.14    2
V476 Cyg  2422784.      225.    9.53 0.08    7
V476 Cyg  2422792.      233.    9.27 0.20    3
V476 Cyg  2422800.      241.    9.50 0.11    2
V476 Cyg  2422808.      249.    9.53 0.20    4
V476 Cyg  2422816.      257.    9.54 0.11    5
V476 Cyg  2422824.      265.    9.47 0.09    3
V476 Cyg  2422832.      273.    9.55 0.25    2
V476 Cyg  2422840.      281.    9.40 0.08    4
V476 Cyg  2422848.      289.    9.40 0.19    7
V476 Cyg  2422856.      297.    9.60 0.21    3
V476 Cyg  2422864.      305.    9.30 0.09    5
V476 Cyg  2422872.      313.    9.57 0.13    7
V476 Cyg  2422880.      321.    9.73 0.11    6
V476 Cyg  2422888.      329.    9.50 0.11    2
V476 Cyg  2422896.      337.    9.80 0.11    6
V476 Cyg  2422908.      349.    9.67 0.05   12
V476 Cyg  2422924.      365.    9.63 0.07   10
V476 Cyg  2422940.      381.    9.74 0.07    8
V476 Cyg  2422956.      397.    9.73 0.05   17
V476 Cyg  2422972.      413.    9.64 0.08    7
V476 Cyg  2422988.      429.    9.61 0.04   13
V476 Cyg  2423004.      445.    9.80 0.10    6
V476 Cyg  2423020.      461.    9.78 0.07    9
V476 Cyg  2423036.      477.   10.01 0.11   16
V476 Cyg  2423052.      493.    9.76 0.06    8
V476 Cyg  2423068.      509.    9.87 0.12    7
V476 Cyg  2423084.      525.    9.65 0.08    6
V476 Cyg  2423100.      541.    9.80 0.11    2
V476 Cyg  2423116.      557.    9.87 0.07    7
V476 Cyg  2423132.      573.    9.65 0.11    2
V476 Cyg  2423148.      589.    9.90 0.11    2
V476 Cyg  2423164.      605.    9.97 0.06    6
V476 Cyg  2423180.      621.   10.22 0.12    9
V476 Cyg  2423196.      637.   10.20 0.09    7
V476 Cyg  2423212.      653.   10.29 0.09    8
V476 Cyg  2423228.      669.   10.44 0.12    8
V476 Cyg  2423244.      685.   10.23 0.10    4
V476 Cyg  2423260.      701.   10.39 0.13    9
V476 Cyg  2423276.      717.   10.33 0.09    7
V476 Cyg  2423292.      733.   10.60 0.09   10
V476 Cyg  2423316.      757.   10.66 0.08   18
V476 Cyg  2423348.      789.   10.72 0.06   19
V476 Cyg  2423380.      821.   10.64 0.06   17
V476 Cyg  2423412.      853.   10.74 0.07    9
V476 Cyg  2423444.      885.   10.59 0.06    9
V476 Cyg  2423476.      917.   10.81 0.06    7
V476 Cyg  2423508.      949.   10.96 0.07    7
V476 Cyg  2423540.      981.   10.93 0.03   16
V476 Cyg  2423572.     1013.   10.84 0.05    8
V476 Cyg  2423604.     1045.   10.85 0.05   14
V476 Cyg  2423636.     1077.   10.94 0.09   10
V476 Cyg  2423668.     1109.   10.96 0.05   12
V476 Cyg  2423700.     1141.   11.04 0.07   10
V476 Cyg  2423732.     1173.   11.25 0.12   12
V476 Cyg  2423764.     1205.   11.23 0.09   14
V476 Cyg  2423796.     1237.   11.36 0.04   10
V476 Cyg  2423828.     1269.   11.56 0.08    5
V476 Cyg  2423860.     1301.   11.40 0.16    3
V476 Cyg  2423892.     1333.   11.28 0.08    5
V476 Cyg  2423924.     1365.   11.31 0.09    9
V476 Cyg  2423956.     1397.   11.35 0.10   12
V476 Cyg  2423988.     1429.   11.43 0.07   12
V476 Cyg  2424020.     1461.   11.83 0.07   12
V476 Cyg  2424052.     1493.   11.97 0.06    9
V476 Cyg  2424084.     1525.   12.08 0.05   14
V476 Cyg  2424116.     1557.   12.04 0.04   13
V476 Cyg  2424148.     1589.   12.18 0.07    6
V476 Cyg  2424180.     1621.   12.20 0.07    5
V476 Cyg  2424212.     1653.   12.27 0.09    3
V476 Cyg  2424244.     1685.   12.33 0.06    6
V476 Cyg  2424276.     1717.   12.41 0.05    8
V476 Cyg  2424308.     1749.   12.55 0.06    6
V476 Cyg  2424356.     1797.   12.63 0.04   12
V476 Cyg  2424420.     1861.   12.61 0.05    9
V476 Cyg  2424484.     1925.   12.58 0.02   16
V476 Cyg  2424548.     1989.   12.60 0.06    7
V476 Cyg  2424612.     2053.   12.84 0.06    7
V476 Cyg  2424676.     2117.   12.80 0.07    5
V476 Cyg  2424740.     2181.   12.93 0.14    4
V476 Cyg  2424804.     2245.   13.15 0.11    2
V476 Cyg  2424868.     2309.   13.40 0.15    1
V476 Cyg  2425380.     2821.   11.50 0.15    1
V476 Cyg  2425700.     3141.   12.85 0.46    2
V476 Cyg  2427332.     4773.   13.80 0.11    2
V476 Cyg  2427460.     4901.   13.40 0.15    1
V476 Cyg  2427588.     5029.   13.37 0.08   24
V476 Cyg  2427716.     5157.   13.85 0.06   41
V476 Cyg  2427844.     5285.   14.11 0.11   12
V476 Cyg  2427972.     5413.   13.99 0.08   41
V476 Cyg  2428100.     5541.   13.99 0.07   24
V476 Cyg  2428228.     5669.   14.20 0.15    1
V476 Cyg  2428356.     5797.   14.12 0.06    6
V476 Cyg  2428484.     5925.   13.97 0.09    3
V476 Cyg  2428740.     6181.   14.36 0.06    8
V476 Cyg  2428868.     6309.   14.32 0.13   10
V476 Cyg  2428996.     6437.   14.30 0.15    1
V476 Cyg  2429124.     6565.   15.45 0.11    2
V476 Cyg  2429252.     6693.   15.42 0.07    5
V476 Cyg  2429636.     7077.   15.80 0.15    1
V476 Cyg  2430404.     7845.   13.20 0.15    1
V476 Cyg  2430660.     8101.   13.00 0.15    1
V476 Cyg  2431236.     8677.   12.90 0.15    1
V476 Cyg  2431748.     9189.   13.80 0.15    1
V476 Cyg  2434436.    11877.   16.05 0.11    6
V476 Cyg  2434948.    12389.   16.24 0.07    5
V476 Cyg  2435460.    12901.   13.65 0.32    2
V476 Cyg  2435972.    13413.   16.33 0.09    3
V476 Cyg  2436484.    13925.   16.23 0.09    3
V476 Cyg  2436996.    14437.   15.76 0.31    7
V476 Cyg  2437508.    14949.   16.14 0.04   11
V476 Cyg  2438020.    15461.   16.18 0.03   17
V476 Cyg  2438532.    15973.   16.17 0.03   16
V476 Cyg  2439044.    16485.   16.07 0.06   20
V476 Cyg  2439556.    16997.   16.25 0.06   12
V476 Cyg  2440068.    17509.   16.13 0.05   11
V1330 Cyg 2440761.75      0.75 10.23 0.09    3
V1330 Cyg 2440765.75      4.75 10.35 0.11    2
V1330 Cyg 2440766.75      5.75  9.90 0.11    2
V1330 Cyg 2440767.75      6.75 10.10 0.15    1
V1330 Cyg 2440773.       12.   10.60 0.09    3
V1330 Cyg 2440775.       14.   10.58 0.06    6
V1330 Cyg 2440777.       16.   10.65 0.11    2
V1330 Cyg 2440779.       18.   10.50 0.15    1
V1330 Cyg 2440781.       20.   10.58 0.08    4
V1330 Cyg 2440783.       22.   10.50 0.15    1
V1330 Cyg 2440785.       24.   10.63 0.10    6
V1330 Cyg 2440787.       26.   10.60 0.11    2
V1330 Cyg 2440789.       28.   10.73 0.14    4
V1330 Cyg 2440791.       30.   10.85 0.18    2
V1330 Cyg 2440793.       32.   10.63 0.06    6
V1330 Cyg 2440795.       34.   10.75 0.13    4
V1330 Cyg 2440797.       36.   10.85 0.10    4
V1330 Cyg 2440799.       38.   10.73 0.09    3
V1330 Cyg 2440802.       41.   10.83 0.07   10
V1330 Cyg 2440806.       45.   10.70 0.07    5
V1330 Cyg 2440810.       49.   10.93 0.07    6
V1330 Cyg 2440814.       53.   11.00 0.15    1
V1330 Cyg 2440818.       57.   10.78 0.14    5
V1330 Cyg 2440822.       61.   10.92 0.06   13
V1330 Cyg 2440826.       65.   11.18 0.07   11
V1330 Cyg 2440830.       69.   11.11 0.06   10
V1330 Cyg 2440834.       73.   11.37 0.10    7
V1330 Cyg 2440838.       77.   11.38 0.08    9
V1330 Cyg 2440842.       81.   11.34 0.10    7
V1330 Cyg 2440846.       85.   11.40 0.11    4
V1330 Cyg 2440850.       89.   11.51 0.11    7
V1330 Cyg 2440856.       95.   11.54 0.06   10
V1330 Cyg 2440864.      103.   11.64 0.03   13
V1330 Cyg 2440872.      111.   11.60 0.11    2
V1330 Cyg 2440880.      119.   11.78 0.05   11
V1330 Cyg 2440888.      127.   11.98 0.13    8
V1330 Cyg 2440896.      135.   11.70 0.15    1
V1330 Cyg 2440904.      143.   12.10 0.07    5
V1330 Cyg 2440912.      151.   12.08 0.07    5
V1330 Cyg 2440920.      159.   11.92 0.10    6
V1330 Cyg 2440928.      167.   11.73 0.27    3
V1330 Cyg 2440936.      175.   12.00 0.11    2
V1330 Cyg 2440944.      183.   12.55 0.32    2
V1330 Cyg 2440952.      191.   12.94 0.33    5
V1330 Cyg 2440960.      199.   12.80 0.28    2
V1330 Cyg 2440976.      215.   11.70 0.15    1
V1330 Cyg 2440984.      223.   11.90 0.15    1
V1330 Cyg 2441044.      283.   12.95 0.18    2
V1330 Cyg 2441060.      299.   13.05 0.32    2
V1330 Cyg 2441076.      315.   14.70 0.15    1
V1330 Cyg 2441092.      331.   14.40 0.28    2
V1330 Cyg 2441108.      347.   13.70 0.09    3
V1330 Cyg 2441124.      363.   14.40 0.15    7
V1330 Cyg 2441140.      379.   14.63 0.13    4
V1330 Cyg 2441156.      395.   14.69 0.06    7
V1330 Cyg 2441172.      411.   14.73 0.10    4
V1330 Cyg 2441188.      427.   14.94 0.13    7
V1330 Cyg 2441204.      443.   14.80 0.15    1
V1330 Cyg 2441228.      467.   14.80 0.09    3
V1330 Cyg 2441260.      499.   14.84 0.22    5
V1330 Cyg 2441292.      531.   15.30 0.15    1
V1330 Cyg 2441324.      563.   15.43 0.10    3
V1330 Cyg 2441516.      755.   14.63 0.28    3
V1330 Cyg 2441548.      787.   14.83 0.06    7
V1330 Cyg 2441580.      819.   14.90 0.09    5
V1330 Cyg 2441612.      851.   14.80 0.40    3
V1330 Cyg 2441644.      883.   14.60 0.15    1
V1330 Cyg 2441868.     1107.   15.50 0.15    1
V1330 Cyg 2441996.     1235.   14.80 0.15    1
V1500 Cyg 2442654.25      0.25  2.44 0.02   90
V1500 Cyg 2442654.75      0.75  2.13 0.02  103
V1500 Cyg 2442655.25      1.25  1.88 0.03   38
V1500 Cyg 2442655.75      1.75  1.88 0.02   90
V1500 Cyg 2442656.25      2.25  2.16 0.03   39
V1500 Cyg 2442656.75      2.75  2.41 0.03   90
V1500 Cyg 2442657.25      3.25  3.38 0.03   33
V1500 Cyg 2442657.75      3.75  3.71 0.03   73
V1500 Cyg 2442658.25      4.25  4.28 0.04   33
V1500 Cyg 2442658.75      4.75  4.41 0.02   81
V1500 Cyg 2442659.25      5.25  4.67 0.05   26
V1500 Cyg 2442659.75      5.75  4.88 0.03   73
V1500 Cyg 2442660.5       6.5   5.15 0.03   90
V1500 Cyg 2442661.5       7.5   5.49 0.04   69
V1500 Cyg 2442662.5       8.5   5.81 0.03   70
V1500 Cyg 2442663.5       9.5   6.10 0.03   81
V1500 Cyg 2442664.5      10.5   6.29 0.02   85
V1500 Cyg 2442665.5      11.5   6.46 0.02   78
V1500 Cyg 2442666.5      12.5   6.58 0.03   60
V1500 Cyg 2442667.5      13.5   6.67 0.03   36
V1500 Cyg 2442668.5      14.5   6.79 0.03   42
V1500 Cyg 2442669.5      15.5   6.86 0.03   60
V1500 Cyg 2442670.5      16.5   6.93 0.03   52
V1500 Cyg 2442671.5      17.5   6.91 0.04   36
V1500 Cyg 2442672.5      18.5   7.01 0.04   35
V1500 Cyg 2442673.5      19.5   7.13 0.03   39
V1500 Cyg 2442674.5      20.5   7.16 0.03   42
V1500 Cyg 2442675.5      21.5   7.24 0.03   41
V1500 Cyg 2442676.5      22.5   7.35 0.05   28
V1500 Cyg 2442677.5      23.5   7.39 0.04   45
V1500 Cyg 2442678.5      24.5   7.45 0.04   40
V1500 Cyg 2442679.5      25.5   7.35 0.06   22
V1500 Cyg 2442680.5      26.5   7.52 0.06   25
V1500 Cyg 2442681.5      27.5   7.63 0.04   34
V1500 Cyg 2442682.5      28.5   7.60 0.04   50
V1500 Cyg 2442683.5      29.5   7.69 0.04   49
V1500 Cyg 2442684.5      30.5   7.65 0.03   49
V1500 Cyg 2442685.5      31.5   7.73 0.04   49
V1500 Cyg 2442686.5      32.5   7.77 0.05   37
V1500 Cyg 2442687.5      33.5   7.73 0.06   23
V1500 Cyg 2442688.5      34.5   7.97 0.03   47
V1500 Cyg 2442689.5      35.5   7.86 0.04   43
V1500 Cyg 2442690.5      36.5   7.89 0.04   36
V1500 Cyg 2442691.5      37.5   7.86 0.08    8
V1500 Cyg 2442692.5      38.5   8.05 0.03   50
V1500 Cyg 2442693.5      39.5   8.07 0.04   38
V1500 Cyg 2442694.5      40.5   8.30 0.06   26
V1500 Cyg 2442695.5      41.5   8.19 0.07   21
V1500 Cyg 2442696.5      42.5   8.33 0.06   18
V1500 Cyg 2442697.5      43.5   8.19 0.05   35
V1500 Cyg 2442698.5      44.5   8.35 0.04   28
V1500 Cyg 2442699.5      45.5   8.47 0.07   15
V1500 Cyg 2442700.5      46.5   8.42 0.08   11
V1500 Cyg 2442701.5      47.5   8.53 0.05   18
V1500 Cyg 2442702.5      48.5   8.60 0.06   10
V1500 Cyg 2442703.5      49.5   8.46 0.07    5
V1500 Cyg 2442704.5      50.5   8.50 0.14    2
V1500 Cyg 2442705.5      51.5   8.55 0.15    6
V1500 Cyg 2442706.5      52.5   8.64 0.08   10
V1500 Cyg 2442707.5      53.5   8.72 0.05   15
V1500 Cyg 2442708.5      54.5   8.70 0.04   23
V1500 Cyg 2442709.5      55.5   8.73 0.04   36
V1500 Cyg 2442710.5      56.5   8.76 0.06   22
V1500 Cyg 2442711.5      57.5   8.73 0.05   18
V1500 Cyg 2442712.5      58.5   8.79 0.07   18
V1500 Cyg 2442713.5      59.5   8.71 0.04   22
V1500 Cyg 2442714.5      60.5   8.80 0.05   25
V1500 Cyg 2442715.5      61.5   8.83 0.06   17
V1500 Cyg 2442716.5      62.5   8.90 0.05   24
V1500 Cyg 2442717.5      63.5   8.93 0.05   27
V1500 Cyg 2442718.5      64.5   8.97 0.06   20
V1500 Cyg 2442719.5      65.5   8.92 0.06   13
V1500 Cyg 2442720.5      66.5   9.04 0.10   12
V1500 Cyg 2442721.5      67.5   9.00 0.05   32
V1500 Cyg 2442722.5      68.5   8.93 0.04   21
V1500 Cyg 2442723.5      69.5   8.94 0.05   13
V1500 Cyg 2442724.5      70.5   8.93 0.09    8
V1500 Cyg 2442725.5      71.5   9.02 0.06   20
V1500 Cyg 2442726.5      72.5   9.13 0.07   16
V1500 Cyg 2442727.5      73.5   9.04 0.05   24
V1500 Cyg 2442728.5      74.5   9.09 0.06   18
V1500 Cyg 2442729.5      75.5   9.23 0.14    4
V1500 Cyg 2442730.5      76.5   9.03 0.08    7
V1500 Cyg 2442731.5      77.5   9.20 0.07   10
V1500 Cyg 2442732.5      78.5   9.32 0.09   17
V1500 Cyg 2442733.5      79.5   9.25 0.10   13
V1500 Cyg 2442734.5      80.5   9.39 0.17    7
V1500 Cyg 2442735.5      81.5   9.19 0.09   12
V1500 Cyg 2442736.5      82.5   9.19 0.11   10
V1500 Cyg 2442737.5      83.5   9.35 0.08   11
V1500 Cyg 2442738.5      84.5   9.13 0.12    8
V1500 Cyg 2442739.5      85.5   9.27 0.07   26
V1500 Cyg 2442740.5      86.5   9.39 0.07   23
V1500 Cyg 2442741.5      87.5   9.35 0.07   17
V1500 Cyg 2442742.5      88.5   9.34 0.08    7
V1500 Cyg 2442743.5      89.5   9.32 0.10   13
V1500 Cyg 2442744.5      90.5   9.54 0.10   13
V1500 Cyg 2442745.5      91.5   9.52 0.09   18
V1500 Cyg 2442746.5      92.5   9.42 0.11   11
V1500 Cyg 2442747.5      93.5   9.37 0.11   12
V1500 Cyg 2442748.5      94.5   9.51 0.08   20
V1500 Cyg 2442749.5      95.5   9.47 0.08   18
V1500 Cyg 2442752.       98.    9.58 0.04   62
V1500 Cyg 2442756.      102.    9.57 0.05   46
V1500 Cyg 2442760.      106.    9.86 0.04   21
V1500 Cyg 2442764.      110.    9.86 0.05   26
V1500 Cyg 2442768.      114.    9.89 0.06   27
V1500 Cyg 2442772.      118.    9.89 0.05   19
V1500 Cyg 2442776.      122.    9.94 0.03   34
V1500 Cyg 2442780.      126.    9.99 0.04   26
V1500 Cyg 2442784.      130.   10.08 0.04   42
V1500 Cyg 2442788.      134.   10.07 0.03   27
V1500 Cyg 2442792.      138.   10.18 0.06   24
V1500 Cyg 2442796.      142.   10.15 0.04   37
V1500 Cyg 2442800.      146.   10.18 0.03   19
V1500 Cyg 2442804.      150.   10.18 0.04   16
V1500 Cyg 2442808.      154.   10.28 0.04   26
V1500 Cyg 2442812.      158.   10.28 0.04   19
V1500 Cyg 2442816.      162.   10.30 0.04   20
V1500 Cyg 2442820.      166.   10.27 0.05   11
V1500 Cyg 2442824.      170.   10.42 0.07    5
V1500 Cyg 2442828.      174.   10.42 0.05    9
V1500 Cyg 2442832.      178.   10.30 0.07    9
V1500 Cyg 2442836.      182.   10.38 0.04   13
V1500 Cyg 2442840.      186.   10.50 0.04   20
V1500 Cyg 2442844.      190.   10.50 0.06   11
V1500 Cyg 2442848.      194.   10.43 0.08    7
V1500 Cyg 2442852.      198.   10.50 0.12    3
V1500 Cyg 2442856.      202.   10.70 0.11    2
V1500 Cyg 2442860.      206.   10.64 0.11    8
V1500 Cyg 2442864.      210.   10.47 0.05    9
V1500 Cyg 2442868.      214.   10.63 0.06   15
V1500 Cyg 2442872.      218.   10.56 0.06   15
V1500 Cyg 2442876.      222.   10.52 0.05   11
V1500 Cyg 2442880.      226.   10.63 0.07   12
V1500 Cyg 2442884.      230.   10.65 0.11    2
V1500 Cyg 2442888.      234.   10.79 0.05   12
V1500 Cyg 2442892.      238.   10.78 0.06   13
V1500 Cyg 2442896.      242.   10.72 0.07   13
V1500 Cyg 2442900.      246.   10.86 0.08   17
V1500 Cyg 2442904.      250.   10.86 0.05   15
V1500 Cyg 2442908.      254.   10.89 0.07   16
V1500 Cyg 2442912.      258.   10.94 0.12    5
V1500 Cyg 2442916.      262.   10.95 0.10   11
V1500 Cyg 2442920.      266.   10.81 0.05   15
V1500 Cyg 2442924.      270.   11.05 0.08   13
V1500 Cyg 2442928.      274.   11.04 0.07   12
V1500 Cyg 2442932.      278.   11.07 0.07   15
V1500 Cyg 2442936.      282.   11.14 0.05   32
V1500 Cyg 2442940.      286.   11.32 0.11   11
V1500 Cyg 2442944.      290.   11.11 0.09    8
V1500 Cyg 2442948.      294.   11.15 0.05   29
V1500 Cyg 2442952.      298.   11.28 0.10   16
V1500 Cyg 2442956.      302.   11.16 0.04   32
V1500 Cyg 2442960.      306.   11.31 0.06   29
V1500 Cyg 2442964.      310.   11.26 0.06   34
V1500 Cyg 2442968.      314.   11.36 0.10   14
V1500 Cyg 2442972.      318.   11.29 0.11    7
V1500 Cyg 2442976.      322.   11.22 0.04   30
V1500 Cyg 2442980.      326.   11.19 0.05   26
V1500 Cyg 2442984.      330.   11.27 0.06   25
V1500 Cyg 2442988.      334.   11.41 0.07   23
V1500 Cyg 2442992.      338.   11.28 0.05   30
V1500 Cyg 2442996.      342.   11.45 0.06   25
V1500 Cyg 2443000.      346.   11.68 0.09   10
V1500 Cyg 2443004.      350.   11.48 0.09   24
V1500 Cyg 2443008.      354.   11.49 0.05   43
V1500 Cyg 2443012.      358.   11.49 0.04   43
V1500 Cyg 2443016.      362.   11.58 0.07   25
V1500 Cyg 2443020.      366.   11.48 0.05   37
V1500 Cyg 2443024.      370.   11.46 0.07   15
V1500 Cyg 2443028.      374.   11.47 0.06   25
V1500 Cyg 2443032.      378.   11.50 0.06   15
V1500 Cyg 2443036.      382.   11.51 0.07   17
V1500 Cyg 2443040.      386.   11.68 0.05   21
V1500 Cyg 2443044.      390.   11.72 0.05   28
V1500 Cyg 2443048.      394.   11.75 0.05   20
V1500 Cyg 2443052.      398.   11.67 0.07   13
V1500 Cyg 2443056.      402.   11.76 0.09   10
V1500 Cyg 2443060.      406.   11.78 0.06   11
V1500 Cyg 2443064.      410.   11.78 0.06   21
V1500 Cyg 2443068.      414.   11.74 0.06   15
V1500 Cyg 2443072.      418.   11.80 0.06   11
V1500 Cyg 2443076.      422.   11.89 0.04   14
V1500 Cyg 2443080.      426.   11.91 0.05   19
V1500 Cyg 2443084.      430.   11.99 0.08   14
V1500 Cyg 2443088.      434.   11.92 0.11   10
V1500 Cyg 2443092.      438.   11.92 0.07    9
V1500 Cyg 2443096.      442.   11.86 0.07   17
V1500 Cyg 2443100.      446.   11.95 0.06   18
V1500 Cyg 2443106.      452.   11.91 0.03   38
V1500 Cyg 2443114.      460.   11.98 0.04   24
V1500 Cyg 2443122.      468.   11.95 0.05   18
V1500 Cyg 2443130.      476.   12.11 0.05   24
V1500 Cyg 2443138.      484.   12.09 0.05   25
V1500 Cyg 2443146.      492.   12.28 0.05   12
V1500 Cyg 2443154.      500.   12.26 0.05   16
V1500 Cyg 2443162.      508.   12.32 0.06   17
V1500 Cyg 2443170.      516.   12.47 0.05    9
V1500 Cyg 2443178.      524.   12.37 0.05    9
V1500 Cyg 2443186.      532.   12.47 0.09    3
V1500 Cyg 2443194.      540.   12.20 0.12    3
V1500 Cyg 2443202.      548.   12.44 0.07    5
V1500 Cyg 2443218.      564.   12.52 0.07    5
V1500 Cyg 2443226.      572.   12.53 0.09    3
V1500 Cyg 2443234.      580.   12.65 0.05    8
V1500 Cyg 2443242.      588.   12.60 0.04   13
V1500 Cyg 2443250.      596.   12.62 0.05   19
V1500 Cyg 2443258.      604.   12.58 0.08    4
V1500 Cyg 2443266.      612.   12.53 0.08    4
V1500 Cyg 2443274.      620.   12.82 0.09    6
V1500 Cyg 2443282.      628.   12.71 0.06   14
V1500 Cyg 2443290.      636.   12.78 0.03   31
V1500 Cyg 2443298.      644.   12.73 0.05    9
V1500 Cyg 2443306.      652.   12.95 0.08   14
V1500 Cyg 2443314.      660.   13.11 0.06   18
V1500 Cyg 2443322.      668.   12.96 0.08   11
V1500 Cyg 2443330.      676.   13.07 0.09   13
V1500 Cyg 2443338.      684.   13.02 0.05   28
V1500 Cyg 2443346.      692.   13.08 0.05   27
V1500 Cyg 2443354.      700.   13.13 0.07   12
V1500 Cyg 2443362.      708.   13.08 0.07   16
V1500 Cyg 2443370.      716.   13.16 0.07   21
V1500 Cyg 2443378.      724.   13.20 0.06   17
V1500 Cyg 2443386.      732.   13.32 0.15    6
V1500 Cyg 2443394.      740.   13.33 0.07   22
V1500 Cyg 2443402.      748.   13.30 0.05   16
V1500 Cyg 2443410.      756.   13.23 0.10    3
V1500 Cyg 2443418.      764.   13.43 0.06   13
V1500 Cyg 2443426.      772.   13.43 0.08    6
V1500 Cyg 2443434.      780.   13.35 0.10    8
V1500 Cyg 2443442.      788.   13.40 0.08    4
V1500 Cyg 2443450.      796.   13.40 0.06   12
V1500 Cyg 2443458.      804.   13.56 0.10    7
V1500 Cyg 2443466.      812.   13.38 0.08    4
V1500 Cyg 2443482.      828.   13.46 0.11    5
V1500 Cyg 2443490.      836.   13.50 0.15    4
V1500 Cyg 2443498.      844.   13.30 0.15    1
V1500 Cyg 2443506.      852.   13.53 0.11    4
V1500 Cyg 2443514.      860.   13.63 0.08    4
V1500 Cyg 2443522.      868.   13.30 0.15    1
V1500 Cyg 2443530.      876.   13.50 0.15    1
V1500 Cyg 2443582.      928.   13.68 0.09    5
V1500 Cyg 2443646.      992.   13.99 0.05   29
V1500 Cyg 2443710.     1056.   14.13 0.04   33
V1500 Cyg 2443774.     1120.   14.38 0.04   43
V1500 Cyg 2443838.     1184.   14.45 0.07   20
V1500 Cyg 2443966.     1312.   14.30 0.11    2
V1500 Cyg 2444030.     1376.   14.63 0.09    4
V1500 Cyg 2444094.     1440.   14.71 0.09    7
V1500 Cyg 2444158.     1504.   15.04 0.03   19
V1500 Cyg 2444222.     1568.   15.04 0.06   16
V1500 Cyg 2444478.     1824.   15.64 0.11    7
V1500 Cyg 2444542.     1888.   15.38 0.08    4
V1500 Cyg 2446302.     3648.   16.80 0.15    1
V1668 Cyg 2443761.75      0.75  6.93 0.09    6
V1668 Cyg 2443762.75      1.75  6.56 0.04   14
V1668 Cyg 2443763.25      2.25  6.28 0.08    4
V1668 Cyg 2443763.75      2.75  6.41 0.06   13
V1668 Cyg 2443764.25      3.25  6.35 0.05    8
V1668 Cyg 2443764.75      3.75  6.46 0.05   14
V1668 Cyg 2443765.25      4.25  6.27 0.09    3
V1668 Cyg 2443765.75      4.75  6.19 0.07   15
V1668 Cyg 2443766.25      5.25  6.48 0.04   12
V1668 Cyg 2443766.75      5.75  6.81 0.04   23
V1668 Cyg 2443767.25      6.25  6.75 0.04   18
V1668 Cyg 2443767.75      6.75  6.86 0.04   25
V1668 Cyg 2443768.25      7.25  6.78 0.04   19
V1668 Cyg 2443768.75      7.75  6.94 0.04   23
V1668 Cyg 2443769.25      8.25  6.89 0.04   14
V1668 Cyg 2443769.75      8.75  7.09 0.06   14
V1668 Cyg 2443770.25      9.25  7.31 0.10    7
V1668 Cyg 2443770.75      9.75  7.42 0.06   26
V1668 Cyg 2443771.25     10.25  7.53 0.10    7
V1668 Cyg 2443771.75     10.75  7.61 0.05   39
V1668 Cyg 2443772.25     11.25  7.58 0.09    9
V1668 Cyg 2443772.75     11.75  7.70 0.05   35
V1668 Cyg 2443773.25     12.25  7.82 0.10    5
V1668 Cyg 2443773.75     12.75  7.75 0.04   27
V1668 Cyg 2443774.25     13.25  7.90 0.09    4
V1668 Cyg 2443774.75     13.75  7.95 0.05   22
V1668 Cyg 2443775.5      14.5   8.09 0.04   51
V1668 Cyg 2443776.5      15.5   8.14 0.03   51
V1668 Cyg 2443777.5      16.5   8.23 0.03   66
V1668 Cyg 2443778.5      17.5   8.25 0.03   51
V1668 Cyg 2443779.5      18.5   8.36 0.03   39
V1668 Cyg 2443780.5      19.5   8.43 0.02   53
V1668 Cyg 2443781.5      20.5   8.38 0.03   49
V1668 Cyg 2443782.5      21.5   8.39 0.03   30
V1668 Cyg 2443783.5      22.5   8.52 0.04   31
V1668 Cyg 2443784.5      23.5   8.60 0.03   41
V1668 Cyg 2443785.5      24.5   8.63 0.04   23
V1668 Cyg 2443786.5      25.5   8.73 0.05   27
V1668 Cyg 2443787.5      26.5   8.78 0.05   16
V1668 Cyg 2443788.5      27.5   8.96 0.04   34
V1668 Cyg 2443789.5      28.5   8.94 0.03   37
V1668 Cyg 2443790.5      29.5   8.99 0.04   35
V1668 Cyg 2443791.5      30.5   9.12 0.04   40
V1668 Cyg 2443792.5      31.5   9.32 0.05   31
V1668 Cyg 2443793.5      32.5   9.35 0.06   18
V1668 Cyg 2443794.5      33.5   9.52 0.05   16
V1668 Cyg 2443795.5      34.5   9.61 0.05   14
V1668 Cyg 2443796.5      35.5   9.56 0.04   32
V1668 Cyg 2443797.5      36.5   9.56 0.06   17
V1668 Cyg 2443798.5      37.5   9.63 0.06   20
V1668 Cyg 2443799.5      38.5   9.60 0.04   30
V1668 Cyg 2443800.5      39.5   9.60 0.06   17
V1668 Cyg 2443801.5      40.5   9.73 0.07   14
V1668 Cyg 2443802.5      41.5   9.90 0.04   51
V1668 Cyg 2443803.5      42.5   9.92 0.04   47
V1668 Cyg 2443804.5      43.5   9.92 0.05   22
V1668 Cyg 2443805.5      44.5  10.00 0.06   26
V1668 Cyg 2443806.5      45.5  10.17 0.03   36
V1668 Cyg 2443807.5      46.5  10.25 0.05   26
V1668 Cyg 2443808.5      47.5  10.25 0.08   15
V1668 Cyg 2443809.5      48.5  10.14 0.05   38
V1668 Cyg 2443810.5      49.5  10.30 0.04   36
V1668 Cyg 2443811.5      50.5  10.30 0.04   37
V1668 Cyg 2443812.5      51.5  10.29 0.03   47
V1668 Cyg 2443813.5      52.5  10.38 0.04   33
V1668 Cyg 2443814.5      53.5  10.43 0.04   43
V1668 Cyg 2443815.5      54.5  10.47 0.03   39
V1668 Cyg 2443816.5      55.5  10.49 0.03   36
V1668 Cyg 2443817.5      56.5  10.53 0.05   19
V1668 Cyg 2443818.5      57.5  10.53 0.06   22
V1668 Cyg 2443819.5      58.5  10.58 0.06   16
V1668 Cyg 2443820.5      59.5  10.60 0.05   26
V1668 Cyg 2443821.5      60.5  10.50 0.05   20
V1668 Cyg 2443822.5      61.5  10.69 0.05   18
V1668 Cyg 2443823.5      62.5  10.66 0.07    7
V1668 Cyg 2443824.5      63.5  10.60 0.10    7
V1668 Cyg 2443825.5      64.5  10.77 0.11    7
V1668 Cyg 2443826.5      65.5  10.61 0.08    7
V1668 Cyg 2443827.5      66.5  10.67 0.12    6
V1668 Cyg 2443828.5      67.5  10.66 0.06   11
V1668 Cyg 2443829.5      68.5  10.68 0.05   16
V1668 Cyg 2443830.5      69.5  10.63 0.06   13
V1668 Cyg 2443831.5      70.5  10.75 0.05   21
V1668 Cyg 2443832.5      71.5  10.60 0.05   26
V1668 Cyg 2443833.5      72.5  10.76 0.08   14
V1668 Cyg 2443834.5      73.5  10.92 0.05   19
V1668 Cyg 2443835.5      74.5  10.75 0.16    4
V1668 Cyg 2443836.5      75.5  10.80 0.28    2
V1668 Cyg 2443837.5      76.5  10.76 0.06   19
V1668 Cyg 2443838.5      77.5  10.78 0.09   18
V1668 Cyg 2443839.5      78.5  10.99 0.10    8
V1668 Cyg 2443840.5      79.5  10.78 0.10    8
V1668 Cyg 2443841.5      80.5  10.71 0.07   15
V1668 Cyg 2443842.5      81.5  10.74 0.10    8
V1668 Cyg 2443843.5      82.5  10.75 0.07   12
V1668 Cyg 2443844.5      83.5  10.93 0.08   21
V1668 Cyg 2443845.5      84.5  10.94 0.08   14
V1668 Cyg 2443846.5      85.5  10.93 0.12    6
V1668 Cyg 2443847.5      86.5  10.90 0.09   10
V1668 Cyg 2443848.5      87.5  10.91 0.05   24
V1668 Cyg 2443849.5      88.5  10.87 0.08   13
V1668 Cyg 2443850.5      89.5  11.00 0.09    4
V1668 Cyg 2443851.5      90.5  10.86 0.10    5
V1668 Cyg 2443852.5      91.5  10.93 0.09   10
V1668 Cyg 2443853.5      92.5  10.95 0.08   17
V1668 Cyg 2443854.5      93.5  11.04 0.08    5
V1668 Cyg 2443855.5      94.5  10.91 0.08    7
V1668 Cyg 2443856.5      95.5  10.92 0.12    6
V1668 Cyg 2443857.5      96.5  11.02 0.13   10
V1668 Cyg 2443858.5      97.5  11.04 0.09   15
V1668 Cyg 2443859.5      98.5  11.13 0.07    8
V1668 Cyg 2443860.5      99.5  10.84 0.07   14
V1668 Cyg 2443861.5     100.5  11.14 0.10    8
V1668 Cyg 2443862.5     101.5  11.13 0.10   11
V1668 Cyg 2443863.5     102.5  11.00 0.19    5
V1668 Cyg 2443864.5     103.5  11.11 0.09    7
V1668 Cyg 2443865.5     104.5  11.01 0.07   16
V1668 Cyg 2443866.5     105.5  10.99 0.08   16
V1668 Cyg 2443867.5     106.5  11.00 0.08    4
V1668 Cyg 2443868.5     107.5  10.94 0.07   14
V1668 Cyg 2443869.5     108.5  11.04 0.16    7
V1668 Cyg 2443872.      111.   11.08 0.05   48
V1668 Cyg 2443876.      115.   11.09 0.05   28
V1668 Cyg 2443880.      119.   11.19 0.05   21
V1668 Cyg 2443884.      123.   11.21 0.07   15
V1668 Cyg 2443888.      127.   11.29 0.11   11
V1668 Cyg 2443892.      131.   11.30 0.05   20
V1668 Cyg 2443896.      135.   11.46 0.07    8
V1668 Cyg 2443900.      139.   11.56 0.04   12
V1668 Cyg 2443904.      143.   11.51 0.05   12
V1668 Cyg 2443908.      147.   11.64 0.06   11
V1668 Cyg 2443912.      151.   11.58 0.07   12
V1668 Cyg 2443916.      155.   11.71 0.04   10
V1668 Cyg 2443920.      159.   11.72 0.07    5
V1668 Cyg 2443924.      163.   11.90 0.11    2
V1668 Cyg 2443928.      167.   11.90 0.09    3
V1668 Cyg 2443932.      171.   11.77 0.13    6
V1668 Cyg 2443936.      175.   12.30 0.21    2
V1668 Cyg 2443940.      179.   12.17 0.19    3
V1668 Cyg 2443944.      183.   11.90 0.15    1
V1668 Cyg 2443948.      187.   12.00 0.15    1
V1668 Cyg 2443952.      191.   12.10 0.08    4
V1668 Cyg 2443956.      195.   11.96 0.04   10
V1668 Cyg 2443960.      199.   12.10 0.08    4
V1668 Cyg 2443964.      203.   12.23 0.11    3
V1668 Cyg 2443968.      207.   12.15 0.11    2
V1668 Cyg 2443972.      211.   12.04 0.12    5
V1668 Cyg 2443976.      215.   12.27 0.14    3
V1668 Cyg 2443980.      219.   12.21 0.05    9
V1668 Cyg 2443984.      223.   12.15 0.06    8
V1668 Cyg 2443988.      227.   12.30 0.06    7
V1668 Cyg 2443992.      231.   12.35 0.05   11
V1668 Cyg 2443996.      235.   12.37 0.05    9
V1668 Cyg 2444000.      239.   12.33 0.06    6
V1668 Cyg 2444004.      243.   12.46 0.07    5
V1668 Cyg 2444012.      251.   12.37 0.09    7
V1668 Cyg 2444016.      255.   12.45 0.08    8
V1668 Cyg 2444020.      259.   12.49 0.10    7
V1668 Cyg 2444024.      263.   12.63 0.08    9
V1668 Cyg 2444028.      267.   12.55 0.11    6
V1668 Cyg 2444032.      271.   12.50 0.12    5
V1668 Cyg 2444036.      275.   12.62 0.06   13
V1668 Cyg 2444040.      279.   12.61 0.06   16
V1668 Cyg 2444044.      283.   12.62 0.06   10
V1668 Cyg 2444048.      287.   12.65 0.07   13
V1668 Cyg 2444052.      291.   12.64 0.06   16
V1668 Cyg 2444056.      295.   12.71 0.07   10
V1668 Cyg 2444060.      299.   12.73 0.05   15
V1668 Cyg 2444064.      303.   12.77 0.06    7
V1668 Cyg 2444068.      307.   12.82 0.06   10
V1668 Cyg 2444072.      311.   12.87 0.05   15
V1668 Cyg 2444076.      315.   12.83 0.04   15
V1668 Cyg 2444080.      319.   12.82 0.06   13
V1668 Cyg 2444084.      323.   12.86 0.05   12
V1668 Cyg 2444088.      327.   13.02 0.05    9
V1668 Cyg 2444092.      331.   12.91 0.06   11
V1668 Cyg 2444096.      335.   13.03 0.04   12
V1668 Cyg 2444100.      339.   13.07 0.05   26
V1668 Cyg 2444104.      343.   13.09 0.06   11
V1668 Cyg 2444108.      347.   13.23 0.08    8
V1668 Cyg 2444112.      351.   13.18 0.08   12
V1668 Cyg 2444116.      355.   13.09 0.09   15
V1668 Cyg 2444120.      359.   13.27 0.09    6
V1668 Cyg 2444124.      363.   13.14 0.15    7
V1668 Cyg 2444128.      367.   13.24 0.07   12
V1668 Cyg 2444132.      371.   13.36 0.05   25
V1668 Cyg 2444136.      375.   13.23 0.06   15
V1668 Cyg 2444140.      379.   13.42 0.07   19
V1668 Cyg 2444144.      383.   13.44 0.07   14
V1668 Cyg 2444148.      387.   13.40 0.09    5
V1668 Cyg 2444152.      391.   13.00 0.15    1
V1668 Cyg 2444156.      395.   13.51 0.05   10
V1668 Cyg 2444160.      399.   13.55 0.05   15
V1668 Cyg 2444164.      403.   13.46 0.07    5
V1668 Cyg 2444168.      407.   13.57 0.05   15
V1668 Cyg 2444172.      411.   13.55 0.09    8
V1668 Cyg 2444176.      415.   13.50 0.10    6
V1668 Cyg 2444180.      419.   13.55 0.11    2
V1668 Cyg 2444184.      423.   13.53 0.05    8
V1668 Cyg 2444188.      427.   13.67 0.07    9
V1668 Cyg 2444192.      431.   13.68 0.05    9
V1668 Cyg 2444196.      435.   13.73 0.05   18
V1668 Cyg 2444200.      439.   13.77 0.09    3
V1668 Cyg 2444204.      443.   13.73 0.07    8
V1668 Cyg 2444208.      447.   13.67 0.12    3
V1668 Cyg 2444212.      451.   13.76 0.10    5
V1668 Cyg 2444216.      455.   13.72 0.08   13
V1668 Cyg 2444220.      459.   14.02 0.09    6
V1668 Cyg 2444224.      463.   13.84 0.09    8
V1668 Cyg 2444228.      467.   13.93 0.10    6
V1668 Cyg 2444232.      471.   13.83 0.15    3
V1668 Cyg 2444236.      475.   13.60 0.15    1
V1668 Cyg 2444240.      479.   13.80 0.15    1
V1668 Cyg 2444244.      483.   13.85 0.11    2
V1668 Cyg 2444248.      487.   14.10 0.11    2
V1668 Cyg 2444252.      491.   13.93 0.09    3
V1668 Cyg 2444256.      495.   14.00 0.15    1
V1668 Cyg 2444268.      507.   14.00 0.15    1
V1668 Cyg 2444276.      515.   14.00 0.15    1
V1668 Cyg 2444280.      519.   13.70 0.15    1
V1668 Cyg 2444338.      577.   13.80 0.15    1
V1668 Cyg 2444354.      593.   13.80 0.15    1
V1668 Cyg 2444370.      609.   14.32 0.08    6
V1668 Cyg 2444402.      641.   14.27 0.06    6
V1668 Cyg 2444434.      673.   14.57 0.08    6
V1668 Cyg 2444450.      689.   14.85 0.11    2
V1668 Cyg 2444466.      705.   14.72 0.06   13
V1668 Cyg 2444482.      721.   14.71 0.05    9
V1668 Cyg 2444498.      737.   14.67 0.11    6
V1668 Cyg 2444514.      753.   14.83 0.06    6
V1668 Cyg 2444530.      769.   14.67 0.17    3
V1668 Cyg 2444546.      785.   14.97 0.07    6
V1668 Cyg 2444578.      817.   14.80 0.15    1
V1668 Cyg 2444594.      833.   15.05 0.11    2
V1668 Cyg 2444618.      857.   15.00 0.15    1
V1668 Cyg 2444682.      921.   14.90 0.15    1
V1668 Cyg 2444714.      953.   15.00 0.15    1
V1668 Cyg 2444778.     1017.   15.27 0.09    3
V1668 Cyg 2444810.     1049.   15.40 0.12    4
V1668 Cyg 2444842.     1081.   15.38 0.16    5
V1668 Cyg 2444874.     1113.   15.68 0.17    4
V1668 Cyg 2444906.     1145.   16.10 0.09    3
V1668 Cyg 2444938.     1177.   16.00 0.07    5
V1668 Cyg 2445002.     1241.   15.80 0.15    1
V1668 Cyg 2445130.     1369.   16.00 0.11    2
V1668 Cyg 2445162.     1401.   16.20 0.15    1
V1668 Cyg 2445194.     1433.   16.37 0.09    3
V1668 Cyg 2445562.     1801.   16.80 0.15    1
V1668 Cyg 2445626.     1865.   16.20 0.11    2
V1668 Cyg 2445882.     2121.   16.50 0.15    1
V1668 Cyg 2445946.     2185.   16.64 0.05    8
V1668 Cyg 2446010.     2249.   16.67 0.07    7
V1668 Cyg 2446266.     2505.   16.79 0.06    7
V1668 Cyg 2446330.     2569.   16.83 0.04   10
V1819 Cyg 2446647.5       0.5   9.30 0.15    1
V1819 Cyg 2446658.5      11.5   9.80 0.15    1
V1819 Cyg 2446659.5      12.5   9.87 0.19    3
V1819 Cyg 2446660.5      13.5   9.50 0.11    2
V1819 Cyg 2446661.5      14.5  10.24 0.07    5
V1819 Cyg 2446662.5      15.5  10.00 0.19    3
V1819 Cyg 2446663.5      16.5   9.83 0.09    7
V1819 Cyg 2446664.5      17.5  10.26 0.15    5
V1819 Cyg 2446665.5      18.5  10.58 0.11    5
V1819 Cyg 2446666.5      19.5  10.09 0.09    7
V1819 Cyg 2446667.5      20.5  10.33 0.06   15
V1819 Cyg 2446668.5      21.5  10.34 0.06   17
V1819 Cyg 2446669.5      22.5  10.24 0.05   11
V1819 Cyg 2446670.5      23.5  10.34 0.06   11
V1819 Cyg 2446671.5      24.5  10.37 0.04   33
V1819 Cyg 2446672.5      25.5  10.47 0.05   33
V1819 Cyg 2446673.5      26.5  10.40 0.05   29
V1819 Cyg 2446674.5      27.5  10.57 0.05   33
V1819 Cyg 2446675.5      28.5  10.58 0.05   16
V1819 Cyg 2446676.5      29.5  10.72 0.07   16
V1819 Cyg 2446677.5      30.5  10.44 0.06   21
V1819 Cyg 2446678.5      31.5  10.56 0.04   23
V1819 Cyg 2446679.5      32.5  10.46 0.04   26
V1819 Cyg 2446680.5      33.5  10.28 0.05   20
V1819 Cyg 2446681.5      34.5  10.43 0.05   28
V1819 Cyg 2446682.5      35.5  10.50 0.07   26
V1819 Cyg 2446683.5      36.5  10.20 0.05   27
V1819 Cyg 2446684.5      37.5  10.31 0.03   22
V1819 Cyg 2446685.5      38.5  10.47 0.05   12
V1819 Cyg 2446686.5      39.5  10.73 0.08   16
V1819 Cyg 2446687.5      40.5  10.77 0.07   15
V1819 Cyg 2446688.5      41.5  10.99 0.11    7
V1819 Cyg 2446689.5      42.5  11.06 0.13    5
V1819 Cyg 2446690.5      43.5  10.92 0.07   13
V1819 Cyg 2446691.5      44.5  11.18 0.18    5
V1819 Cyg 2446692.5      45.5  10.76 0.05   15
V1819 Cyg 2446693.5      46.5  10.73 0.05   20
V1819 Cyg 2446694.5      47.5  10.72 0.08   11
V1819 Cyg 2446695.5      48.5  10.69 0.07   17
V1819 Cyg 2446696.5      49.5  10.77 0.07   15
V1819 Cyg 2446697.5      50.5  10.69 0.07   11
V1819 Cyg 2446698.5      51.5  10.84 0.07   16
V1819 Cyg 2446699.5      52.5  10.70 0.05   21
V1819 Cyg 2446700.5      53.5  10.56 0.06   18
V1819 Cyg 2446701.5      54.5  10.66 0.05   17
V1819 Cyg 2446702.5      55.5  10.51 0.05   18
V1819 Cyg 2446703.5      56.5  10.80 0.07   14
V1819 Cyg 2446704.5      57.5  10.67 0.07   15
V1819 Cyg 2446705.5      58.5  10.62 0.04   18
V1819 Cyg 2446706.5      59.5  10.38 0.06   21
V1819 Cyg 2446707.5      60.5  10.43 0.08   17
V1819 Cyg 2446708.5      61.5  10.42 0.04   23
V1819 Cyg 2446709.5      62.5  10.43 0.05   23
V1819 Cyg 2446710.5      63.5  10.20 0.06   26
V1819 Cyg 2446711.5      64.5  10.23 0.06   22
V1819 Cyg 2446712.5      65.5  10.34 0.08   13
V1819 Cyg 2446713.5      66.5  10.61 0.07   15
V1819 Cyg 2446714.5      67.5  10.88 0.07   22
V1819 Cyg 2446715.5      68.5  11.00 0.09   13
V1819 Cyg 2446716.5      69.5  11.08 0.11   13
V1819 Cyg 2446717.5      70.5  10.92 0.15    5
V1819 Cyg 2446718.5      71.5  11.24 0.13    5
V1819 Cyg 2446719.5      72.5  11.26 0.14    8
V1819 Cyg 2446720.5      73.5  11.33 0.16    6
V1819 Cyg 2446721.5      74.5  11.44 0.06   11
V1819 Cyg 2446722.5      75.5  11.29 0.11   10
V1819 Cyg 2446723.5      76.5  11.30 0.08   13
V1819 Cyg 2446724.5      77.5  10.93 0.10   10
V1819 Cyg 2446725.5      78.5  10.60 0.12    5
V1819 Cyg 2446726.5      79.5  10.80 0.05    9
V1819 Cyg 2446727.5      80.5  10.45 0.08   11
V1819 Cyg 2446728.5      81.5  10.67 0.06   18
V1819 Cyg 2446729.5      82.5  10.85 0.07   11
V1819 Cyg 2446730.5      83.5  10.76 0.06   12
V1819 Cyg 2446731.5      84.5  10.81 0.06    7
V1819 Cyg 2446732.5      85.5  10.42 0.06   18
V1819 Cyg 2446733.5      86.5  10.48 0.05   24
V1819 Cyg 2446734.5      87.5  10.74 0.07   15
V1819 Cyg 2446735.5      88.5  10.72 0.07   13
V1819 Cyg 2446736.5      89.5  11.06 0.11   11
V1819 Cyg 2446737.5      90.5  11.13 0.09   15
V1819 Cyg 2446738.5      91.5  11.23 0.09   12
V1819 Cyg 2446739.5      92.5  11.27 0.09   14
V1819 Cyg 2446740.5      93.5  11.83 0.09    3
V1819 Cyg 2446741.5      94.5  11.57 0.08   19
V1819 Cyg 2446742.5      95.5  11.19 0.14    8
V1819 Cyg 2446743.5      96.5  11.38 0.10   12
V1819 Cyg 2446744.5      97.5  11.37 0.08   15
V1819 Cyg 2446745.5      98.5  11.37 0.09   10
V1819 Cyg 2446746.5      99.5  11.41 0.08    9
V1819 Cyg 2446747.5     100.5  11.43 0.08    9
V1819 Cyg 2446748.5     101.5  11.34 0.08    9
V1819 Cyg 2446749.5     102.5  11.57 0.06    6
V1819 Cyg 2446751.0     104.0  11.43 0.07   12
V1819 Cyg 2446753.0     106.0  11.52 0.04   10
V1819 Cyg 2446755.0     108.0  11.64 0.06   19
V1819 Cyg 2446757.0     110.0  11.43 0.05   17
V1819 Cyg 2446759.0     112.0  11.54 0.06   16
V1819 Cyg 2446761.0     114.0  11.79 0.05   30
V1819 Cyg 2446763.0     116.0  11.82 0.04   30
V1819 Cyg 2446765.0     118.0  11.79 0.03   35
V1819 Cyg 2446767.0     120.0  11.97 0.05    9
V1819 Cyg 2446769.0     122.0  12.01 0.04   27
V1819 Cyg 2446771.0     124.0  11.88 0.06   23
V1819 Cyg 2446773.0     126.0  12.19 0.06    8
V1819 Cyg 2446775.0     128.0  12.11 0.06    9
V1819 Cyg 2446777.0     130.0  12.14 0.08    7
V1819 Cyg 2446779.0     132.0  12.20 0.09    8
V1819 Cyg 2446781.0     134.0  12.18 0.07    5
V1819 Cyg 2446783.0     136.0  12.15 0.08    4
V1819 Cyg 2446785.0     138.0  12.19 0.06   17
V1819 Cyg 2446787.0     140.0  11.95 0.09   11
V1819 Cyg 2446789.0     142.0  12.05 0.10   10
V1819 Cyg 2446791.0     144.0  12.36 0.09    7
V1819 Cyg 2446793.0     146.0  12.21 0.05   14
V1819 Cyg 2446795.0     148.0  12.24 0.06   11
V1819 Cyg 2446797.0     150.0  12.30 0.07    8
V1819 Cyg 2446799.0     152.0  12.30 0.09   11
V1819 Cyg 2446804.0     157.0  12.23 0.09   15
V1819 Cyg 2446812.0     165.0  12.03 0.12    6
V1819 Cyg 2446820.0     173.0  12.43 0.09    3
V1819 Cyg 2446828.0     181.0  11.96 0.19   11
V1819 Cyg 2446836.0     189.0  12.43 0.20    3
V1819 Cyg 2446844.0     197.0  12.90 0.28    2
V1819 Cyg 2446852.0     205.0  12.72 0.08    6
V1819 Cyg 2446860.0     213.0  12.90 0.21    2
V1819 Cyg 2446868.0     221.0  12.67 0.14    3
V1819 Cyg 2446876.0     229.0  12.60 0.11    2
V1819 Cyg 2446884.0     237.0  12.80 0.15    1
V1819 Cyg 2446892.0     245.0  12.85 0.20    4
V1819 Cyg 2446900.0     253.0  12.73 0.08    4
V1819 Cyg 2446908.0     261.0  12.86 0.12   13
V1819 Cyg 2446916.0     269.0  12.94 0.09   13
V1819 Cyg 2446924.0     277.0  12.93 0.16    4
V1819 Cyg 2446932.0     285.0  12.75 0.11    2
V1819 Cyg 2446940.0     293.0  12.94 0.08    8
V1819 Cyg 2446948.0     301.0  13.37 0.09    7
V1819 Cyg 2446956.0     309.0  12.73 0.17    7
V1819 Cyg 2446964.0     317.0  12.83 0.11   16
V1819 Cyg 2446972.0     325.0  12.91 0.09   14
V1819 Cyg 2446980.0     333.0  12.76 0.05   14
V1819 Cyg 2446988.0     341.0  12.72 0.07    9
V1819 Cyg 2446996.0     349.0  12.97 0.09   23
V1819 Cyg 2447008.0     361.0  12.90 0.05   46
V1819 Cyg 2447024.0     377.0  12.92 0.04   52
V1819 Cyg 2447040.0     393.0  12.93 0.04   61
V1819 Cyg 2447056.0     409.0  13.08 0.04   64
V1819 Cyg 2447072.0     425.0  13.03 0.05   41
V1819 Cyg 2447088.0     441.0  13.04 0.06   51
V1819 Cyg 2447104.0     457.0  13.20 0.10   18
V1819 Cyg 2447120.0     473.0  13.23 0.07   32
V1819 Cyg 2447136.0     489.0  13.31 0.19   10
V1819 Cyg 2447152.0     505.0  13.64 0.19    5
V1819 Cyg 2447168.0     521.0  13.44 0.14    9
V1819 Cyg 2447184.0     537.0  13.07 0.22    3
V1819 Cyg 2447200.0     553.0  13.60 0.15    1
V1819 Cyg 2447216.0     569.0  13.33 0.14    3
V1819 Cyg 2447232.0     585.0  13.03 0.35    3
V1819 Cyg 2447248.0     601.0  14.15 0.11    2
V1819 Cyg 2447264.0     617.0  13.51 0.05    8
V1819 Cyg 2447280.0     633.0  13.60 0.14    5
V1819 Cyg 2447296.0     649.0  13.94 0.13    5
V1819 Cyg 2447312.0     665.0  14.18 0.10    4
V1819 Cyg 2447328.0     681.0  13.74 0.09   23
V1819 Cyg 2447344.0     697.0  14.16 0.03   14
V1819 Cyg 2447360.0     713.0  14.04 0.03   30
V1819 Cyg 2447376.0     729.0  14.12 0.02   35
V1819 Cyg 2447392.0     745.0  14.17 0.03   33
V1819 Cyg 2447408.0     761.0  14.12 0.05   25
V1819 Cyg 2447424.0     777.0  14.09 0.03   25
V1819 Cyg 2447440.0     793.0  14.18 0.05   19
V1819 Cyg 2447456.0     809.0  14.24 0.09    7
V1819 Cyg 2447472.0     825.0  14.23 0.03   23
V1819 Cyg 2447488.0     841.0  14.26 0.06   10
V1819 Cyg 2447504.0     857.0  14.17 0.05   13
V1819 Cyg 2447528.0     881.0  14.25 0.10    6
V1819 Cyg 2447560.0     913.0  14.70 0.15    1
V1819 Cyg 2447656.     1009.   15.00 0.11    2
V1819 Cyg 2447688.     1041.   15.20 0.08    4
V1819 Cyg 2447720.     1073.   15.10 0.11    2
V1819 Cyg 2447752.     1105.   15.41 0.08    8
V1819 Cyg 2447784.     1137.   15.46 0.05    8
V1819 Cyg 2447816.     1169.   15.50 0.09    3
V1819 Cyg 2447848.     1201.   15.65 0.11    2
V1819 Cyg 2448056.     1409.   15.77 0.18    3
V1819 Cyg 2448120.     1473.   15.70 0.08    4
V1819 Cyg 2448184.     1537.   15.75 0.11    2
V1974 Cyg 2448671.8       0.8   7.20 0.15    1
V1974 Cyg 2448672.3       1.3   6.10 0.15    1
V1974 Cyg 2448672.8       1.8   5.23 0.10    3
V1974 Cyg 2448673.3       2.3   4.85 0.11    2
V1974 Cyg 2448673.8       2.8   4.62 0.07    5
V1974 Cyg 2448674.3       3.3   4.44 0.10    5
V1974 Cyg 2448674.8       3.8   4.43 0.08    4
V1974 Cyg 2448675.3       4.3   4.27 0.23    3
V1974 Cyg 2448675.8       4.8   4.46 0.07    7
V1974 Cyg 2448676.3       5.3   4.59 0.04   17
V1974 Cyg 2448676.8       5.8   4.53 0.04   18
V1974 Cyg 2448677.3       6.3   4.50 0.15    7
V1974 Cyg 2448677.8       6.8   4.50 0.10    7
V1974 Cyg 2448678.3       7.3   4.71 0.09   11
V1974 Cyg 2448678.8       7.8   4.78 0.07   13
V1974 Cyg 2448679.3       8.3   4.52 0.12   11
V1974 Cyg 2448679.8       8.8   4.82 0.03   27
V1974 Cyg 2448680.5       9.5   4.83 0.03   61
V1974 Cyg 2448681.5      10.5   5.08 0.03   70
V1974 Cyg 2448682.5      11.5   5.25 0.02   86
V1974 Cyg 2448683.5      12.5   5.66 0.04   41
V1974 Cyg 2448684.5      13.5   5.77 0.09    9
V1974 Cyg 2448685.5      14.5   5.79 0.02   42
V1974 Cyg 2448686.5      15.5   5.79 0.03   32
V1974 Cyg 2448687.5      16.5   5.84 0.05   16
V1974 Cyg 2448688.5      17.5   5.85 0.04   27
V1974 Cyg 2448689.5      18.5   5.95 0.03   13
V1974 Cyg 2448690.5      19.5   6.09 0.02   30
V1974 Cyg 2448691.5      20.5   6.28 0.03   26
V1974 Cyg 2448692.5      21.5   6.36 0.03   25
V1974 Cyg 2448693.5      22.5   6.47 0.04   19
V1974 Cyg 2448694.5      23.5   6.30 0.04   16
V1974 Cyg 2448695.5      24.5   6.36 0.04   18
V1974 Cyg 2448696.5      25.5   6.40 0.03   13
V1974 Cyg 2448697.5      26.5   6.50 0.05   26
V1974 Cyg 2448698.5      27.5   6.47 0.04   10
V1974 Cyg 2448699.5      28.5   6.46 0.04   10
V1974 Cyg 2448700.5      29.5   6.73 0.02   22
V1974 Cyg 2448701.5      30.5   6.83 0.08   10
V1974 Cyg 2448702.5      31.5   6.88 0.05   12
V1974 Cyg 2448703.5      32.5   6.78 0.07    5
V1974 Cyg 2448704.5      33.5   6.78 0.07   12
V1974 Cyg 2448705.5      34.5   7.02 0.04   13
V1974 Cyg 2448706.5      35.5   6.90 0.07    5
V1974 Cyg 2448707.5      36.5   7.25 0.09    4
V1974 Cyg 2448708.5      37.5   7.00 0.13    5
V1974 Cyg 2448709.5      38.5   7.16 0.08   10
V1974 Cyg 2448710.5      39.5   7.06 0.04   16
V1974 Cyg 2448711.5      40.5   7.03 0.10   12
V1974 Cyg 2448712.5      41.5   7.13 0.05   20
V1974 Cyg 2448713.5      42.5   7.18 0.07   13
V1974 Cyg 2448714.5      43.5   7.21 0.06   13
V1974 Cyg 2448715.5      44.5   7.41 0.06    9
V1974 Cyg 2448716.5      45.5   7.26 0.06    7
V1974 Cyg 2448717.5      46.5   7.26 0.05   15
V1974 Cyg 2448718.5      47.5   7.30 0.04   14
V1974 Cyg 2448719.5      48.5   7.37 0.05    9
V1974 Cyg 2448720.5      49.5   7.39 0.02   17
V1974 Cyg 2448721.5      50.5   7.42 0.05   18
V1974 Cyg 2448722.5      51.5   7.45 0.05   22
V1974 Cyg 2448723.5      52.5   7.56 0.04   18
V1974 Cyg 2448724.5      53.5   7.61 0.05   18
V1974 Cyg 2448725.5      54.5   7.62 0.05   13
V1974 Cyg 2448726.5      55.5   7.77 0.07    6
V1974 Cyg 2448727.5      56.5   7.75 0.06   10
V1974 Cyg 2448728.5      57.5   7.83 0.09    6
V1974 Cyg 2448729.5      58.5   7.78 0.08    6
V1974 Cyg 2448730.5      59.5   8.13 0.09    3
V1974 Cyg 2448731.5      60.5   7.99 0.08    7
V1974 Cyg 2448732.5      61.5   7.95 0.05   21
V1974 Cyg 2448733.5      62.5   7.92 0.05   21
V1974 Cyg 2448734.5      63.5   8.11 0.06   12
V1974 Cyg 2448735.5      64.5   8.01 0.07    7
V1974 Cyg 2448736.5      65.5   8.19 0.07    9
V1974 Cyg 2448737.5      66.5   7.99 0.04   14
V1974 Cyg 2448738.5      67.5   8.04 0.04   22
V1974 Cyg 2448739.5      68.5   8.17 0.08    9
V1974 Cyg 2448740.5      69.5   8.12 0.06   13
V1974 Cyg 2448741.5      70.5   8.19 0.05   16
V1974 Cyg 2448742.5      71.5   8.14 0.05   20
V1974 Cyg 2448743.5      72.5   8.22 0.06    6
V1974 Cyg 2448744.5      73.5   8.13 0.08   10
V1974 Cyg 2448745.5      74.5   8.09 0.05   21
V1974 Cyg 2448746.5      75.5   8.11 0.05   27
V1974 Cyg 2448747.5      76.5   8.09 0.03   16
V1974 Cyg 2448748.5      77.5   8.01 0.07   10
V1974 Cyg 2448749.5      78.5   8.14 0.07   12
V1974 Cyg 2448752.0      81.0   8.16 0.03   46
V1974 Cyg 2448756.0      85.0   8.21 0.02   74
V1974 Cyg 2448760.0      89.0   8.20 0.02   62
V1974 Cyg 2448764.0      93.0   8.24 0.02   91
V1974 Cyg 2448768.0      97.0   8.27 0.03   77
V1974 Cyg 2448772.0     101.0   8.31 0.04   66
V1974 Cyg 2448776.0     105.0   8.30 0.04   51
V1974 Cyg 2448780.0     109.0   8.36 0.05   39
V1974 Cyg 2448784.0     113.0   8.38 0.04   63
V1974 Cyg 2448788.0     117.0   8.43 0.04   51
V1974 Cyg 2448792.0     121.0   8.49 0.04   51
V1974 Cyg 2448796.0     125.0   8.57 0.04   59
V1974 Cyg 2448800.0     129.0   8.72 0.03   99
V1974 Cyg 2448804.0     133.0   8.66 0.04   76
V1974 Cyg 2448808.0     137.0   8.64 0.04   53
V1974 Cyg 2448812.0     141.0   8.76 0.03   75
V1974 Cyg 2448816.0     145.0   8.72 0.05   42
V1974 Cyg 2448820.0     149.0   8.78 0.05   46
V1974 Cyg 2448824.0     153.0   8.78 0.03  108
V1974 Cyg 2448828.0     157.0   8.78 0.03   84
V1974 Cyg 2448832.0     161.0   8.89 0.02  130
V1974 Cyg 2448836.0     165.0   8.90 0.03   97
V1974 Cyg 2448840.0     169.0   8.95 0.03  112
V1974 Cyg 2448844.0     173.0   8.88 0.04   83
V1974 Cyg 2448848.0     177.0   8.89 0.05   42
V1974 Cyg 2448852.0     181.0   8.99 0.04   76
V1974 Cyg 2448856.0     185.0   8.96 0.03  100
V1974 Cyg 2448860.0     189.0   9.08 0.04   72
V1974 Cyg 2448864.0     193.0   9.15 0.04  101
V1974 Cyg 2448868.0     197.0   9.15 0.04   85
V1974 Cyg 2448872.0     201.0   9.07 0.04  103
V1974 Cyg 2448876.0     205.0   9.19 0.05   66
V1974 Cyg 2448880.0     209.0   9.23 0.06   50
V1974 Cyg 2448884.0     213.0   9.23 0.04   98
V1974 Cyg 2448888.0     217.0   9.28 0.05   68
V1974 Cyg 2448892.0     221.0   9.18 0.04  108
V1974 Cyg 2448896.0     225.0   9.23 0.04   84
V1974 Cyg 2448900.0     229.0   9.15 0.06   59
V1974 Cyg 2448904.0     233.0   9.07 0.05   53
V1974 Cyg 2448908.0     237.0   9.30 0.04   84
V1974 Cyg 2448912.0     241.0   9.27 0.06   64
V1974 Cyg 2448916.0     245.0   9.32 0.04   68
V1974 Cyg 2448920.0     249.0   9.30 0.04   68
V1974 Cyg 2448924.0     253.0   9.41 0.04   67
V1974 Cyg 2448928.0     257.0   9.43 0.06   41
V1974 Cyg 2448932.0     261.0   9.59 0.04   43
V1974 Cyg 2448936.0     265.0   9.57 0.06   38
V1974 Cyg 2448940.0     269.0   9.62 0.05   58
V1974 Cyg 2448944.0     273.0   9.68 0.05   48
V1974 Cyg 2448948.0     277.0   9.77 0.05   46
V1974 Cyg 2448952.0     281.0   9.80 0.05   52
V1974 Cyg 2448956.0     285.0   9.79 0.04   56
V1974 Cyg 2448960.0     289.0   9.88 0.04   40
V1974 Cyg 2448964.0     293.0   9.96 0.06   28
V1974 Cyg 2448968.0     297.0   9.91 0.06   33
V1974 Cyg 2448972.0     301.0   9.99 0.04   38
V1974 Cyg 2448976.0     305.0  10.05 0.04   51
V1974 Cyg 2448980.0     309.0  10.15 0.04   38
V1974 Cyg 2448984.0     313.0  10.12 0.03   60
V1974 Cyg 2448988.0     317.0  10.12 0.04   53
V1974 Cyg 2448992.0     321.0  10.24 0.04   29
V1974 Cyg 2448996.0     325.0  10.26 0.06   18
V1974 Cyg 2449000.0     329.0  10.28 0.04   24
V1974 Cyg 2449006.0     335.0  10.28 0.03   97
V1974 Cyg 2449014.0     343.0  10.47 0.03   45
V1974 Cyg 2449022.0     351.0  10.55 0.03   34
V1974 Cyg 2449030.0     359.0  10.60 0.03   24
V1974 Cyg 2449038.0     367.0  10.61 0.03   32
V1974 Cyg 2449046.0     375.0  10.81 0.04   39
V1974 Cyg 2449054.0     383.0  10.91 0.04   20
V1974 Cyg 2449062.0     391.0  10.99 0.04   32
V1974 Cyg 2449070.0     399.0  11.02 0.03   56
V1974 Cyg 2449078.0     407.0  11.05 0.04   30
V1974 Cyg 2449086.0     415.0  11.21 0.03   27
V1974 Cyg 2449094.0     423.0  11.31 0.02   48
V1974 Cyg 2449102.0     431.0  11.47 0.03   57
V1974 Cyg 2449110.0     439.0  11.56 0.04   34
V1974 Cyg 2449118.0     447.0  11.64 0.03   62
V1974 Cyg 2449126.0     455.0  11.81 0.03   82
V1974 Cyg 2449134.0     463.0  11.95 0.03   74
V1974 Cyg 2449142.0     471.0  11.96 0.03   44
V1974 Cyg 2449150.0     479.0  12.08 0.04   55
V1974 Cyg 2449158.0     487.0  12.14 0.03   68
V1974 Cyg 2449166.0     495.0  12.25 0.02   79
V1974 Cyg 2449174.0     503.0  12.35 0.02   49
V1974 Cyg 2449182.0     511.0  12.33 0.02   64
V1974 Cyg 2449190.0     519.0  12.41 0.03   60
V1974 Cyg 2449198.0     527.0  12.43 0.03   45
V1974 Cyg 2449206.0     535.0  12.50 0.02   62
V1974 Cyg 2449214.0     543.0  12.49 0.02   83
V1974 Cyg 2449222.0     551.0  12.56 0.02   92
V1974 Cyg 2449230.0     559.0  12.57 0.02   37
V1974 Cyg 2449238.0     567.0  12.59 0.02   62
V1974 Cyg 2449246.0     575.0  12.75 0.03   39
V1974 Cyg 2449254.0     583.0  12.67 0.03   42
V1974 Cyg 2449262.0     591.0  12.71 0.03   19
V1974 Cyg 2449270.0     599.0  12.75 0.02   46
V1974 Cyg 2449278.0     607.0  12.73 0.02   45
V1974 Cyg 2449286.0     615.0  12.72 0.03   32
V1974 Cyg 2449294.0     623.0  12.70 0.06   14
V1974 Cyg 2449302.0     631.0  12.78 0.03   36
V1974 Cyg 2449314.0     643.0  12.76 0.03   46
V1974 Cyg 2449330.0     659.0  12.76 0.03   55
V1974 Cyg 2449346.0     675.0  12.83 0.04   27
V1974 Cyg 2449362.0     691.0  12.67 0.02   54
V1974 Cyg 2449378.0     707.0  12.69 0.03   24
V1974 Cyg 2449394.0     723.0  12.76 0.05   20
V1974 Cyg 2449410.0     739.0  12.77 0.04   21
V1974 Cyg 2449426.0     755.0  12.87 0.04   30
V1974 Cyg 2449442.0     771.0  12.95 0.04   13
V1974 Cyg 2449458.0     787.0  13.03 0.04   25
V1974 Cyg 2449474.0     803.0  13.04 0.02   30
V1974 Cyg 2449490.0     819.0  13.09 0.03   30
V1974 Cyg 2449506.0     835.0  13.16 0.02   54
V1974 Cyg 2449522.0     851.0  13.22 0.02   52
V1974 Cyg 2449538.0     867.0  13.32 0.02   82
V1974 Cyg 2449554.0     883.0  13.39 0.03   30
V1974 Cyg 2449570.0     899.0  13.39 0.02   67
V1974 Cyg 2449586.0     915.0  13.45 0.02   44
V1974 Cyg 2449602.0     931.0  13.55 0.03   52
V1974 Cyg 2449642.0     971.0  13.82 0.03  161
V1974 Cyg 2449706.0    1035.0  14.21 0.02  186
V1974 Cyg 2449770.0    1099.0  14.48 0.04   56
V1974 Cyg 2449834.0    1163.0  14.59 0.03  111
V1974 Cyg 2449898.0    1227.0  14.75 0.03  160
V1974 Cyg 2449962.0    1291.0  14.96 0.02  231
V1974 Cyg 2450026.0    1355.0  14.96 0.02  114
V1974 Cyg 2450090.0    1419.0  14.99 0.04   32
V1974 Cyg 2450154.0    1483.0  15.18 0.03   24
V1974 Cyg 2450218.0    1547.0  15.26 0.02   95
V1974 Cyg 2450282.0    1611.0  15.38 0.04   52
V1974 Cyg 2450346.0    1675.0  15.29 0.03   34
V1974 Cyg 2450410.0    1739.0  15.56 0.02   19
V1974 Cyg 2450538.0    1867.0  15.71 0.04   14
V1974 Cyg 2450602.0    1931.0  15.68 0.02   27
V1974 Cyg 2450666.0    1995.0  15.73 0.02   52
V1974 Cyg 2450730.0    2059.0  16.00 0.07    5
V2274 Cyg 2452104.25      0.25 11.90 0.15    1
V2274 Cyg 2452107.25      3.25 11.69 0.02   10
V2274 Cyg 2452108.25      4.25 12.20 0.08    4
V2274 Cyg 2452109.25      5.25 12.00 0.18    5
V2274 Cyg 2452109.75      5.75 11.95 0.02  102
V2274 Cyg 2452110.25      6.25 11.98 0.21    4
V2274 Cyg 2452110.75      6.75 11.94 0.02   74
V2274 Cyg 2452111.25      7.25 12.18 0.27    4
V2274 Cyg 2452111.75      7.75 11.94 0.02   41
V2274 Cyg 2452112.25      8.25 12.44 0.25    5
V2274 Cyg 2452112.75      8.75 12.34 0.04   14
V2274 Cyg 2452113.25      9.25 12.78 0.08    4
V2274 Cyg 2452113.75      9.75 12.23 0.30    3
V2274 Cyg 2452114.25     10.25 12.20 0.08    6
V2274 Cyg 2452114.75     10.75 11.50 0.15    1
V2274 Cyg 2452115.25     11.25 12.55 0.06    8
V2274 Cyg 2452115.75     11.75 12.21 0.06   13
V2274 Cyg 2452116.25     12.25 12.42 0.07    5
V2274 Cyg 2452116.75     12.75 12.40 0.15    1
V2274 Cyg 2452117.25     13.25 12.33 0.10    4
V2274 Cyg 2452117.75     13.75 12.30 0.05   16
V2274 Cyg 2452118.25     14.25 12.66 0.08    5
V2274 Cyg 2452118.75     14.75 12.59 0.02   33
V2274 Cyg 2452119.25     15.25 13.00 0.12    3
V2274 Cyg 2452119.75     15.75 13.20 0.15    1
V2274 Cyg 2452120.25     16.25 13.85 0.06    6
V2274 Cyg 2452120.75     16.75 13.70 0.06   14
V2274 Cyg 2452121.25     17.25 13.85 0.09    4
V2274 Cyg 2452121.75     17.75 13.55 0.02   10
V2274 Cyg 2452122.25     18.25 13.60 0.14    2
V2274 Cyg 2452122.75     18.75 13.30 0.04   23
V2274 Cyg 2452123.25     19.25 13.60 0.09    4
V2274 Cyg 2452123.75     19.75 13.26 0.02   33
V2274 Cyg 2452124.25     20.25 13.30 0.15    1
V2274 Cyg 2452124.75     20.75 12.92 0.07   20
V2274 Cyg 2452126.       22.   13.29 0.04   15
V2274 Cyg 2452128.       24.   13.26 0.03   25
V2274 Cyg 2452130.       26.   13.46 0.04   58
V2274 Cyg 2452132.       28.   13.45 0.03   34
V2274 Cyg 2452134.       30.   13.63 0.06    6
V2274 Cyg 2452136.       32.   13.47 0.04   33
V2274 Cyg 2452138.       34.   13.97 0.05   10
V2274 Cyg 2452140.       36.   14.26 0.08    5
V2274 Cyg 2452142.       38.   14.13 0.07   10
V2274 Cyg 2452144.       40.   14.30 0.03   25
V2274 Cyg 2452146.       42.   13.97 0.06   20
V2274 Cyg 2452148.       44.   14.23 0.06   18
V2274 Cyg 2452150.       46.   14.78 0.07   18
V2274 Cyg 2452152.       48.   15.29 0.05   23
V2274 Cyg 2452154.       50.   15.45 0.08   12
V2274 Cyg 2452156.       52.   16.40 0.02   10
V2274 Cyg 2452158.       54.   16.74 0.04   30
V2274 Cyg 2452160.       56.   16.50 0.11   20
V2274 Cyg 2452162.       58.   17.18 0.09   11
V2274 Cyg 2452168.       64.   15.20 0.02   10
V2274 Cyg 2452170.       66.   16.91 0.02   10
V2274 Cyg 2452176.       72.   16.61 0.02   10
V2274 Cyg 2452182.       78.   15.50 0.15    1
V2274 Cyg 2452188.       84.   16.31 0.02   10
V2274 Cyg 2452190.       86.   16.73 0.04   20
V2274 Cyg 2452192.       88.   15.95 0.32    2
V2274 Cyg 2452198.       94.   16.88 0.09   20
V2274 Cyg 2452231.      127.   16.63 0.02   10
V2274 Cyg 2452473.00    369.   17.98 0.02   10
V2274 Cyg 2452489.00    385.   17.63 0.02   10
V2275 Cyg 2452140.25      0.25  8.80 0.15    1
V2275 Cyg 2452141.25      1.25  6.93 0.04   12
V2275 Cyg 2452141.75      1.75  6.92 0.02  152
V2275 Cyg 2452142.25      2.25  7.55 0.08   40
V2275 Cyg 2452142.75      2.75  7.93 0.05   30
V2275 Cyg 2452143.25      3.25  8.30 0.03   52
V2275 Cyg 2452143.75      3.75  8.18 0.04   25
V2275 Cyg 2452144.25      4.25  8.76 0.05   29
V2275 Cyg 2452144.75      4.75  8.71 0.03   27
V2275 Cyg 2452145.25      5.25  9.01 0.04   34
V2275 Cyg 2452145.75      5.75  9.23 0.09   10
V2275 Cyg 2452146.25      6.25  9.46 0.04   38
V2275 Cyg 2452146.75      6.75  9.29 0.04   40
V2275 Cyg 2452147.25      7.25  9.61 0.04   33
V2275 Cyg 2452147.75      7.75  9.77 0.06   19
V2275 Cyg 2452148.25      8.25  9.75 0.05   20
V2275 Cyg 2452148.75      8.75  9.88 0.03   16
V2275 Cyg 2452149.25      9.25  9.92 0.04   29
V2275 Cyg 2452149.75      9.75  9.92 0.04   27
V2275 Cyg 2452150.5      10.5  10.05 0.02   62
V2275 Cyg 2452151.5      11.5  10.18 0.03   59
V2275 Cyg 2452152.5      12.5  10.63 0.07   19
V2275 Cyg 2452153.5      13.5  10.38 0.04   25
V2275 Cyg 2452154.5      14.5  10.56 0.03   45
V2275 Cyg 2452155.5      15.5  10.69 0.03   22
V2275 Cyg 2452156.5      16.5  10.80 0.05   23
V2275 Cyg 2452157.5      17.5  10.69 0.06   25
V2275 Cyg 2452158.5      18.5  10.96 0.02   51
V2275 Cyg 2452159.5      19.5  11.02 0.03   28
V2275 Cyg 2452160.5      20.5  11.17 0.04   24
V2275 Cyg 2452161.5      21.5  11.26 0.04   25
V2275 Cyg 2452162.5      22.5  11.23 0.04   27
V2275 Cyg 2452163.5      23.5  11.28 0.06   17
V2275 Cyg 2452164.5      24.5  11.41 0.05   15
V2275 Cyg 2452165.5      25.5  11.37 0.02   26
V2275 Cyg 2452166.5      26.5  11.45 0.04   11
V2275 Cyg 2452167.5      27.5  11.45 0.03   31
V2275 Cyg 2452168.5      28.5  11.56 0.05   20
V2275 Cyg 2452169.5      29.5  11.60 0.02   27
V2275 Cyg 2452170.5      30.5  11.61 0.04   29
V2275 Cyg 2452171.5      31.5  11.75 0.06   10
V2275 Cyg 2452172.5      32.5  11.83 0.07    7
V2275 Cyg 2452173.5      33.5  11.76 0.08    7
V2275 Cyg 2452174.5      34.5  11.86 0.04   19
V2275 Cyg 2452175.5      35.5  11.89 0.05   18
V2275 Cyg 2452176.5      36.5  11.85 0.06   10
V2275 Cyg 2452177.5      37.5  12.00 0.06    7
V2275 Cyg 2452178.5      38.5  11.59 0.08   18
V2275 Cyg 2452179.5      39.5  11.87 0.09    3
V2275 Cyg 2452180.5      40.5  11.93 0.07    8
V2275 Cyg 2452181.5      41.5  12.03 0.07   11
V2275 Cyg 2452182.5      42.5  11.90 0.03   28
V2275 Cyg 2452183.5      43.5  12.08 0.11    4
V2275 Cyg 2452184.5      44.5  11.98 0.08    4
V2275 Cyg 2452185.5      45.5  12.10 0.05   10
V2275 Cyg 2452186.5      46.5  12.25 0.04   20
V2275 Cyg 2452187.5      47.5  12.17 0.06    6
V2275 Cyg 2452188.5      48.5  12.26 0.10    5
V2275 Cyg 2452189.5      49.5  12.22 0.02   18
V2275 Cyg 2452190.5      50.5  12.40 0.07    6
V2275 Cyg 2452191.5      51.5  12.41 0.03   18
V2275 Cyg 2452192.5      52.5  12.27 0.05   10
V2275 Cyg 2452193.5      53.5  12.28 0.03   10
V2275 Cyg 2452194.5      54.5  12.26 0.07    5
V2275 Cyg 2452195.5      55.5  12.37 0.05   10
V2275 Cyg 2452196.5      56.5  12.32 0.08    9
V2275 Cyg 2452197.5      57.5  12.22 0.04   19
V2275 Cyg 2452198.5      58.5  12.39 0.05   39
V2275 Cyg 2452199.5      59.5  12.47 0.07    6
V2275 Cyg 2452200.5      60.5  12.48 0.06    6
V2275 Cyg 2452201.5      61.5  12.53 0.09    8
V2275 Cyg 2452202.5      62.5  12.50 0.05    8
V2275 Cyg 2452203.5      63.5  12.60 0.08    9
V2275 Cyg 2452204.5      64.5  12.56 0.07    5
V2275 Cyg 2452205.5      65.5  12.67 0.06    6
V2275 Cyg 2452206.5      66.5  12.44 0.05   16
V2275 Cyg 2452207.5      67.5  12.70 0.08    4
V2275 Cyg 2452208.5      68.5  12.57 0.04   14
V2275 Cyg 2452209.5      69.5  12.77 0.03   15
V2275 Cyg 2452211.       71.   12.78 0.06    9
V2275 Cyg 2452213.       73.   12.78 0.02   13
V2275 Cyg 2452215.       75.   12.79 0.02   18
V2275 Cyg 2452217.       77.   12.86 0.03   20
V2275 Cyg 2452219.       79.   13.00 0.05   11
V2275 Cyg 2452221.       81.   13.11 0.02   36
V2275 Cyg 2452223.       83.   13.10 0.02   23
V2275 Cyg 2452225.       85.   13.10 0.02   34
V2275 Cyg 2452227.       87.   13.29 0.03   26
V2275 Cyg 2452229.       89.   13.31 0.04   28
V2275 Cyg 2452231.       91.   13.25 0.08    4
V2275 Cyg 2452233.       93.   13.36 0.02   24
V2275 Cyg 2452235.       95.   13.52 0.02   23
V2275 Cyg 2452237.       97.   13.34 0.03   15
V2275 Cyg 2452239.       99.   13.49 0.03   23
V2275 Cyg 2452241.      101.   13.17 0.11    3
V2275 Cyg 2452243.      103.   13.50 0.02   10
V2275 Cyg 2452245.      105.   13.78 0.02   13
V2275 Cyg 2452247.      107.   13.51 0.02   14
V2275 Cyg 2452249.      109.   13.73 0.05   22
V2275 Cyg 2452251.      111.   13.66 0.05    9
V2275 Cyg 2452253.      113.   13.79 0.07    9
V2275 Cyg 2452255.      115.   13.70 0.07    5
V2275 Cyg 2452257.      117.   13.70 0.02   24
V2275 Cyg 2452259.      119.   13.78 0.06    6
V2275 Cyg 2452261.      121.   13.88 0.08    4
V2275 Cyg 2452263.      123.   14.32 0.04   12
V2275 Cyg 2452265.      125.   13.92 0.06    6
V2275 Cyg 2452267.      127.   13.60 0.15    1
V2275 Cyg 2452271.      131.   14.19 0.02   11
V2275 Cyg 2452273.      133.   14.25 0.11    2
V2275 Cyg 2452275.      135.   14.15 0.11    2
V2275 Cyg 2452277.      137.   14.29 0.05    8
V2275 Cyg 2452279.      139.   14.50 0.02   22
V2275 Cyg 2452281.      141.   14.37 0.09    3
V2275 Cyg 2452285.      145.   14.30 0.15    1
V2275 Cyg 2452291.      151.   14.60 0.15    1
V2275 Cyg 2452297.      157.   14.80 0.15    1
V2275 Cyg 2452309.      169.   14.40 0.16    3
V2275 Cyg 2452311.      171.   14.75 0.11    2
V2275 Cyg 2452321.      181.   15.20 0.15    1
V2275 Cyg 2452323.      183.   15.00 0.15    1
V2275 Cyg 2452325.      185.   15.10 0.15    1
V2275 Cyg 2452345.      205.   14.75 0.11    2
V2275 Cyg 2452390.      250.   15.54 0.02   10
V2275 Cyg 2452422.      282.   16.00 0.14    2
V2275 Cyg 2452470.      330.   16.20 0.15    1
V2275 Cyg 2452502.      362.   15.57 0.02   10
V2275 Cyg 2452550.      410.   16.42 0.04   10
V2275 Cyg 2452598.      458.   15.90 0.04   10
V2275 Cyg 2452614.      474.   15.90 0.04   10
V2275 Cyg 2452974.      834.   16.67 0.04   10
V2275 Cyg 2453230.     1090.   18.04 0.02   10
V2362 Cyg 2453830.75      0.75  8.33 0.04   11
V2362 Cyg 2453831.25      1.25  8.58 0.08    4
V2362 Cyg 2453831.75      1.75  8.06 0.06   18
V2362 Cyg 2453832.25      2.25  8.14 0.15    1
V2362 Cyg 2453832.75      2.75  8.69 0.05   18
V2362 Cyg 2453833.25      3.25  8.75 0.08    4
V2362 Cyg 2453833.75      3.75  8.68 0.07   15
V2362 Cyg 2453834.25      4.25  9.23 0.09    3
V2362 Cyg 2453834.75      4.75  9.20 0.06   17
V2362 Cyg 2453835.25      5.25  9.15 0.11    2
V2362 Cyg 2453835.75      5.75  9.27 0.07   12
V2362 Cyg 2453836.25      6.25  9.70 0.15    1
V2362 Cyg 2453836.75      6.75  9.73 0.04   16
V2362 Cyg 2453837.25      7.25 10.00 0.15    1
V2362 Cyg 2453837.75      7.75  9.67 0.08    6
V2362 Cyg 2453838.75      8.75  9.78 0.08    4
V2362 Cyg 2453839.25      9.25 10.00 0.15    1
V2362 Cyg 2453839.75      9.75  9.95 0.06    6
V2362 Cyg 2453840.25     10.25  9.84 0.06    7
V2362 Cyg 2453840.75     10.75  9.84 0.07    7
V2362 Cyg 2453841.25     11.25 10.30 0.15    1
V2362 Cyg 2453841.75     11.75 10.14 0.09    3
V2362 Cyg 2453842.25     12.25 10.30 0.15    1
V2362 Cyg 2453842.75     12.75 10.41 0.08    4
V2362 Cyg 2453843.25     13.25 10.50 0.15    1
V2362 Cyg 2453843.75     13.75 10.19 0.08    7
V2362 Cyg 2453844.25     14.25 10.20 0.11    2
V2362 Cyg 2453844.75     14.75 10.34 0.06    7
V2362 Cyg 2453845.5      15.5  10.36 0.02  223
V2362 Cyg 2453846.5      16.5  10.50 0.02   15
V2362 Cyg 2453847.5      17.5  10.62 0.02   10
V2362 Cyg 2453848.5      18.5  10.69 0.05    9
V2362 Cyg 2453849.5      19.5  10.67 0.06    6
V2362 Cyg 2453850.5      20.5  10.75 0.05   13
V2362 Cyg 2453851.5      21.5  10.77 0.02   59
V2362 Cyg 2453852.5      22.5  11.01 0.07    5
V2362 Cyg 2453853.5      23.5  11.06 0.08    7
V2362 Cyg 2453854.5      24.5  11.10 0.05   16
V2362 Cyg 2453855.5      25.5  11.01 0.08    9
V2362 Cyg 2453856.5      26.5  11.00 0.15    1
V2362 Cyg 2453857.5      27.5  11.21 0.09    4
V2362 Cyg 2453858.5      28.5  11.24 0.05   17
V2362 Cyg 2453859.5      29.5  11.34 0.06   10
V2362 Cyg 2453860.5      30.5  11.21 0.05    8
V2362 Cyg 2453861.5      31.5  11.30 0.07    5
V2362 Cyg 2453862.5      32.5  11.32 0.05    9
V2362 Cyg 2453863.5      33.5  11.37 0.05    9
V2362 Cyg 2453864.5      34.5  11.35 0.08    4
V2362 Cyg 2453865.5      35.5  11.52 0.06    7
V2362 Cyg 2453866.5      36.5  11.44 0.05    8
V2362 Cyg 2453867.5      37.5  11.48 0.04   11
V2362 Cyg 2453868.5      38.5  11.51 0.09    3
V2362 Cyg 2453869.5      39.5  11.54 0.09    3
V2362 Cyg 2453870.5      40.5  11.90 0.15    1
V2362 Cyg 2453871.5      41.5  11.70 0.15    1
V2362 Cyg 2453872.5      42.5  11.58 0.09    3
V2362 Cyg 2453874.5      44.5  11.54 0.09    3
V2362 Cyg 2453875.5      45.5  11.63 0.11    2
V2362 Cyg 2453876.5      46.5  11.67 0.09    3
V2362 Cyg 2453877.5      47.5  11.66 0.07    5
V2362 Cyg 2453878.5      48.5  11.69 0.08    4
V2362 Cyg 2453879.5      49.5  11.81 0.04   11
V2362 Cyg 2453880.5      50.5  11.72 0.09    3
V2362 Cyg 2453881.5      51.5  11.77 0.09    3
V2362 Cyg 2453882.5      52.5  11.83 0.08    4
V2362 Cyg 2453883.5      53.5  11.85 0.08    4
V2362 Cyg 2453884.5      54.5  12.00 0.14    2
V2362 Cyg 2453885.5      55.5  11.80 0.15    1
V2362 Cyg 2453886.5      56.5  11.67 0.20    3
V2362 Cyg 2453887.5      57.5  12.00 0.15    1
V2362 Cyg 2453888.5      58.5  11.82 0.06    7
V2362 Cyg 2453889.5      59.5  11.93 0.08    4
V2362 Cyg 2453890.5      60.5  11.70 0.14    2
V2362 Cyg 2453891.5      61.5  11.90 0.11    2
V2362 Cyg 2453892.5      62.5  11.88 0.08    4
V2362 Cyg 2453893.5      63.5  11.88 0.08    4
V2362 Cyg 2453894.5      64.5  11.95 0.06    7
V2362 Cyg 2453895.5      65.5  11.93 0.09    3
V2362 Cyg 2453896.5      66.5  11.97 0.09    3
V2362 Cyg 2453897.5      67.5  11.84 0.11    5
V2362 Cyg 2453898.5      68.5  11.90 0.08    4
V2362 Cyg 2453899.5      69.5  11.91 0.06    7
V2362 Cyg 2453901.       71.   11.92 0.09    7
V2362 Cyg 2453903.       73.   11.88 0.05    8
V2362 Cyg 2453905.       75.   11.99 0.06    7
V2362 Cyg 2453907.       77.   11.96 0.07    5
V2362 Cyg 2453909.       79.   11.99 0.05    9
V2362 Cyg 2453911.       81.   12.01 0.06    7
V2362 Cyg 2453913.       83.   11.93 0.09    3
V2362 Cyg 2453915.       85.   11.95 0.05    8
V2362 Cyg 2453917.       87.   12.09 0.02   12
V2362 Cyg 2453919.       89.   11.91 0.09    8
V2362 Cyg 2453921.       91.   12.11 0.08    4
V2362 Cyg 2453923.       93.   12.03 0.02   15
V2362 Cyg 2453925.       95.   12.17 0.09    3
V2362 Cyg 2453927.       97.   12.09 0.06    7
V2362 Cyg 2453929.       99.   12.20 0.09    3
V2362 Cyg 2453931.      101.   12.09 0.05    9
V2362 Cyg 2453933.      103.   12.09 0.02   14
V2362 Cyg 2453935.      105.   12.07 0.06   15
V2362 Cyg 2453937.      107.   12.17 0.09    3
V2362 Cyg 2453939.      109.   12.10 0.15    1
V2362 Cyg 2453941.      111.   12.10 0.06    6
V2362 Cyg 2453945.      115.   12.18 0.07    5
V2362 Cyg 2453947.      117.   12.10 0.08    4
V2362 Cyg 2453949.      119.   12.08 0.05    8
V2362 Cyg 2453951.      121.   12.10 0.09    3
V2362 Cyg 2453953.      123.   12.07 0.11    3
V2362 Cyg 2453955.      125.   12.00 0.02   13
V2362 Cyg 2453957.      127.   12.07 0.09    3
V2362 Cyg 2453959.      129.   11.95 0.11    2
V2362 Cyg 2453961.      131.   12.05 0.11    2
V2362 Cyg 2453963.      133.   12.13 0.09    3
V2362 Cyg 2453965.      135.   12.07 0.09    3
V2362 Cyg 2453967.      137.   12.13 0.09    3
V2362 Cyg 2453969.      139.   12.06 0.04   13
V2362 Cyg 2453971.      141.   12.10 0.11    2
V2362 Cyg 2453973.      143.   12.13 0.10    4
V2362 Cyg 2453975.      145.   12.18 0.08    4
V2362 Cyg 2453977.      147.   12.20 0.06    7
V2362 Cyg 2453979.      149.   12.13 0.09    3
V2362 Cyg 2453981.      151.   12.00 0.15    1
V2362 Cyg 2453983.      153.   12.07 0.06    7
V2362 Cyg 2453985.      155.   11.95 0.11    2
V2362 Cyg 2453987.      157.   11.96 0.09    3
V2362 Cyg 2453989.      159.   11.97 0.06    6
V2362 Cyg 2453991.      161.   11.80 0.11    2
V2362 Cyg 2453993.      163.   11.95 0.11    2
V2362 Cyg 2453995.      165.   12.03 0.11    3
V2362 Cyg 2453997.      167.   12.10 0.11    2
V2362 Cyg 2453999.      169.   11.95 0.06    6
V2362 Cyg 2454001.      171.   11.98 0.08    4
V2362 Cyg 2454003.      173.   11.95 0.11    2
V2362 Cyg 2454005.      175.   11.92 0.07    5
V2362 Cyg 2454007.      177.   11.95 0.11    2
V2362 Cyg 2454011.      181.   11.87 0.07    8
V2362 Cyg 2454013.      183.   11.92 0.09    5
V2362 Cyg 2454015.      185.   11.70 0.15    1
V2362 Cyg 2454017.      187.   11.80 0.05    8
V2362 Cyg 2454019.      189.   11.43 0.07    5
V2362 Cyg 2454021.      191.   11.55 0.08    4
V2362 Cyg 2454023.      193.   11.64 0.11    7
V2362 Cyg 2454025.      195.   11.56 0.03   11
V2362 Cyg 2454027.      197.   11.52 0.07    5
V2362 Cyg 2454029.      199.   11.50 0.15    1
V2362 Cyg 2454031.      201.   11.45 0.07    5
V2362 Cyg 2454033.      203.   11.48 0.07    5
V2362 Cyg 2454035.      205.   11.43 0.05    9
V2362 Cyg 2454037.      207.   11.43 0.09    3
V2362 Cyg 2454039.      209.   11.46 0.08    5
V2362 Cyg 2454041.      211.   11.14 0.02 1803
V2362 Cyg 2454043.      213.   11.15 0.02 1948
V2362 Cyg 2454045.      215.   11.05 0.02 3300
V2362 Cyg 2454047.      217.   10.93 0.02  691
V2362 Cyg 2454049.      219.   10.89 0.02 1626
V2362 Cyg 2454051.      221.   11.20 0.09    3
V2362 Cyg 2454053.      223.   10.95 0.11    2
V2362 Cyg 2454055.      225.   10.97 0.08    6
V2362 Cyg 2454057.      227.   10.62 0.02 1865
V2362 Cyg 2454059.      229.   10.59 0.06   15
V2362 Cyg 2454061.      231.   10.58 0.07   10
V2362 Cyg 2454063.      233.   10.47 0.07    9
V2362 Cyg 2454065.      235.   10.26 0.07    5
V2362 Cyg 2454067.      237.   10.18 0.05   16
V2362 Cyg 2454069.      239.   10.11 0.04   10
V2362 Cyg 2454071.      241.   10.16 0.10    5
V2362 Cyg 2454073.      243.   10.11 0.09    7
V2362 Cyg 2454075.      245.   10.21 0.06    6
V2362 Cyg 2454077.      247.   10.32 0.06    6
V2362 Cyg 2454079.      249.   11.24 0.07   14
V2362 Cyg 2454081.      251.   11.80 0.17    9
V2362 Cyg 2454083.      253.   12.67 0.06    7
V2362 Cyg 2454085.      255.   12.87 0.06   11
V2362 Cyg 2454087.      257.   13.13 0.02   13
V2362 Cyg 2454089.      259.   13.29 0.03   11
V2362 Cyg 2454091.      261.   13.35 0.09    7
V2362 Cyg 2454093.      263.   13.61 0.09    7
V2362 Cyg 2454095.      265.   13.56 0.11    5
V2362 Cyg 2454097.      267.   13.55 0.11    2
V2362 Cyg 2454099.      269.   13.86 0.15    1
V2362 Cyg 2454104.      274.   13.67 0.06   10
V2362 Cyg 2454112.      282.   13.93 0.05   10
V2362 Cyg 2454120.      290.   13.88 0.06    8
V2362 Cyg 2454128.      298.   14.05 0.07    5
V2362 Cyg 2454136.      306.   14.05 0.06    6
V2362 Cyg 2454144.      314.   13.95 0.11    2
V2362 Cyg 2454152.      322.   14.31 0.15    1
V2362 Cyg 2454160.      330.   14.25 0.07    5
V2362 Cyg 2454168.      338.   14.30 0.05    8
V2362 Cyg 2454176.      346.   14.32 0.06    9
V2362 Cyg 2454184.      354.   14.36 0.09    5
V2362 Cyg 2454212.      382.   14.19 0.10   10
V2362 Cyg 2454228.      398.   14.52 0.09    3
V2362 Cyg 2454244.      414.   14.32 0.05    9
V2362 Cyg 2454260.      430.   14.58 0.06    8
V2362 Cyg 2454276.      446.   14.68 0.09    3
V2362 Cyg 2454292.      462.   14.50 0.08    8
V2362 Cyg 2454308.      478.   14.63 0.08   13
V2362 Cyg 2454324.      494.   14.62 0.06   15
V2362 Cyg 2454340.      510.   14.71 0.11   10
V2362 Cyg 2454356.      526.   14.69 0.03   29
V2362 Cyg 2454372.      542.   14.73 0.07   13
V2362 Cyg 2454388.      558.   14.79 0.12    6
V2362 Cyg 2454404.      574.   15.18 0.13    6
V2362 Cyg 2454428.      598.   15.12 0.10   14
V2362 Cyg 2454460.      630.   15.48 0.13    7
V2362 Cyg 2454492.      662.   15.86 0.09    3
V2362 Cyg 2454588.      758.   16.34 0.15    1
V2362 Cyg 2454620.      790.   16.42 0.15    1
V2362 Cyg 2454652.      822.   16.55 0.15    1
V2362 Cyg 2454684.      854.   16.69 0.15    1
V2362 Cyg 2454716.      886.   17.05 0.11    2
V2467 Cyg 2454175.25      0.25  7.40 0.15    1
V2467 Cyg 2454176.25      1.25  7.60 0.09    4
V2467 Cyg 2454176.75      1.75  7.92 0.07    8
V2467 Cyg 2454177.25      2.25  8.45 0.11    2
V2467 Cyg 2454177.75      2.75  8.26 0.07    9
V2467 Cyg 2454178.25      3.25  8.60 0.15    1
V2467 Cyg 2454178.75      3.75  8.58 0.03   23
V2467 Cyg 2454179.25      4.25  8.76 0.09    3
V2467 Cyg 2454179.75      4.75  8.84 0.02   24
V2467 Cyg 2454180.75      5.75  8.82 0.02   59
V2467 Cyg 2454181.25      6.25  8.79 0.06    7
V2467 Cyg 2454181.75      6.75  9.24 0.07    6
V2467 Cyg 2454182.25      7.25  9.30 0.11    2
V2467 Cyg 2454182.75      7.75  9.25 0.09    6
V2467 Cyg 2454183.75      8.75  9.56 0.12    7
V2467 Cyg 2454184.25      9.25  9.60 0.11    2
V2467 Cyg 2454184.75      9.75  9.45 0.02   42
V2467 Cyg 2454185.5      10.5   9.40 0.03   61
V2467 Cyg 2454186.5      11.5   9.60 0.04   56
V2467 Cyg 2454187.5      12.5   9.91 0.06   26
V2467 Cyg 2454188.5      13.5  10.11 0.02  319
V2467 Cyg 2454189.5      14.5  10.12 0.04   26
V2467 Cyg 2454190.5      15.5   9.95 0.04   41
V2467 Cyg 2454191.5      16.5  10.05 0.04   38
V2467 Cyg 2454192.5      17.5  10.22 0.03   42
V2467 Cyg 2454193.5      18.5  10.21 0.04   37
V2467 Cyg 2454194.5      19.5  10.61 0.17    4
V2467 Cyg 2454195.5      20.5  10.37 0.06   28
V2467 Cyg 2454196.5      21.5  10.93 0.04   10
V2467 Cyg 2454197.5      22.5  10.98 0.12    5
V2467 Cyg 2454198.5      23.5  11.16 0.03   20
V2467 Cyg 2454199.5      24.5  11.08 0.07   15
V2467 Cyg 2454201.       26.   11.05 0.03   51
V2467 Cyg 2454203.       28.   11.27 0.04   22
V2467 Cyg 2454205.       30.   11.44 0.03   22
V2467 Cyg 2454207.       32.   11.51 0.02   80
V2467 Cyg 2454209.       34.   11.83 0.03   32
V2467 Cyg 2454211.       36.   11.89 0.04   26
V2467 Cyg 2454213.       38.   11.72 0.05   24
V2467 Cyg 2454215.       40.   11.74 0.05   11
V2467 Cyg 2454217.       42.   11.72 0.06   19
V2467 Cyg 2454219.       44.   11.72 0.06   10
V2467 Cyg 2454221.       46.   11.81 0.05   11
V2467 Cyg 2454223.       48.   11.75 0.06   14
V2467 Cyg 2454225.       50.   11.83 0.05   10
V2467 Cyg 2454227.       52.   11.76 0.02   11
V2467 Cyg 2454229.       54.   11.83 0.06    6
V2467 Cyg 2454231.       56.   12.08 0.09    7
V2467 Cyg 2454233.       58.   12.68 0.04   12
V2467 Cyg 2454235.       60.   12.79 0.08   11
V2467 Cyg 2454237.       62.   12.53 0.12    6
V2467 Cyg 2454239.       64.   12.01 0.02  147
V2467 Cyg 2454241.       66.   12.14 0.06   16
V2467 Cyg 2454243.       68.   12.08 0.08   14
V2467 Cyg 2454245.       70.   12.09 0.05   19
V2467 Cyg 2454247.       72.   12.13 0.04   10
V2467 Cyg 2454249.       74.   12.16 0.02  108
V2467 Cyg 2454251.       76.   12.39 0.05   16
V2467 Cyg 2454253.       78.   12.22 0.07   39
V2467 Cyg 2454255.       80.   12.72 0.05    8
V2467 Cyg 2454257.       82.   12.60 0.05   14
V2467 Cyg 2454259.       84.   12.44 0.03   11
V2467 Cyg 2454261.       86.   12.39 0.09    9
V2467 Cyg 2454263.       88.   12.34 0.03   12
V2467 Cyg 2454265.       90.   12.42 0.02   14
V2467 Cyg 2454267.       92.   12.37 0.12    3
V2467 Cyg 2454269.       94.   12.50 0.06    7
V2467 Cyg 2454271.       96.   12.74 0.03   18
V2467 Cyg 2454273.       98.   12.84 0.07    5
V2467 Cyg 2454275.      100.   12.88 0.06    6
V2467 Cyg 2454277.      102.   12.84 0.07    5
V2467 Cyg 2454279.      104.   12.76 0.11    2
V2467 Cyg 2454281.      106.   12.80 0.11    2
V2467 Cyg 2454283.      108.   12.73 0.09    3
V2467 Cyg 2454285.      110.   12.75 0.06    7
V2467 Cyg 2454287.      112.   12.72 0.06    6
V2467 Cyg 2454289.      114.   12.72 0.03   11
V2467 Cyg 2454291.      116.   12.71 0.10    6
V2467 Cyg 2454293.      118.   13.06 0.07    5
V2467 Cyg 2454295.      120.   13.20 0.08    4
V2467 Cyg 2454297.      122.   13.09 0.03   14
V2467 Cyg 2454299.      124.   13.02 0.04   10
V2467 Cyg 2454301.      126.   12.92 0.04   15
V2467 Cyg 2454303.      128.   12.84 0.06    7
V2467 Cyg 2454305.      130.   12.92 0.03   15
V2467 Cyg 2454307.      132.   12.96 0.05    8
V2467 Cyg 2454309.      134.   12.87 0.05    8
V2467 Cyg 2454311.      136.   12.93 0.08    4
V2467 Cyg 2454313.      138.   13.00 0.08    4
V2467 Cyg 2454315.      140.   13.11 0.04   10
V2467 Cyg 2454317.      142.   13.10 0.03   24
V2467 Cyg 2454319.      144.   13.08 0.03   16
V2467 Cyg 2454321.      146.   13.21 0.04   11
V2467 Cyg 2454323.      148.   12.91 0.06   10
V2467 Cyg 2454325.      150.   12.98 0.04   17
V2467 Cyg 2454327.      152.   13.01 0.05    9
V2467 Cyg 2454329.      154.   13.03 0.05   12
V2467 Cyg 2454331.      156.   13.03 0.05    8
V2467 Cyg 2454333.      158.   13.10 0.06    6
V2467 Cyg 2454335.      160.   13.14 0.04   13
V2467 Cyg 2454337.      162.   13.16 0.03   11
V2467 Cyg 2454339.      164.   13.14 0.02  389
V2467 Cyg 2454342.      167.   13.13 0.03   12
V2467 Cyg 2454346.      171.   13.10 0.06   13
V2467 Cyg 2454350.      175.   13.23 0.03   22
V2467 Cyg 2454354.      179.   13.29 0.03   16
V2467 Cyg 2454358.      183.   13.24 0.02   44
V2467 Cyg 2454362.      187.   13.30 0.03   24
V2467 Cyg 2454366.      191.   13.27 0.03   10
V2467 Cyg 2454370.      195.   13.30 0.02   15
V2467 Cyg 2454374.      199.   13.32 0.06    7
V2467 Cyg 2454378.      203.   13.31 0.03   19
V2467 Cyg 2454382.      207.   13.27 0.06   14
V2467 Cyg 2454386.      211.   13.43 0.06    9
V2467 Cyg 2454390.      215.   13.45 0.04   19
V2467 Cyg 2454394.      219.   13.38 0.02 1059
V2467 Cyg 2454398.      223.   13.43 0.02  288
V2467 Cyg 2454402.      227.   13.40 0.02  316
V2467 Cyg 2454406.      231.   13.49 0.02  691
V2467 Cyg 2454410.      235.   13.55 0.02  334
V2467 Cyg 2454414.      239.   13.62 0.14    3
V2467 Cyg 2454418.      243.   13.53 0.02  188
V2467 Cyg 2454422.      247.   13.58 0.07    5
V2467 Cyg 2454426.      251.   13.70 0.15    1
V2467 Cyg 2454430.      255.   13.59 0.09    3
V2467 Cyg 2454434.      259.   13.85 0.08    4
V2467 Cyg 2454438.      263.   13.65 0.09    3
V2467 Cyg 2454442.      267.   13.75 0.11    2
V2467 Cyg 2454446.      271.   13.69 0.06    6
V2467 Cyg 2454450.      275.   13.90 0.09    3
V2467 Cyg 2454458.      283.   13.90 0.11    2
V2467 Cyg 2454462.      287.   13.79 0.15    1
V2467 Cyg 2454466.      291.   13.85 0.11    2
V2467 Cyg 2454470.      295.   14.10 0.14    2
V2467 Cyg 2454474.      299.   13.98 0.13    3
V2467 Cyg 2454484.      309.   13.92 0.15    1
V2467 Cyg 2454500.      325.   13.99 0.15    1
V2467 Cyg 2454516.      341.   13.90 0.15    1
V2467 Cyg 2454548.      373.   14.31 0.15    1
V2467 Cyg 2454596.      421.   14.41 0.05    9
V2467 Cyg 2454628.      453.   14.54 0.15    1
V2467 Cyg 2454644.      469.   14.61 0.15    1
V2467 Cyg 2454660.      485.   14.68 0.10    4
V2467 Cyg 2454676.      501.   14.65 0.06    6
V2467 Cyg 2454692.      517.   14.64 0.08    4
V2467 Cyg 2454708.      533.   14.67 0.05    9
V2467 Cyg 2454724.      549.   14.83 0.06    7
V2467 Cyg 2454740.      565.   14.83 0.05    8
V2467 Cyg 2454756.      581.   14.85 0.08    4
V2467 Cyg 2454772.      597.   15.10 0.15    1
V2467 Cyg 2454788.      613.   15.08 0.15    1
V2467 Cyg 2454804.      629.   14.94 0.12    4
V2467 Cyg 2454820.      645.   15.26 0.15    1
V2467 Cyg 2454836.      661.   15.00 0.15    1
V2467 Cyg 2454948.      773.   15.96 0.15    1
V2467 Cyg 2455012.      837.   15.95 0.11    2
V2467 Cyg 2455028.      853.   16.31 0.15    1
V2467 Cyg 2455044.      869.   16.42 0.15    1
V2467 Cyg 2455060.      885.   16.15 0.11    2
V2467 Cyg 2455092.      917.   16.38 0.11    2
V2491 Cyg 2454567.75      0.75  7.45 0.02   10
V2491 Cyg 2454568.25      1.25  7.80 0.15    1
V2491 Cyg 2454568.75      1.75  8.29 0.04   14
V2491 Cyg 2454569.25      2.25  8.37 0.09    3
V2491 Cyg 2454569.75      2.75  8.80 0.03   14
V2491 Cyg 2454570.25      3.25  9.20 0.15    1
V2491 Cyg 2454570.75      3.75  9.07 0.02   17
V2491 Cyg 2454571.25      4.25  9.30 0.15    1
V2491 Cyg 2454571.75      4.75  9.30 0.02 1318
V2491 Cyg 2454572.25      5.25  9.50 0.15    1
V2491 Cyg 2454572.75      5.75  9.55 0.02  507
V2491 Cyg 2454573.75      6.75  9.64 0.02  307
V2491 Cyg 2454574.75      7.75  9.80 0.02   55
V2491 Cyg 2454575.25      8.25  9.80 0.15    1
V2491 Cyg 2454575.75      8.75  9.86 0.02   43
V2491 Cyg 2454576.75      9.75  9.92 0.02 2403
V2491 Cyg 2454577.75     10.75  9.82 0.02 1133
V2491 Cyg 2454578.25     11.25 10.00 0.09    3
V2491 Cyg 2454578.75     11.75  9.81 0.02   34
V2491 Cyg 2454579.25     12.25 10.10 0.15    1
V2491 Cyg 2454579.75     12.75  9.80 0.02  472
V2491 Cyg 2454580.5      13.5   9.67 0.03   16
V2491 Cyg 2454581.5      14.5   9.58 0.02   27
V2491 Cyg 2454582.5      15.5   9.59 0.03   56
V2491 Cyg 2454583.5      16.5   9.98 0.02  638
V2491 Cyg 2454584.5      17.5  11.09 0.02  356
V2491 Cyg 2454585.5      18.5  11.22 0.02   26
V2491 Cyg 2454586.5      19.5  11.12 0.02  344
V2491 Cyg 2454587.5      20.5  11.28 0.02   14
V2491 Cyg 2454588.5      21.5  11.33 0.02   12
V2491 Cyg 2454589.5      22.5  11.61 0.02   25
V2491 Cyg 2454590.5      23.5  11.70 0.03   28
V2491 Cyg 2454591.5      24.5  11.80 0.02   38
V2491 Cyg 2454592.5      25.5  12.01 0.02   46
V2491 Cyg 2454593.5      26.5  12.18 0.03   24
V2491 Cyg 2454594.5      27.5  12.25 0.04   32
V2491 Cyg 2454595.5      28.5  12.51 0.03   68
V2491 Cyg 2454596.5      29.5  12.45 0.02   26
V2491 Cyg 2454597.5      30.5  12.45 0.05   16
V2491 Cyg 2454598.5      31.5  12.56 0.05   28
V2491 Cyg 2454599.5      32.5  12.46 0.06   14
V2491 Cyg 2454602.       35.   12.75 0.02   56
V2491 Cyg 2454606.       39.   13.32 0.04   45
V2491 Cyg 2454610.       43.   13.56 0.02   54
V2491 Cyg 2454614.       47.   13.72 0.02   60
V2491 Cyg 2454618.       51.   14.05 0.02   83
V2491 Cyg 2454622.       55.   14.09 0.03   21
V2491 Cyg 2454626.       59.   14.20 0.11    2
V2491 Cyg 2454630.       63.   14.52 0.04   32
V2491 Cyg 2454634.       67.   14.43 0.09    3
V2491 Cyg 2454638.       71.   14.50 0.02   10
V2491 Cyg 2454642.       75.   14.50 0.02   12
V2491 Cyg 2454646.       79.   14.56 0.02   14
V2491 Cyg 2454650.       83.   14.53 0.09    3
V2491 Cyg 2454656.       89.   14.80 0.02   10
V2491 Cyg 2454664.       97.   14.53 0.02   13
V2491 Cyg 2454672.      105.   14.97 0.07   13
V2491 Cyg 2454680.      113.   15.35 0.06   20
V2491 Cyg 2454688.      121.   15.30 0.02   10
V2491 Cyg 2454696.      129.   15.40 0.08   10
V2491 Cyg 2454704.      137.   15.68 0.02   40
V2491 Cyg 2454712.      145.   15.90 0.07   21
V2491 Cyg 2454720.      153.   15.88 0.02   40
V2491 Cyg 2454744.      177.   15.78 0.06   50
V2491 Cyg 2454764.      197.   16.53 0.08   30
V2491 Cyg 2454796.      229.   16.50 0.02   10
V2491 Cyg 2454844.      277.   16.70 0.02   10
V2491 Cyg 2454924.      357.   15.53 0.02   10
HR Del    2439646.        1.   11.90 0.15    1
HR Del    2439650.        5.   11.90 0.15    1
HR Del    2439652.        7.   11.80 0.15    1
HR Del    2439658.       13.    8.80 0.15    1
HR Del    2439662.       17.    8.30 0.15    1
HR Del    2439666.       21.    6.70 0.11    2
HR Del    2439672.       27.    6.25 0.11    2
HR Del    2439676.       31.    5.80 0.15    1
HR Del    2439682.       37.    5.51 0.06    7
HR Del    2439684.       39.    5.65 0.03   40
HR Del    2439686.       41.    5.57 0.04   50
HR Del    2439688.       43.    5.63 0.03   58
HR Del    2439690.       45.    5.64 0.05   39
HR Del    2439692.       47.    5.51 0.05   37
HR Del    2439694.       49.    5.55 0.04   52
HR Del    2439696.       51.    5.52 0.03   54
HR Del    2439698.       53.    5.54 0.03   70
HR Del    2439700.       55.    5.55 0.03   54
HR Del    2439702.       57.    5.47 0.03   62
HR Del    2439704.       59.    5.51 0.03   64
HR Del    2439706.       61.    5.56 0.03   39
HR Del    2439708.       63.    5.51 0.03   67
HR Del    2439710.       65.    5.51 0.02   61
HR Del    2439712.       67.    5.55 0.03   47
HR Del    2439714.       69.    5.47 0.03   61
HR Del    2439716.       71.    5.44 0.03   45
HR Del    2439718.       73.    5.40 0.03   53
HR Del    2439720.       75.    5.38 0.04   30
HR Del    2439722.       77.    5.37 0.05   21
HR Del    2439724.       79.    5.35 0.04   48
HR Del    2439726.       81.    5.21 0.03   48
HR Del    2439728.       83.    5.04 0.05   30
HR Del    2439730.       85.    4.96 0.05   34
HR Del    2439732.       87.    4.89 0.02   89
HR Del    2439734.       89.    4.97 0.04   69
HR Del    2439736.       91.    4.96 0.03   96
HR Del    2439738.       93.    4.95 0.02   98
HR Del    2439740.       95.    4.91 0.02  127
HR Del    2439742.       97.    5.00 0.02   78
HR Del    2439744.       99.    4.94 0.03   78
HR Del    2439746.      101.    4.88 0.02   70
HR Del    2439748.      103.    4.89 0.03   57
HR Del    2439750.      105.    4.87 0.03   40
HR Del    2439752.      107.    4.80 0.03   51
HR Del    2439754.      109.    4.75 0.02   61
HR Del    2439756.      111.    4.79 0.03   54
HR Del    2439758.      113.    4.80 0.02   90
HR Del    2439760.      115.    4.82 0.02   79
HR Del    2439762.      117.    4.83 0.03   43
HR Del    2439764.      119.    4.81 0.02   59
HR Del    2439766.      121.    4.84 0.02  104
HR Del    2439768.      123.    4.89 0.02   93
HR Del    2439770.      125.    4.93 0.02   41
HR Del    2439772.      127.    4.99 0.03   42
HR Del    2439774.      129.    5.00 0.04   30
HR Del    2439776.      131.    5.07 0.03   32
HR Del    2439778.      133.    5.09 0.03   53
HR Del    2439780.      135.    5.11 0.03   35
HR Del    2439782.      137.    5.13 0.04   36
HR Del    2439784.      139.    5.05 0.02   53
HR Del    2439786.      141.    5.13 0.03   74
HR Del    2439788.      143.    5.05 0.02   67
HR Del    2439790.      145.    4.99 0.03   54
HR Del    2439792.      147.    4.97 0.03   57
HR Del    2439794.      149.    4.88 0.02   75
HR Del    2439796.      151.    4.88 0.04   28
HR Del    2439798.      153.    4.83 0.03   51
HR Del    2439800.      155.    4.83 0.02   58
HR Del    2439802.      157.    4.86 0.03   57
HR Del    2439804.      159.    4.91 0.02   48
HR Del    2439806.      161.    4.91 0.03   38
HR Del    2439808.      163.    4.90 0.03   37
HR Del    2439810.      165.    5.01 0.03   37
HR Del    2439812.      167.    4.96 0.03   26
HR Del    2439814.      169.    4.95 0.02   33
HR Del    2439816.      171.    4.88 0.02   42
HR Del    2439818.      173.    4.96 0.05   25
HR Del    2439820.      175.    4.96 0.03   48
HR Del    2439822.      177.    4.96 0.03   62
HR Del    2439824.      179.    4.83 0.02   45
HR Del    2439826.      181.    4.95 0.03   36
HR Del    2439828.      183.    4.93 0.03   36
HR Del    2439830.      185.    4.70 0.03   44
HR Del    2439832.      187.    4.59 0.03   22
HR Del    2439834.      189.    4.26 0.04   38
HR Del    2439836.      191.    3.98 0.06   25
HR Del    2439838.      193.    3.58 0.04   51
HR Del    2439840.      195.    3.72 0.05   38
HR Del    2439842.      197.    4.02 0.03   57
HR Del    2439844.      199.    4.34 0.03   63
HR Del    2439846.      201.    4.63 0.03   40
HR Del    2439848.      203.    5.00 0.02   29
HR Del    2439850.      205.    5.08 0.03   36
HR Del    2439852.      207.    5.08 0.03   41
HR Del    2439854.      209.    5.08 0.03   52
HR Del    2439856.      211.    5.20 0.03   36
HR Del    2439858.      213.    5.23 0.03   46
HR Del    2439860.      215.    5.29 0.04   27
HR Del    2439862.      217.    5.24 0.05   23
HR Del    2439864.      219.    5.27 0.03   50
HR Del    2439866.      221.    5.46 0.03   17
HR Del    2439868.      223.    5.36 0.03   37
HR Del    2439870.      225.    5.31 0.05    9
HR Del    2439872.      227.    5.14 0.05   22
HR Del    2439874.      229.    5.35 0.03   27
HR Del    2439876.      231.    5.45 0.06   10
HR Del    2439878.      233.    5.14 0.04   18
HR Del    2439880.      235.    5.19 0.06   15
HR Del    2439882.      237.    5.00 0.05   15
HR Del    2439884.      239.    4.97 0.07    9
HR Del    2439886.      241.    5.14 0.09    7
HR Del    2439888.      243.    5.08 0.14    5
HR Del    2439890.      245.    4.59 0.08    7
HR Del    2439892.      247.    4.45 0.08   13
HR Del    2439894.      249.    4.66 0.07    9
HR Del    2439896.      251.    5.00 0.15    1
HR Del    2439898.      253.    5.15 0.08    6
HR Del    2439900.      255.    5.30 0.09    3
HR Del    2439902.      257.    4.75 0.11    2
HR Del    2439904.      259.    5.22 0.18    5
HR Del    2439906.      261.    5.69 0.09    8
HR Del    2439908.      263.    5.42 0.11    9
HR Del    2439910.      265.    5.15 0.06   12
HR Del    2439912.      267.    5.04 0.04   16
HR Del    2439914.      269.    4.80 0.06    7
HR Del    2439916.      271.    4.93 0.06    6
HR Del    2439918.      273.    5.03 0.07    7
HR Del    2439920.      275.    4.94 0.03   17
HR Del    2439922.      277.    5.45 0.08   13
HR Del    2439924.      279.    5.42 0.10   10
HR Del    2439926.      281.    5.20 0.15    4
HR Del    2439928.      283.    5.51 0.07   12
HR Del    2439930.      285.    5.59 0.04   12
HR Del    2439932.      287.    5.58 0.08    4
HR Del    2439934.      289.    5.32 0.07    9
HR Del    2439936.      291.    5.20 0.09    7
HR Del    2439938.      293.    4.95 0.03   10
HR Del    2439940.      295.    5.16 0.05   16
HR Del    2439942.      297.    5.12 0.05   26
HR Del    2439944.      299.    4.94 0.04   27
HR Del    2439949.      304.    5.02 0.02   69
HR Del    2439957.      312.    5.09 0.02   95
HR Del    2439965.      320.    4.94 0.02   91
HR Del    2439973.      328.    4.75 0.02  101
HR Del    2439981.      336.    4.40 0.03   84
HR Del    2439989.      344.    4.65 0.03   57
HR Del    2439997.      352.    5.19 0.03   81
HR Del    2440005.      360.    5.48 0.02  112
HR Del    2440013.      368.    5.76 0.02  114
HR Del    2440021.      376.    5.88 0.02  128
HR Del    2440029.      384.    5.91 0.02  162
HR Del    2440037.      392.    6.05 0.02  178
HR Del    2440045.      400.    6.08 0.02  167
HR Del    2440053.      408.    6.16 0.02  143
HR Del    2440061.      416.    6.34 0.02  196
HR Del    2440069.      424.    6.55 0.02  186
HR Del    2440077.      432.    6.62 0.02  103
HR Del    2440085.      440.    6.67 0.02  166
HR Del    2440093.      448.    6.75 0.02  193
HR Del    2440101.      456.    6.73 0.02  139
HR Del    2440121.      476.    6.83 0.02  515
HR Del    2440153.      508.    6.93 0.02  363
HR Del    2440185.      540.    7.09 0.02  178
HR Del    2440217.      572.    7.25 0.03  129
HR Del    2440249.      604.    7.43 0.04   27
HR Del    2440281.      636.    7.53 0.06   34
HR Del    2440313.      668.    7.57 0.04   66
HR Del    2440345.      700.    7.62 0.03   87
HR Del    2440377.      732.    7.73 0.02  164
HR Del    2440409.      764.    7.87 0.02  122
HR Del    2440441.      796.    7.99 0.02  181
HR Del    2440473.      828.    8.06 0.02  227
HR Del    2440505.      860.    8.10 0.02  211
HR Del    2440553.      908.    8.32 0.02  230
HR Del    2440617.      972.    8.41 0.03   53
HR Del    2440681.     1036.    8.54 0.02  109
HR Del    2440745.     1100.    8.65 0.02  249
HR Del    2440809.     1164.    8.76 0.02  320
HR Del    2440873.     1228.    8.91 0.02  225
HR Del    2440937.     1292.    9.03 0.03   75
HR Del    2441001.     1356.    9.16 0.03   35
HR Del    2441097.     1452.    9.41 0.02  361
HR Del    2441225.     1580.    9.58 0.02  480
HR Del    2441353.     1708.    9.81 0.03   34
HR Del    2441481.     1836.   10.02 0.02  195
HR Del    2441609.     1964.   10.19 0.02  187
HR Del    2441737.     2092.   10.44 0.04   30
HR Del    2441865.     2220.   10.69 0.02  156
HR Del    2441993.     2348.   10.75 0.02  156
HR Del    2442185.     2540.   11.04 0.02  234
HR Del    2442441.     2796.   11.17 0.02  121
HR Del    2442697.     3052.   11.31 0.02  292
HR Del    2442953.     3308.   11.52 0.02  242
HR Del    2443337.     3692.   11.57 0.02  421
HR Del    2443849.     4204.   11.65 0.02  306
HR Del    2444361.     4716.   11.75 0.02  751
HR Del    2444873.     5228.   11.83 0.02  358
HR Del    2445385.     5740.   11.84 0.02  370
HR Del    2445897.     6252.   11.88 0.02  212
HR Del    2446409.     6764.   11.96 0.02  273
HR Del    2446921.     7276.   11.94 0.02  351
HR Del    2447433.     7788.   11.93 0.02  325
HR Del    2447945.     8300.   11.89 0.02  438
DN Gem    2419472.75      0.75 11.70 0.15    1
DN Gem    2419473.75      1.75  4.50 0.15    1
DN Gem    2419474.25      2.25  4.23 0.11    2
DN Gem    2419475.25      3.25  4.00 0.02   19
DN Gem    2419475.75      3.75  4.03 0.06    9
DN Gem    2419476.25      4.25  3.70 0.06   18
DN Gem    2419476.75      4.75  3.58 0.04   22
DN Gem    2419477.25      5.25  4.10 0.04   50
DN Gem    2419477.75      5.75  4.45 0.10    9
DN Gem    2419478.25      6.25  5.32 0.05   14
DN Gem    2419478.75      6.75  5.53 0.06   24
DN Gem    2419479.25      7.25  5.11 0.13   36
DN Gem    2419479.75      7.75  5.28 0.05   16
DN Gem    2419480.25      8.25  5.18 0.03   23
DN Gem    2419480.75      8.75  5.43 0.10   12
DN Gem    2419481.25      9.25  5.16 0.16   30
DN Gem    2419481.75      9.75  5.32 0.04   13
DN Gem    2419482.25     10.25  5.41 0.02   40
DN Gem    2419482.75     10.75  5.46 0.03   11
DN Gem    2419483.25     11.25  5.46 0.03   32
DN Gem    2419483.75     11.75  5.53 0.08    4
DN Gem    2419484.25     12.25  5.13 0.04   38
DN Gem    2419484.75     12.75  5.18 0.19    4
DN Gem    2419485.5      13.5   4.94 0.38    2
DN Gem    2419486.5      14.5   4.50 0.15    1
DN Gem    2419487.5      15.5   4.80 0.15    1
DN Gem    2419488.5      16.5   5.30 0.15    1
DN Gem    2419490.5      18.5   5.90 0.15    1
DN Gem    2419491.5      19.5   6.00 0.15    1
DN Gem    2419492.5      20.5   5.55 0.11    2
DN Gem    2419496.5      24.5   5.80 0.15    1
DN Gem    2419497.5      25.5   5.90 0.15    1
DN Gem    2419499.5      27.5   6.00 0.15    1
DN Gem    2419500.5      28.5   5.90 0.15    1
DN Gem    2419501.5      29.5   5.90 0.15    1
DN Gem    2419503.5      31.5   6.40 0.09    3
DN Gem    2419504.5      32.5   6.60 0.11    2
DN Gem    2419505.5      33.5   6.20 0.15    1
DN Gem    2419506.5      34.5   6.50 0.15    1
DN Gem    2419509.5      37.5   6.55 0.25    2
DN Gem    2419512.5      40.5   6.20 0.15    1
DN Gem    2419513.5      41.5   6.75 0.11    2
DN Gem    2419514.5      42.5   7.00 0.15    1
DN Gem    2419515.5      43.5   6.90 0.15    1
DN Gem    2419516.5      44.5   6.90 0.11    2
DN Gem    2419517.5      45.5   6.75 0.11    2
DN Gem    2419519.5      47.5   6.83 0.09    3
DN Gem    2419522.5      50.5   6.80 0.15    1
DN Gem    2419525.5      53.5   6.75 0.11    2
DN Gem    2419526.5      54.5   6.90 0.15    1
DN Gem    2419527.5      55.5   7.23 0.09    3
DN Gem    2419529.5      57.5   7.30 0.15    1
DN Gem    2419531.       59.    7.50 0.15    1
DN Gem    2419533.       61.    7.40 0.09    3
DN Gem    2419535.       63.    7.30 0.11    2
DN Gem    2419537.       65.    7.47 0.18    3
DN Gem    2419539.       67.    8.10 0.15    1
DN Gem    2419541.       69.    7.85 0.20    4
DN Gem    2419543.       71.    7.50 0.15    1
DN Gem    2419545.       73.    8.10 0.15    1
DN Gem    2419551.       79.    7.55 0.32    2
DN Gem    2419553.       81.    8.20 0.15    1
DN Gem    2419555.       83.    7.83 0.26    3
DN Gem    2419557.       85.    7.65 0.39    2
DN Gem    2419559.       87.    7.20 0.15    1
DN Gem    2419563.       91.    7.30 0.15    1
DN Gem    2419565.       93.    7.80 0.15    1
DN Gem    2419623.      151.    7.30 0.15    1
DN Gem    2419625.      153.    7.20 0.15    1
DN Gem    2419629.      157.    7.30 0.15    1
DN Gem    2419633.      161.    7.40 0.15    1
DN Gem    2419639.      167.    8.20 0.15    1
DN Gem    2419641.      169.    8.20 0.15    1
DN Gem    2419643.      171.    7.30 0.15    1
DN Gem    2419645.      173.    7.30 0.15    1
DN Gem    2419653.      181.    7.40 0.15    1
DN Gem    2419655.      183.    8.00 0.15    1
DN Gem    2419659.      187.    7.50 0.11    2
DN Gem    2419663.      191.    7.60 0.11    2
DN Gem    2419665.      193.    8.00 0.15    1
DN Gem    2419667.      195.    7.85 0.11    2
DN Gem    2419669.      197.    7.90 0.15    1
DN Gem    2419671.      199.    7.90 0.15    1
DN Gem    2419677.      205.    7.90 0.15    1
DN Gem    2419684.      212.    7.75 0.11    2
DN Gem    2419692.      220.    7.98 0.08    4
DN Gem    2419700.      228.    8.00 0.15    1
DN Gem    2419708.      236.    7.83 0.10    3
DN Gem    2419716.      244.    7.93 0.05    9
DN Gem    2419724.      252.    7.93 0.08    4
DN Gem    2419732.      260.    7.90 0.11    2
DN Gem    2419740.      268.    7.89 0.06    9
DN Gem    2419748.      276.    7.78 0.05    9
DN Gem    2419756.      284.    7.85 0.08    4
DN Gem    2419764.      292.    8.20 0.16    4
DN Gem    2419772.      300.    8.18 0.05    8
DN Gem    2419780.      308.    8.37 0.10   10
DN Gem    2419788.      316.    8.60 0.15    1
DN Gem    2419796.      324.    8.09 0.08    7
DN Gem    2419804.      332.    7.79 0.06   12
DN Gem    2419812.      340.    8.27 0.10   11
DN Gem    2419820.      348.    8.34 0.07    5
DN Gem    2419828.      356.    8.41 0.12    8
DN Gem    2419836.      364.    8.61 0.11    9
DN Gem    2419844.      372.    8.60 0.09    3
DN Gem    2419852.      380.    8.57 0.07   10
DN Gem    2419860.      388.    8.66 0.04   16
DN Gem    2419868.      396.    8.77 0.04   11
DN Gem    2419876.      404.    8.73 0.06   10
DN Gem    2419884.      412.    8.75 0.04   11
DN Gem    2419892.      420.    8.78 0.04   11
DN Gem    2419900.      428.    8.94 0.07    5
DN Gem    2419908.      436.    9.03 0.08    4
DN Gem    2419916.      444.    8.93 0.07    6
DN Gem    2419924.      452.    9.20 0.15    1
DN Gem    2419992.      520.   10.00 0.15    1
DN Gem    2420008.      536.   10.30 0.15    1
DN Gem    2420024.      552.   10.15 0.25    2
DN Gem    2420040.      568.    9.90 0.17    3
DN Gem    2420056.      584.   10.20 0.15    1
DN Gem    2420072.      600.   10.60 0.15    1
DN Gem    2420088.      616.   10.80 0.15    1
DN Gem    2420104.      632.   10.63 0.10    8
DN Gem    2420120.      648.   10.88 0.09    5
DN Gem    2420136.      664.   10.93 0.08    4
DN Gem    2420152.      680.   10.80 0.11    2
DN Gem    2420168.      696.   11.07 0.07   11
DN Gem    2420184.      712.   11.10 0.07    6
DN Gem    2420200.      728.   11.00 0.15    1
DN Gem    2420216.      744.   11.35 0.18    2
DN Gem    2420232.      760.   11.40 0.11    2
DN Gem    2420248.      776.   11.30 0.11    2
DN Gem    2420264.      792.   11.50 0.11    2
DN Gem    2420280.      808.   11.70 0.15    1
DN Gem    2420408.      936.   11.70 0.15    1
DN Gem    2420456.      984.   11.95 0.11    2
DN Gem    2420472.     1000.   11.85 0.11    2
DN Gem    2420504.     1032.   12.02 0.07    5
DN Gem    2420520.     1048.   12.05 0.08    4
DN Gem    2420536.     1064.   12.00 0.11    2
DN Gem    2420552.     1080.   12.30 0.15    1
DN Gem    2420568.     1096.   12.00 0.13    4
DN Gem    2420584.     1112.   12.30 0.09    3
DN Gem    2420600.     1128.   12.30 0.37    3
DN Gem    2420616.     1144.   12.03 0.18    3
DN Gem    2420792.     1320.   12.00 0.15    1
DN Gem    2420872.     1400.   12.00 0.15    1
DN Gem    2420952.     1480.   13.20 0.15    1
DN Gem    2421632.     2160.   12.07 0.09    3
DN Gem    2421696.     2224.   12.10 0.15    1
DN Gem    2422208.     2736.   13.20 0.15    1
DN Gem    2422784.     3312.   14.00 0.11    2
DN Gem    2422848.     3376.   13.90 0.15    1
DN Gem    2422976.     3504.   13.75 0.11    2
DN Gem    2423040.     3568.   13.90 0.11    2
DN Gem    2423104.     3632.   13.95 0.08    4
DN Gem    2423168.     3696.   13.80 0.15    1
DN Gem    2423296.     3824.   13.95 0.11    2
DN Gem    2423360.     3888.   13.80 0.15    1
DN Gem    2423424.     3952.   14.10 0.15    1
DN Gem    2423552.     4080.   13.90 0.15    1
DN Gem    2423680.     4208.   14.10 0.15    1
DQ Her    2427786.75      0.75  3.40 0.11    2
DQ Her    2427787.25      1.25  3.06 0.07    5
DQ Her    2427787.75      1.75  2.80 0.15    1
DQ Her    2427788.25      2.25  2.40 0.15    1
DQ Her    2427789.25      3.25  2.68 0.10    6
DQ Her    2427789.75      3.75  2.67 0.08   10
DQ Her    2427790.5       4.5   2.42 0.04   19
DQ Her    2427791.5       5.5   2.28 0.06   10
DQ Her    2427792.5       6.5   2.01 0.03   29
DQ Her    2427793.5       7.5   1.56 0.06   21
DQ Her    2427794.5       8.5   1.59 0.08   15
DQ Her    2427795.5       9.5   2.00 0.04   25
DQ Her    2427796.5      10.5   2.28 0.05   27
DQ Her    2427797.5      11.5   2.66 0.07   14
DQ Her    2427798.5      12.5   2.97 0.06   49
DQ Her    2427799.5      13.5   2.31 0.05   36
DQ Her    2427800.5      14.5   2.57 0.13   11
DQ Her    2427801.5      15.5   3.07 0.06   29
DQ Her    2427802.5      16.5   2.56 0.04   50
DQ Her    2427803.5      17.5   2.51 0.06   28
DQ Her    2427804.5      18.5   2.59 0.03   61
DQ Her    2427805.5      19.5   2.63 0.04   45
DQ Her    2427806.5      20.5   2.68 0.05   46
DQ Her    2427807.5      21.5   2.55 0.03   59
DQ Her    2427808.5      22.5   2.52 0.03   36
DQ Her    2427809.5      23.5   2.51 0.08   11
DQ Her    2427810.5      24.5   2.53 0.11   10
DQ Her    2427811.5      25.5   2.27 0.10    7
DQ Her    2427812.5      26.5   2.55 0.06   17
DQ Her    2427813.5      27.5   2.58 0.05   32
DQ Her    2427814.5      28.5   2.50 0.03   52
DQ Her    2427815.5      29.5   2.33 0.03   39
DQ Her    2427816.5      30.5   2.41 0.05   12
DQ Her    2427817.5      31.5   2.24 0.04   27
DQ Her    2427818.5      32.5   2.63 0.05   20
DQ Her    2427819.5      33.5   2.66 0.14    9
DQ Her    2427820.5      34.5   2.30 0.05   27
DQ Her    2427821.5      35.5   2.11 0.05   28
DQ Her    2427822.5      36.5   2.23 0.08   10
DQ Her    2427823.5      37.5   2.40 0.13    6
DQ Her    2427824.5      38.5   2.38 0.06   18
DQ Her    2427825.5      39.5   2.51 0.08   14
DQ Her    2427826.5      40.5   2.71 0.04   25
DQ Her    2427827.5      41.5   2.40 0.06   27
DQ Her    2427828.5      42.5   2.31 0.05   17
DQ Her    2427829.5      43.5   2.36 0.04   33
DQ Her    2427830.5      44.5   2.37 0.04   30
DQ Her    2427831.5      45.5   2.81 0.09   11
DQ Her    2427832.5      46.5   3.09 0.10   25
DQ Her    2427833.5      47.5   3.64 0.10   15
DQ Her    2427834.5      48.5   3.21 0.08   29
DQ Her    2427835.5      49.5   3.35 0.09   12
DQ Her    2427836.5      50.5   3.14 0.06   21
DQ Her    2427837.5      51.5   3.23 0.07   13
DQ Her    2427838.5      52.5   3.03 0.06   23
DQ Her    2427839.5      53.5   2.66 0.05   17
DQ Her    2427840.5      54.5   2.67 0.07   25
DQ Her    2427841.5      55.5   2.59 0.07   12
DQ Her    2427842.5      56.5   2.56 0.10    7
DQ Her    2427843.5      57.5   2.63 0.06    6
DQ Her    2427844.5      58.5   2.80 0.08    9
DQ Her    2427845.5      59.5   2.97 0.05   13
DQ Her    2427846.5      60.5   2.85 0.08   12
DQ Her    2427847.5      61.5   2.77 0.09    3
DQ Her    2427848.5      62.5   3.36 0.05    9
DQ Her    2427849.5      63.5   3.41 0.06   11
DQ Her    2427850.5      64.5   3.43 0.07    7
DQ Her    2427851.5      65.5   2.89 0.07   15
DQ Her    2427852.5      66.5   3.22 0.09    6
DQ Her    2427853.5      67.5   3.33 0.04   25
DQ Her    2427854.5      68.5   3.31 0.05   12
DQ Her    2427855.5      69.5   3.52 0.11    6
DQ Her    2427856.5      70.5   2.95 0.05   15
DQ Her    2427857.5      71.5   3.06 0.06   20
DQ Her    2427858.5      72.5   2.70 0.08   20
DQ Her    2427859.5      73.5   2.92 0.06    9
DQ Her    2427860.5      74.5   3.06 0.06   24
DQ Her    2427861.5      75.5   3.28 0.06   31
DQ Her    2427862.5      76.5   3.56 0.06   25
DQ Her    2427863.5      77.5   3.65 0.05   20
DQ Her    2427864.5      78.5   3.70 0.05   24
DQ Her    2427865.5      79.5   3.76 0.06   27
DQ Her    2427866.5      80.5   3.74 0.06   14
DQ Her    2427867.5      81.5   3.52 0.06   10
DQ Her    2427868.5      82.5   3.21 0.09    9
DQ Her    2427869.5      83.5   3.48 0.06   14
DQ Her    2427870.5      84.5   3.75 0.03   32
DQ Her    2427871.5      85.5   3.62 0.04   30
DQ Her    2427872.5      86.5   3.74 0.06   22
DQ Her    2427873.5      87.5   3.72 0.04   21
DQ Her    2427874.5      88.5   3.69 0.04   28
DQ Her    2427875.5      89.5   3.78 0.04   34
DQ Her    2427876.5      90.5   3.83 0.04   24
DQ Her    2427877.5      91.5   3.99 0.04   18
DQ Her    2427878.5      92.5   4.03 0.08    7
DQ Her    2427879.5      93.5   4.04 0.04   14
DQ Her    2427880.5      94.5   4.42 0.09    5
DQ Her    2427881.5      95.5   4.80 0.17    3
DQ Her    2427882.5      96.5   4.57 0.18    6
DQ Her    2427883.5      97.5   4.53 0.09   16
DQ Her    2427884.5      98.5   4.24 0.12    7
DQ Her    2427885.5      99.5   4.52 0.06   10
DQ Her    2427886.5     100.5   4.32 0.09    9
DQ Her    2427887.5     101.5   4.08 0.04   23
DQ Her    2427888.5     102.5   4.43 0.05   33
DQ Her    2427889.5     103.5   4.39 0.04   39
DQ Her    2427890.5     104.5   4.47 0.08   13
DQ Her    2427891.5     105.5   4.43 0.07   17
DQ Her    2427892.5     106.5   4.58 0.07   15
DQ Her    2427893.5     107.5   4.33 0.17    3
DQ Her    2427894.5     108.5   4.73 0.24    3
DQ Her    2427895.5     109.5   6.57 0.12   11
DQ Her    2427896.5     110.5   8.08 0.10   12
DQ Her    2427897.5     111.5   8.15 0.05    8
DQ Her    2427898.5     112.5   8.56 0.05    9
DQ Her    2427899.5     113.5   8.40 0.04   11
DQ Her    2427900.5     114.5   8.45 0.09    6
DQ Her    2427901.5     115.5   9.15 0.08    4
DQ Her    2427902.5     116.5   9.15 0.32    2
DQ Her    2427903.5     117.5   9.59 0.05    8
DQ Her    2427904.5     118.5   9.43 0.09    3
DQ Her    2427905.5     119.5   9.80 0.09    3
DQ Her    2427906.5     120.5   9.90 0.08    6
DQ Her    2427907.5     121.5  10.20 0.15    1
DQ Her    2427908.5     122.5  10.25 0.11    2
DQ Her    2427909.5     123.5  10.50 0.15    1
DQ Her    2427910.5     124.5  10.28 0.07    5
DQ Her    2427911.5     125.5  10.93 0.09    3
DQ Her    2427912.5     126.5  10.88 0.10    5
DQ Her    2427913.5     127.5  10.98 0.11    4
DQ Her    2427914.5     128.5  10.83 0.15    3
DQ Her    2427915.5     129.5  11.40 0.16    3
DQ Her    2427916.5     130.5  11.87 0.11    3
DQ Her    2427917.5     131.5  12.16 0.13    5
DQ Her    2427918.5     132.5  12.42 0.24    6
DQ Her    2427919.5     133.5  12.40 0.11    2
DQ Her    2427922.5     136.5  12.50 0.15    1
DQ Her    2427923.5     137.5  12.70 0.14    2
DQ Her    2427924.5     138.5  12.90 0.15    1
DQ Her    2427925.5     139.5  12.77 0.10    3
DQ Her    2427926.5     140.5  13.00 0.21    2
DQ Her    2427927.5     141.5  12.88 0.14    4
DQ Her    2427929.5     143.5  12.20 0.14    2
DQ Her    2427930.5     144.5  12.00 0.15    1
DQ Her    2427931.5     145.5  12.33 0.17    3
DQ Her    2427932.5     146.5  12.30 0.16    5
DQ Her    2427933.5     147.5  12.35 0.33    4
DQ Her    2427934.5     148.5  11.64 0.19    5
DQ Her    2427935.5     149.5  11.83 0.14    4
DQ Her    2427937.5     151.5  10.90 0.14    3
DQ Her    2427938.5     152.5  10.78 0.14    6
DQ Her    2427939.5     153.5  11.17 0.32    3
DQ Her    2427940.5     154.5  10.85 0.11    6
DQ Her    2427941.5     155.5  10.32 0.12    5
DQ Her    2427942.5     156.5  10.40 0.08    6
DQ Her    2427943.5     157.5  10.19 0.14    7
DQ Her    2427944.5     158.5  10.17 0.08   10
DQ Her    2427945.5     159.5   9.98 0.11   10
DQ Her    2427946.5     160.5   9.91 0.10   16
DQ Her    2427947.5     161.5   9.64 0.09   20
DQ Her    2427948.5     162.5   9.61 0.08   17
DQ Her    2427949.5     163.5   9.51 0.07   14
DQ Her    2427952.      166.    9.24 0.06   33
DQ Her    2427956.      170.    8.94 0.06   35
DQ Her    2427960.      174.    8.63 0.07   28
DQ Her    2427964.      178.    8.26 0.05   35
DQ Her    2427968.      182.    8.07 0.05   39
DQ Her    2427972.      186.    7.74 0.04   31
DQ Her    2427976.      190.    7.68 0.04   48
DQ Her    2427980.      194.    7.54 0.04   69
DQ Her    2427984.      198.    7.51 0.05   66
DQ Her    2427988.      202.    7.30 0.04   73
DQ Her    2427992.      206.    7.21 0.04   49
DQ Her    2427996.      210.    7.17 0.05   57
DQ Her    2428000.      214.    7.09 0.06   44
DQ Her    2428004.      218.    7.07 0.05   47
DQ Her    2428008.      222.    6.94 0.05   50
DQ Her    2428012.      226.    6.80 0.04   75
DQ Her    2428016.      230.    6.92 0.06   53
DQ Her    2428020.      234.    6.85 0.06   51
DQ Her    2428024.      238.    6.90 0.06   38
DQ Her    2428028.      242.    6.78 0.08   26
DQ Her    2428032.      246.    6.80 0.05   46
DQ Her    2428036.      250.    6.77 0.05   53
DQ Her    2428040.      254.    6.80 0.05   73
DQ Her    2428044.      258.    6.82 0.06   52
DQ Her    2428048.      262.    6.76 0.07   30
DQ Her    2428052.      266.    6.80 0.05   57
DQ Her    2428056.      270.    6.79 0.05   43
DQ Her    2428060.      274.    6.72 0.05   38
DQ Her    2428064.      278.    6.76 0.04   60
DQ Her    2428068.      282.    6.76 0.04   77
DQ Her    2428072.      286.    6.74 0.06   43
DQ Her    2428076.      290.    6.78 0.05   65
DQ Her    2428080.      294.    6.79 0.05   40
DQ Her    2428084.      298.    6.78 0.04   39
DQ Her    2428088.      302.    6.73 0.06   26
DQ Her    2428092.      306.    6.85 0.04   66
DQ Her    2428096.      310.    6.83 0.05   50
DQ Her    2428100.      314.    6.83 0.06   44
DQ Her    2428104.      318.    6.83 0.07   30
DQ Her    2428108.      322.    6.97 0.07   30
DQ Her    2428112.      326.    6.84 0.06   34
DQ Her    2428116.      330.    6.97 0.09   17
DQ Her    2428120.      334.    6.79 0.07   22
DQ Her    2428124.      338.    6.84 0.09   21
DQ Her    2428128.      342.    6.92 0.07   30
DQ Her    2428132.      346.    6.92 0.06   39
DQ Her    2428136.      350.    6.91 0.08   27
DQ Her    2428140.      354.    7.00 0.08   25
DQ Her    2428144.      358.    6.82 0.06   15
DQ Her    2428148.      362.    6.96 0.10   19
DQ Her    2428152.      366.    6.99 0.09   15
DQ Her    2428156.      370.    7.00 0.07   30
DQ Her    2428160.      374.    6.94 0.08   28
DQ Her    2428164.      378.    6.88 0.11   16
DQ Her    2428168.      382.    6.99 0.18    8
DQ Her    2428176.      390.    7.00 0.08    5
DQ Her    2428180.      394.    7.13 0.11    6
DQ Her    2428184.      398.    7.16 0.10   11
DQ Her    2428188.      402.    7.29 0.12    8
DQ Her    2428192.      406.    7.02 0.11    9
DQ Her    2428196.      410.    6.80 0.07    5
DQ Her    2428200.      414.    6.80 0.14    2
DQ Her    2428206.      420.    7.10 0.10    7
DQ Her    2428214.      428.    7.08 0.07   13
DQ Her    2428222.      436.    7.09 0.09   10
DQ Her    2428230.      444.    7.24 0.09   13
DQ Her    2428238.      452.    7.40 0.11    8
DQ Her    2428246.      460.    7.20 0.09   14
DQ Her    2428254.      468.    7.13 0.09   24
DQ Her    2428262.      476.    7.00 0.14    2
DQ Her    2428270.      484.    7.16 0.06   31
DQ Her    2428278.      492.    7.19 0.05   37
DQ Her    2428286.      500.    7.23 0.03   38
DQ Her    2428294.      508.    7.32 0.05   41
DQ Her    2428302.      516.    7.24 0.05   65
DQ Her    2428310.      524.    7.33 0.04   71
DQ Her    2428318.      532.    7.37 0.04   45
DQ Her    2428326.      540.    7.39 0.05   47
DQ Her    2428334.      548.    7.42 0.05   63
DQ Her    2428342.      556.    7.48 0.05   61
DQ Her    2428350.      564.    7.38 0.04   43
DQ Her    2428358.      572.    7.46 0.04   67
DQ Her    2428366.      580.    7.37 0.05   59
DQ Her    2428374.      588.    7.44 0.03   62
DQ Her    2428382.      596.    7.45 0.04   46
DQ Her    2428390.      604.    7.54 0.04   55
DQ Her    2428398.      612.    7.53 0.03   56
DQ Her    2428406.      620.    7.49 0.03   71
DQ Her    2428414.      628.    7.61 0.03   50
DQ Her    2428422.      636.    7.61 0.03   63
DQ Her    2428430.      644.    7.60 0.03   69
DQ Her    2428438.      652.    7.51 0.04   34
DQ Her    2428446.      660.    7.60 0.03   52
DQ Her    2428454.      668.    7.65 0.03   74
DQ Her    2428462.      676.    7.57 0.04   49
DQ Her    2428470.      684.    7.57 0.04   33
DQ Her    2428478.      692.    7.63 0.03   48
DQ Her    2428486.      700.    7.73 0.03   76
DQ Her    2428494.      708.    7.66 0.02   34
DQ Her    2428502.      716.    7.73 0.05   21
DQ Her    2428514.      728.    7.78 0.03   55
DQ Her    2428530.      744.    7.80 0.04   26
DQ Her    2428546.      760.    7.88 0.05   17
DQ Her    2428562.      776.    7.73 0.05    8
DQ Her    2428578.      792.    7.83 0.07    9
DQ Her    2428594.      808.    7.79 0.07    8
DQ Her    2428610.      824.    7.83 0.03   24
DQ Her    2428626.      840.    8.08 0.05   26
DQ Her    2428642.      856.    8.18 0.04   42
DQ Her    2428658.      872.    8.16 0.03   73
DQ Her    2428674.      888.    8.21 0.02   58
DQ Her    2428690.      904.    8.18 0.02   91
DQ Her    2428706.      920.    8.25 0.03   46
DQ Her    2428722.      936.    8.27 0.03   55
DQ Her    2428738.      952.    8.22 0.03   57
DQ Her    2428754.      968.    8.24 0.02   62
DQ Her    2428770.      984.    8.27 0.03   58
DQ Her    2428786.     1000.    8.29 0.03   77
DQ Her    2428802.     1016.    8.40 0.03   75
DQ Her    2428818.     1032.    8.39 0.04   35
DQ Her    2428834.     1048.    8.36 0.03   69
DQ Her    2428850.     1064.    8.33 0.04   47
DQ Her    2428866.     1080.    8.43 0.03   51
DQ Her    2428882.     1096.    8.42 0.04   20
DQ Her    2428898.     1112.    8.54 0.05   14
DQ Her    2428922.     1136.    8.43 0.06   13
DQ Her    2428954.     1168.    8.53 0.03   31
DQ Her    2428986.     1200.    8.59 0.03   43
DQ Her    2429018.     1232.    8.67 0.03   67
DQ Her    2429050.     1264.    8.74 0.03   92
DQ Her    2429082.     1296.    8.88 0.03   85
DQ Her    2429114.     1328.    8.90 0.03   77
DQ Her    2429146.     1360.    8.98 0.03  108
DQ Her    2429178.     1392.    9.01 0.03  116
DQ Her    2429210.     1424.    9.04 0.03  103
DQ Her    2429242.     1456.    9.18 0.04   32
DQ Her    2429274.     1488.    9.19 0.07   15
DQ Her    2429306.     1520.    9.34 0.08   14
DQ Her    2429354.     1568.    9.42 0.04   51
DQ Her    2429418.     1632.    9.49 0.03  143
DQ Her    2429482.     1696.    9.58 0.03  110
DQ Her    2429546.     1760.    9.69 0.04  132
DQ Her    2429610.     1824.    9.98 0.04   65
DQ Her    2429674.     1888.    9.71 0.09   19
DQ Her    2429738.     1952.   10.12 0.05   45
DQ Her    2429802.     2016.   10.55 0.03   61
DQ Her    2429866.     2080.   10.64 0.03   84
DQ Her    2429930.     2144.   10.67 0.03   62
DQ Her    2429994.     2208.   10.68 0.08   14
DQ Her    2430058.     2272.   10.92 0.05   16
DQ Her    2430122.     2336.   10.95 0.04   45
DQ Her    2430186.     2400.   11.14 0.03   76
DQ Her    2430250.     2464.   11.12 0.03   87
DQ Her    2430314.     2528.   11.32 0.03   42
DQ Her    2430378.     2592.   11.60 0.08    4
DQ Her    2430442.     2656.   11.65 0.05   10
DQ Her    2430506.     2720.   11.55 0.03   21
DQ Her    2430570.     2784.   11.64 0.03   19
DQ Her    2430634.     2848.   11.60 0.03   33
DQ Her    2430698.     2912.   11.71 0.05   12
DQ Her    2430826.     3040.   11.76 0.06    7
DQ Her    2430890.     3104.   12.02 0.05   13
DQ Her    2430954.     3168.   12.00 0.03   26
DQ Her    2431018.     3232.   11.89 0.04   23
DQ Her    2431082.     3296.   11.92 0.05   10
DQ Her    2431146.     3360.   12.17 0.10    6
DQ Her    2431210.     3424.   12.31 0.10   14
DQ Her    2431274.     3488.   12.53 0.05   18
DQ Her    2431338.     3552.   12.66 0.06   20
DQ Her    2431402.     3616.   12.60 0.09   13
DQ Her    2431466.     3680.   12.45 0.32    2
DQ Her    2431530.     3744.   12.88 0.12    4
DQ Her    2431594.     3808.   12.78 0.10    6
DQ Her    2431658.     3872.   13.06 0.06   11
DQ Her    2431722.     3936.   13.06 0.06   14
DQ Her    2431786.     4000.   13.02 0.08   11
DQ Her    2431914.     4128.   13.00 0.15    1
DQ Her    2431978.     4192.   13.21 0.10    8
DQ Her    2432074.     4288.   13.09 0.05   24
DQ Her    2432202.     4416.   13.17 0.09    3
DQ Her    2432330.     4544.   13.31 0.08   17
DQ Her    2432458.     4672.   13.29 0.04   29
DQ Her    2432714.     4928.   13.48 0.09    9
DQ Her    2432842.     5056.   13.19 0.07   20
DQ Her    2432970.     5184.   13.27 0.27    3
DQ Her    2433098.     5312.   13.49 0.06   16
DQ Her    2433226.     5440.   13.49 0.06    7
DQ Her    2433354.     5568.   13.33 0.19    4
DQ Her    2433482.     5696.   13.51 0.07   14
DQ Her    2433610.     5824.   13.25 0.18    2
DQ Her    2433738.     5952.   13.40 0.08    4
DQ Her    2433866.     6080.   13.80 0.07   24
DQ Her    2433994.     6208.   13.60 0.16    6
DQ Her    2434122.     6336.   13.20 0.11    4
DQ Her    2434250.     6464.   13.62 0.07    9
DQ Her    2434378.     6592.   13.70 0.11    2
DQ Her    2434506.     6720.   14.08 0.17    6
DQ Her    2434634.     6848.   13.93 0.09   18
DQ Her    2434762.     6976.   13.90 0.15    1
DQ Her    2434890.     7104.   13.80 0.06    6
DQ Her    2435018.     7232.   13.95 0.06   21
DQ Her    2435146.     7360.   13.20 0.21    2
DQ Her    2435274.     7488.   14.12 0.04   52
DQ Her    2435402.     7616.   13.82 0.08    6
DQ Her    2435658.     7872.   13.98 0.08   19
DQ Her    2435786.     8000.   13.95 0.14    6
DQ Her    2435914.     8128.   13.90 0.15    1
DQ Her    2436042.     8256.   13.98 0.11    8
DQ Her    2436170.     8384.   14.00 0.15    1
DQ Her    2436298.     8512.   14.40 0.15    1
DQ Her    2436426.     8640.   14.05 0.08   11
DQ Her    2436554.     8768.   14.08 0.08    4
DQ Her    2436682.     8896.   14.23 0.12    6
DQ Her    2436810.     9024.   14.12 0.05   28
DQ Her    2437066.     9280.   14.22 0.06   10
DQ Her    2437194.     9408.   14.01 0.05   28
DQ Her    2437450.     9664.   14.19 0.15    8
DQ Her    2437578.     9792.   14.43 0.17   11
DQ Her    2437706.     9920.   14.20 0.15    1
DQ Her    2437834.    10048.   14.30 0.05   20
DQ Her    2437962.    10176.   14.43 0.11   12
DQ Her    2438090.    10304.   14.50 0.15    6
DQ Her    2438218.    10432.   14.37 0.05   27
DQ Her    2438346.    10560.   14.31 0.08    7
DQ Her    2438474.    10688.   14.44 0.07   18
DQ Her    2438602.    10816.   14.29 0.03   74
DQ Her    2438730.    10944.   14.42 0.04   26
DQ Her    2438858.    11072.   14.51 0.04   35
DQ Her    2438986.    11200.   14.38 0.02   89
DQ Her    2439114.    11328.   14.27 0.08   22
DQ Her    2439242.    11456.   14.55 0.02  204
DQ Her    2439370.    11584.   14.76 0.02 1594
DQ Her    2439498.    11712.   14.33 0.04   41
DQ Her    2439626.    11840.   14.78 0.02  747
DQ Her    2439754.    11968.   14.83 0.02 1421
DQ Her    2439882.    12096.   14.29 0.06    8
DQ Her    2440010.    12224.   14.70 0.02 1498
V446 Her  2437003.3       0.3   5.20 0.11    2
V446 Her  2437003.8       0.8   4.83 0.10    3
V446 Her  2437005.3       2.3   4.90 0.15    1
V446 Her  2437005.8       2.8   5.40 0.15    1
V446 Her  2437006.3       3.3   5.05 0.10    4
V446 Her  2437006.8       3.8   5.57 0.10    3
V446 Her  2437007.3       4.3   5.25 0.11    2
V446 Her  2437008.3       5.3   5.50 0.15    1
V446 Her  2437009.3       6.3   5.50 0.15    1
V446 Her  2437009.8       6.8   5.40 0.09    3
V446 Her  2437010.5       7.5   5.78 0.14    6
V446 Her  2437011.5       8.5   5.60 0.15    1
V446 Her  2437012.5       9.5   5.98 0.14    5
V446 Her  2437013.5      10.5   5.92 0.28    5
V446 Her  2437014.5      11.5   6.21 0.09    7
V446 Her  2437015.5      12.5   6.04 0.13    5
V446 Her  2437016.5      13.5   6.26 0.11    9
V446 Her  2437017.5      14.5   6.17 0.17    6
V446 Her  2437018.5      15.5   6.26 0.14    9
V446 Her  2437019.5      16.5   6.10 0.13    4
V446 Her  2437020.5      17.5   6.23 0.08    4
V446 Her  2437021.5      18.5   7.20 0.15    1
V446 Her  2437022.5      19.5   6.51 0.14    7
V446 Her  2437023.5      20.5   6.78 0.07    5
V446 Her  2437024.5      21.5   6.84 0.07    5
V446 Her  2437025.5      22.5   6.88 0.08    4
V446 Her  2437026.5      23.5   6.97 0.14    7
V446 Her  2437027.5      24.5   7.04 0.11    9
V446 Her  2437028.5      25.5   6.94 0.07    5
V446 Her  2437029.5      26.5   6.97 0.10    7
V446 Her  2437030.5      27.5   7.24 0.13    8
V446 Her  2437031.5      28.5   7.13 0.11    3
V446 Her  2437032.5      29.5   7.45 0.20    6
V446 Her  2437033.5      30.5   7.38 0.18    6
V446 Her  2437034.5      31.5   7.20 0.07    6
V446 Her  2437036.0      33.0   7.39 0.09    7
V446 Her  2437038.0      35.0   7.35 0.08    4
V446 Her  2437040.0      37.0   7.53 0.12    9
V446 Her  2437042.0      39.0   7.55 0.09    6
V446 Her  2437044.0      41.0   7.57 0.07   12
V446 Her  2437046.0      43.0   7.83 0.12   12
V446 Her  2437048.0      45.0   8.25 0.20    8
V446 Her  2437050.0      47.0   7.84 0.19    5
V446 Her  2437052.0      49.0   7.90 0.10   10
V446 Her  2437054.0      51.0   8.03 0.13   10
V446 Her  2437056.0      53.0   8.01 0.16    8
V446 Her  2437058.0      55.0   8.21 0.12   14
V446 Her  2437060.0      57.0   8.15 0.17   11
V446 Her  2437062.0      59.0   8.46 0.25    7
V446 Her  2437064.0      61.0   8.90 0.11    2
V446 Her  2437066.0      63.0   8.75 0.13    4
V446 Her  2437068.0      65.0   8.90 0.11    2
V446 Her  2437070.0      67.0   8.76 0.18    5
V446 Her  2437072.0      69.0   8.65 0.25    6
V446 Her  2437074.0      71.0   8.70 0.09    3
V446 Her  2437076.0      73.0   8.14 0.21    5
V446 Her  2437078.0      75.0   8.46 0.19    9
V446 Her  2437080.0      77.0   8.71 0.08   10
V446 Her  2437082.0      79.0   8.55 0.11   11
V446 Her  2437084.0      81.0   8.47 0.37    3
V446 Her  2437086.0      83.0   8.87 0.12   11
V446 Her  2437088.0      85.0   8.63 0.09    9
V446 Her  2437090.0      87.0   8.57 0.22    6
V446 Her  2437092.0      89.0   8.89 0.08   10
V446 Her  2437094.0      91.0   8.93 0.12    3
V446 Her  2437096.0      93.0   8.95 0.10    6
V446 Her  2437098.0      95.0   8.86 0.08   10
V446 Her  2437100.0      97.0   8.90 0.11    6
V446 Her  2437103.0     100.0   9.00 0.05   26
V446 Her  2437107.0     104.0   9.07 0.04   22
V446 Her  2437111.0     108.0   9.11 0.04   34
V446 Her  2437115.0     112.0   8.94 0.10   16
V446 Her  2437119.0     116.0   9.27 0.10   12
V446 Her  2437123.0     120.0   9.27 0.11   12
V446 Her  2437127.0     124.0   9.29 0.11   10
V446 Her  2437131.0     128.0   9.38 0.09   24
V446 Her  2437135.0     132.0   9.37 0.10   18
V446 Her  2437139.0     136.0   9.40 0.11   21
V446 Her  2437143.0     140.0   9.38 0.11   21
V446 Her  2437147.0     144.0   9.62 0.10   16
V446 Her  2437151.0     148.0   9.63 0.38    3
V446 Her  2437155.0     152.0   9.91 0.13    7
V446 Her  2437159.0     156.0   9.72 0.13   12
V446 Her  2437163.0     160.0   9.83 0.11   16
V446 Her  2437167.0     164.0  10.12 0.13   13
V446 Her  2437171.0     168.0  10.27 0.08   19
V446 Her  2437177.0     174.0  10.51 0.06   38
V446 Her  2437185.0     182.0  10.58 0.06   38
V446 Her  2437193.0     190.0  10.61 0.06   27
V446 Her  2437201.0     198.0  10.79 0.06   40
V446 Her  2437209.0     206.0  10.85 0.06   23
V446 Her  2437217.0     214.0  10.98 0.05   30
V446 Her  2437225.0     222.0  10.95 0.06   31
V446 Her  2437233.0     230.0  11.03 0.04   26
V446 Her  2437241.0     238.0  11.11 0.05   13
V446 Her  2437249.0     246.0  11.27 0.08   20
V446 Her  2437257.0     254.0  11.29 0.06   26
V446 Her  2437265.0     262.0  11.47 0.07   11
V446 Her  2437273.0     270.0  11.58 0.12    6
V446 Her  2437281.0     278.0  11.57 0.11    3
V446 Her  2437289.0     286.0  11.48 0.08    4
V446 Her  2437313.0     310.0  11.70 0.15    1
V446 Her  2437381.0     378.0  12.03 0.08    4
V446 Her  2437397.0     394.0  11.93 0.09    3
V446 Her  2437413.0     410.0  12.10 0.08    7
V446 Her  2437429.0     426.0  12.34 0.09    7
V446 Her  2437445.0     442.0  12.34 0.08    5
V446 Her  2437461.0     458.0  12.46 0.05   17
V446 Her  2437477.0     474.0  12.59 0.06    8
V446 Her  2437493.0     490.0  12.63 0.05   16
V446 Her  2437509.0     506.0  12.72 0.09   14
V446 Her  2437525.0     522.0  12.66 0.04   25
V446 Her  2437541.0     538.0  12.63 0.06   13
V446 Her  2437557.0     554.0  12.82 0.05   21
V446 Her  2437573.0     570.0  12.78 0.06   12
V446 Her  2437589.0     586.0  12.88 0.06    6
V446 Her  2437605.0     602.0  12.75 0.06    6
V446 Her  2437621.0     618.0  12.73 0.09    3
V446 Her  2437637.0     634.0  12.73 0.09    3
V446 Her  2437709.0     706.0  13.15 0.11    2
V446 Her  2437741.0     738.0  13.10 0.15    1
V446 Her  2437773.0     770.0  12.85 0.11    2
V446 Her  2437805.0     802.0  13.10 0.08    4
V446 Her  2437837.0     834.0  13.63 0.13   12
V446 Her  2437869.0     866.0  13.55 0.25    4
V446 Her  2437901.0     898.0  13.33 0.10    4
V446 Her  2437933.0     930.0  13.60 0.09    3
V446 Her  2437965.0     962.0  13.78 0.10    6
V446 Her  2437997.0     994.0  13.80 0.15    1
V446 Her  2438157.0    1154.0  13.90 0.11    2
V446 Her  2438189.0    1186.0  14.24 0.20    5
V446 Her  2438221.0    1218.0  14.09 0.16    8
V446 Her  2438253.0    1250.0  14.47 0.30    3
V446 Her  2438285.0    1282.0  14.03 0.11    3
V446 Her  2438317.0    1314.0  14.10 0.17    4
V446 Her  2438557.0    1554.0  14.40 0.16   10
V446 Her  2438621.0    1618.0  14.37 0.09   18
V446 Her  2438685.0    1682.0  14.57 0.09    7
V446 Her  2438749.0    1746.0  14.80 0.15    1
V446 Her  2438813.     1810.   15.40 0.15    1
V446 Her  2438877.     1874.   15.24 0.08    5
V446 Her  2438941.     1938.   15.02 0.07    6
V446 Her  2439005.     2002.   14.98 0.08    9
V446 Her  2439069.     2066.   15.15 0.11    2
V446 Her  2439197.     2194.   15.40 0.15    1
V446 Her  2439261.     2258.   14.88 0.30    4
V446 Her  2439325.     2322.   14.82 0.17    5
V446 Her  2439389.     2386.   14.78 0.09    6
V446 Her  2439517.     2514.   14.90 0.15    1
V446 Her  2439645.     2642.   14.80 0.08    4
V446 Her  2439709.     2706.   14.43 0.36    4
V446 Her  2439773.     2770.   14.60 0.10    6
V446 Her  2440157.     3154.   14.70 0.15    1
V446 Her  2440733.     3730.   14.80 0.15    1
V446 Her  2440797.     3794.   14.50 0.15    1
V446 Her  2440861.     3858.   14.80 0.15    1
V446 Her  2441117.     4114.   14.62 0.07    5
V446 Her  2441245.     4242.   14.60 0.15    1
V446 Her  2441437.     4434.   14.50 0.15    1
V446 Her  2441565.     4562.   16.00 0.15    1
V446 Her  2441885.     4882.   14.20 0.21    2
V533 Her  2438056.5       0.5   8.00 0.15    1
V533 Her  2438060.5       4.5   3.00 0.15    1
V533 Her  2438064.5       8.5   4.00 0.15    1
V533 Her  2438068.5      12.5   4.10 0.15    1
V533 Her  2438069.5      13.5   3.95 0.11    2
V533 Her  2438071.5      15.5   4.60 0.15    1
V533 Her  2438072.5      16.5   4.48 0.08    4
V533 Her  2438073.5      17.5   4.50 0.14    2
V533 Her  2438074.5      18.5   4.59 0.10    8
V533 Her  2438075.5      19.5   4.62 0.11    9
V533 Her  2438076.5      20.5   4.56 0.07   12
V533 Her  2438077.5      21.5   4.53 0.04   16
V533 Her  2438078.5      22.5   4.68 0.10   12
V533 Her  2438079.5      23.5   4.84 0.09   10
V533 Her  2438080.5      24.5   5.05 0.05   10
V533 Her  2438081.5      25.5   5.07 0.07   13
V533 Her  2438082.5      26.5   5.08 0.05   24
V533 Her  2438083.5      27.5   5.15 0.03   41
V533 Her  2438084.5      28.5   5.05 0.04   14
V533 Her  2438085.5      29.5   5.00 0.08   10
V533 Her  2438086.5      30.5   4.87 0.07   13
V533 Her  2438087.5      31.5   4.96 0.06   14
V533 Her  2438088.5      32.5   4.76 0.07   11
V533 Her  2438089.5      33.5   4.87 0.06   14
V533 Her  2438090.5      34.5   4.98 0.10   13
V533 Her  2438091.5      35.5   5.39 0.04   19
V533 Her  2438092.5      36.5   5.38 0.05    9
V533 Her  2438093.5      37.5   5.43 0.07    9
V533 Her  2438094.5      38.5   5.71 0.16    8
V533 Her  2438095.5      39.5   5.84 0.08   12
V533 Her  2438096.5      40.5   5.85 0.08   15
V533 Her  2438097.5      41.5   6.04 0.07   14
V533 Her  2438098.5      42.5   5.95 0.08    4
V533 Her  2438099.5      43.5   5.96 0.07   14
V533 Her  2438100.5      44.5   6.00 0.08    5
V533 Her  2438101.5      45.5   6.03 0.08    4
V533 Her  2438102.5      46.5   5.97 0.11   10
V533 Her  2438103.5      47.5   5.99 0.06   18
V533 Her  2438104.5      48.5   6.01 0.06   14
V533 Her  2438105.5      49.5   6.02 0.09    5
V533 Her  2438106.5      50.5   6.21 0.05   16
V533 Her  2438107.5      51.5   6.24 0.05   18
V533 Her  2438108.5      52.5   6.16 0.06   10
V533 Her  2438109.5      53.5   6.21 0.05   12
V533 Her  2438111.0      55.0   6.31 0.03   44
V533 Her  2438113.0      57.0   6.34 0.02   53
V533 Her  2438115.0      59.0   6.27 0.07   22
V533 Her  2438117.0      61.0   6.11 0.03   47
V533 Her  2438119.0      63.0   6.18 0.04   35
V533 Her  2438121.0      65.0   6.20 0.06   21
V533 Her  2438123.0      67.0   6.30 0.03   12
V533 Her  2438125.0      69.0   6.45 0.02   38
V533 Her  2438127.0      71.0   6.55 0.03   22
V533 Her  2438129.0      73.0   6.65 0.03   16
V533 Her  2438131.0      75.0   6.72 0.03   25
V533 Her  2438133.0      77.0   6.75 0.02   50
V533 Her  2438135.0      79.0   6.77 0.04   40
V533 Her  2438137.0      81.0   6.78 0.04   21
V533 Her  2438139.0      83.0   6.85 0.03   24
V533 Her  2438141.0      85.0   6.78 0.03   36
V533 Her  2438143.0      87.0   6.82 0.05   13
V533 Her  2438145.0      89.0   6.84 0.03   28
V533 Her  2438147.0      91.0   6.91 0.03   19
V533 Her  2438149.0      93.0   6.91 0.04   19
V533 Her  2438151.0      95.0   6.95 0.05   17
V533 Her  2438153.0      97.0   6.98 0.06   15
V533 Her  2438155.0      99.0   7.01 0.06   14
V533 Her  2438157.0     101.0   7.09 0.07   15
V533 Her  2438159.0     103.0   6.99 0.06    7
V533 Her  2438162.0     106.0   7.20 0.03   40
V533 Her  2438166.0     110.0   7.19 0.04   29
V533 Her  2438170.0     114.0   7.31 0.04   42
V533 Her  2438174.0     118.0   7.42 0.03   51
V533 Her  2438178.0     122.0   7.48 0.06   27
V533 Her  2438182.0     126.0   7.61 0.05   42
V533 Her  2438186.0     130.0   7.64 0.11    9
V533 Her  2438190.0     134.0   7.66 0.07   10
V533 Her  2438194.0     138.0   7.81 0.04   38
V533 Her  2438198.0     142.0   7.84 0.05   34
V533 Her  2438202.0     146.0   7.89 0.04   41
V533 Her  2438206.0     150.0   7.87 0.04   43
V533 Her  2438210.0     154.0   7.85 0.05   17
V533 Her  2438214.0     158.0   7.96 0.04   24
V533 Her  2438218.0     162.0   8.04 0.06   17
V533 Her  2438222.0     166.0   8.08 0.05   26
V533 Her  2438226.0     170.0   8.01 0.04   27
V533 Her  2438230.0     174.0   8.22 0.05   30
V533 Her  2438234.0     178.0   8.23 0.04   33
V533 Her  2438238.0     182.0   8.32 0.05   32
V533 Her  2438242.0     186.0   8.34 0.05   23
V533 Her  2438246.0     190.0   8.26 0.08   13
V533 Her  2438250.0     194.0   8.38 0.05   19
V533 Her  2438254.0     198.0   8.31 0.05   28
V533 Her  2438258.0     202.0   8.40 0.06   27
V533 Her  2438262.0     206.0   8.64 0.06   25
V533 Her  2438266.0     210.0   8.59 0.08   25
V533 Her  2438270.0     214.0   8.58 0.08   22
V533 Her  2438274.0     218.0   8.80 0.08   15
V533 Her  2438278.0     222.0   8.68 0.07   12
V533 Her  2438282.0     226.0   8.57 0.09   16
V533 Her  2438286.0     230.0   8.67 0.07   21
V533 Her  2438290.0     234.0   9.03 0.13   11
V533 Her  2438294.0     238.0   8.78 0.12   14
V533 Her  2438298.0     242.0   8.91 0.10   15
V533 Her  2438302.0     246.0   9.02 0.10   15
V533 Her  2438306.0     250.0   9.07 0.06   19
V533 Her  2438310.0     254.0   9.01 0.09   21
V533 Her  2438314.0     258.0   9.17 0.07   23
V533 Her  2438318.0     262.0   9.14 0.05   22
V533 Her  2438322.0     266.0   9.26 0.06   12
V533 Her  2438326.0     270.0   9.21 0.04   21
V533 Her  2438330.0     274.0   9.37 0.06    9
V533 Her  2438334.0     278.0   9.44 0.07    5
V533 Her  2438338.0     282.0   9.35 0.07   15
V533 Her  2438342.0     286.0   9.49 0.06   11
V533 Her  2438346.0     290.0   9.45 0.07    6
V533 Her  2438350.0     294.0   9.58 0.07   11
V533 Her  2438354.0     298.0   9.46 0.13    5
V533 Her  2438358.0     302.0   9.46 0.07    8
V533 Her  2438364.0     308.0   9.63 0.09    8
V533 Her  2438372.0     316.0   9.86 0.10   11
V533 Her  2438380.0     324.0   9.73 0.13   13
V533 Her  2438388.0     332.0   9.91 0.11   13
V533 Her  2438396.0     340.0  10.05 0.12   10
V533 Her  2438404.0     348.0  10.43 0.27    4
V533 Her  2438412.0     356.0  10.74 0.13    5
V533 Her  2438420.0     364.0  10.32 0.17    5
V533 Her  2438428.0     372.0  10.60 0.15    4
V533 Her  2438436.0     380.0  10.51 0.14    9
V533 Her  2438444.0     388.0  10.69 0.13    9
V533 Her  2438452.0     396.0  10.56 0.10    5
V533 Her  2438460.0     404.0  10.45 0.16    6
V533 Her  2438468.0     412.0  10.59 0.16   12
V533 Her  2438476.0     420.0  10.37 0.11    6
V533 Her  2438484.0     428.0  10.38 0.11    5
V533 Her  2438492.0     436.0  10.84 0.11    9
V533 Her  2438500.0     444.0  10.74 0.26    7
V533 Her  2438508.0     452.0  11.33 0.09    3
V533 Her  2438516.0     460.0  10.98 0.15   10
V533 Her  2438524.0     468.0  11.17 0.16   11
V533 Her  2438532.0     476.0  11.17 0.12   19
V533 Her  2438540.0     484.0  11.14 0.18    9
V533 Her  2438548.0     492.0  11.18 0.11   16
V533 Her  2438556.0     500.0  11.26 0.13   15
V533 Her  2438564.0     508.0  11.16 0.14    8
V533 Her  2438572.0     516.0  11.43 0.10   14
V533 Her  2438580.0     524.0  11.52 0.07   18
V533 Her  2438588.0     532.0  11.43 0.08   13
V533 Her  2438596.0     540.0  11.66 0.06   11
V533 Her  2438604.0     548.0  11.62 0.08   12
V533 Her  2438612.0     556.0  11.64 0.04   15
V533 Her  2438620.0     564.0  11.57 0.07   10
V533 Her  2438628.0     572.0  11.70 0.08    4
V533 Her  2438636.0     580.0  11.69 0.04   15
V533 Her  2438644.0     588.0  11.72 0.05   13
V533 Her  2438652.0     596.0  11.84 0.04   12
V533 Her  2438660.0     604.0  11.70 0.15    1
V533 Her  2438668.0     612.0  11.91 0.06   12
V533 Her  2438676.0     620.0  12.05 0.11    4
V533 Her  2438684.0     628.0  11.92 0.06    6
V533 Her  2438692.0     636.0  11.97 0.06    6
V533 Her  2438700.0     644.0  11.94 0.13    5
V533 Her  2438708.0     652.0  12.03 0.14    3
V533 Her  2438716.0     660.0  11.74 0.25    5
V533 Her  2438724.0     668.0  10.90 0.15    1
V533 Her  2438732.0     676.0  12.30 0.15    1
V533 Her  2438748.0     692.0  12.00 0.15    1
V533 Her  2438832.0     776.0  12.30 0.15    1
V533 Her  2438864.0     808.0  12.34 0.09   12
V533 Her  2438896.0     840.0  12.50 0.03   12
V533 Her  2438928.0     872.0  12.59 0.06   23
V533 Her  2438960.0     904.0  12.73 0.04   15
V533 Her  2438992.0     936.0  12.89 0.07   17
V533 Her  2439024.0     968.0  13.01 0.14    9
V533 Her  2439056.0    1000.0  13.13 0.16    4
V533 Her  2439088.0    1032.0  13.30 0.09    3
V533 Her  2439200.0    1144.0  13.38 0.25    5
V533 Her  2439264.0    1208.0  13.86 0.12   11
V533 Her  2439328.0    1272.0  13.78 0.09   23
V533 Her  2439392.0    1336.0  13.79 0.10   12
V533 Her  2439456.0    1400.0  13.65 0.25    2
V533 Her  2439584.0    1528.0  14.00 0.14    2
V533 Her  2439648.0    1592.0  13.52 0.11    9
V533 Her  2439712.0    1656.0  14.30 0.28    5
V533 Her  2439776.0    1720.0  14.00 0.09    3
V533 Her  2439904.0    1848.0  13.80 0.11    2
V533 Her  2439968.0    1912.0  13.97 0.09    3
V533 Her  2440032.0    1976.0  13.88 0.06    6
V533 Her  2440096.0    2040.0  13.98 0.11    5
V533 Her  2440160.0    2104.0  14.33 0.29    3
V533 Her  2440224.0    2168.0  13.80 0.15    1
V533 Her  2440288.0    2232.0  14.30 0.15    1
V533 Her  2440352.0    2296.0  14.20 0.09    3
V533 Her  2440416.0    2360.0  13.90 0.09    3
V533 Her  2440480.0    2424.0  13.75 0.18    2
V533 Her  2440736.     2680.   15.30 0.15    1
V533 Her  2440800.     2744.   14.35 0.11    2
V533 Her  2440864.     2808.   14.30 0.21    3
V533 Her  2440928.     2872.   14.00 0.15    1
V533 Her  2441056.     3000.   14.40 0.09    5
V533 Her  2441120.     3064.   14.34 0.06   13
V533 Her  2441184.     3128.   14.73 0.14    8
V533 Her  2441248.     3192.   14.45 0.11    2
V533 Her  2441440.     3384.   14.50 0.09    7
V533 Her  2441504.     3448.   14.54 0.06    7
V533 Her  2441568.     3512.   14.63 0.04   11
V533 Her  2441632.     3576.   14.60 0.15    1
V533 Her  2441760.     3704.   14.90 0.15    1
V533 Her  2441824.     3768.   14.60 0.15    1
V533 Her  2441888.     3832.   15.18 0.18    6
V533 Her  2441952.     3896.   15.30 0.14    2
V827 Her  2446821.3       0.3   8.33 0.14    3
V827 Her  2446822.3       1.3   8.00 0.35    2
V827 Her  2446825.8       4.8   7.90 0.33    3
V827 Her  2446826.3       5.3   7.70 0.15    1
V827 Her  2446826.8       5.8   7.88 0.25    4
V827 Her  2446827.3       6.3   7.80 0.15    1
V827 Her  2446827.8       6.8   7.84 0.06    7
V827 Her  2446828.3       7.3   7.85 0.18    2
V827 Her  2446828.8       7.8   8.00 0.13    4
V827 Her  2446829.3       8.3   7.90 0.15    1
V827 Her  2446829.8       8.8   7.80 0.11    2
V827 Her  2446830.5       9.5   7.50 0.12    3
V827 Her  2446831.5      10.5   7.70 0.21    2
V827 Her  2446832.5      11.5   7.90 0.11    2
V827 Her  2446833.5      12.5   8.08 0.08    4
V827 Her  2446834.5      13.5   8.24 0.07    5
V827 Her  2446835.5      14.5   8.33 0.10    3
V827 Her  2446836.5      15.5   9.30 0.11    2
V827 Her  2446837.5      16.5   9.10 0.19    3
V827 Her  2446838.5      17.5   9.00 0.15    1
V827 Her  2446839.5      18.5   8.65 0.11    2
V827 Her  2446840.5      19.5   8.40 0.15    1
V827 Her  2446841.5      20.5   8.60 0.11    2
V827 Her  2446842.5      21.5   9.30 0.15    1
V827 Her  2446844.5      23.5   8.60 0.15    1
V827 Her  2446845.5      24.5   8.97 0.18    3
V827 Her  2446846.5      25.5   9.10 0.21    2
V827 Her  2446847.5      26.5   8.82 0.13    6
V827 Her  2446848.5      27.5   9.15 0.11    2
V827 Her  2446849.5      28.5   9.23 0.18    3
V827 Her  2446851.0      30.0   9.25 0.10   15
V827 Her  2446853.0      32.0   9.62 0.08    6
V827 Her  2446855.0      34.0   9.63 0.17    4
V827 Her  2446857.0      36.0   9.70 0.08    4
V827 Her  2446859.0      38.0   9.57 0.14    7
V827 Her  2446861.0      40.0   9.69 0.10    9
V827 Her  2446863.0      42.0   9.75 0.11    4
V827 Her  2446865.0      44.0   9.71 0.10    7
V827 Her  2446867.0      46.0   9.95 0.13    4
V827 Her  2446869.0      48.0  10.07 0.10    3
V827 Her  2446871.0      50.0  10.00 0.11    2
V827 Her  2446873.0      52.0  10.50 0.09    3
V827 Her  2446875.0      54.0  10.37 0.07    6
V827 Her  2446877.0      56.0  10.46 0.10    7
V827 Her  2446879.0      58.0  10.31 0.06    8
V827 Her  2446881.0      60.0  10.60 0.15    1
V827 Her  2446883.0      62.0  10.30 0.09    4
V827 Her  2446885.0      64.0  10.68 0.08    4
V827 Her  2446887.0      66.0  10.55 0.11    2
V827 Her  2446891.0      70.0  10.73 0.10    3
V827 Her  2446893.0      72.0  10.56 0.07    5
V827 Her  2446895.0      74.0  10.78 0.07    5
V827 Her  2446897.0      76.0  10.73 0.09    3
V827 Her  2446902.0      81.0  10.83 0.09    3
V827 Her  2446906.0      85.0  11.03 0.14    7
V827 Her  2446910.0      89.0  10.82 0.06   19
V827 Her  2446914.0      93.0  10.94 0.05   13
V827 Her  2446918.0      97.0  11.18 0.05   17
V827 Her  2446922.0     101.0  11.23 0.06    6
V827 Her  2446926.0     105.0  11.34 0.07    8
V827 Her  2446934.0     113.0  11.32 0.07    5
V827 Her  2446938.0     117.0  11.48 0.08   12
V827 Her  2446942.0     121.0  11.51 0.05    8
V827 Her  2446946.0     125.0  11.75 0.06   13
V827 Her  2446950.0     129.0  11.84 0.08    5
V827 Her  2446954.0     133.0  11.72 0.07    5
V827 Her  2446958.0     137.0  11.90 0.12    3
V827 Her  2446962.0     141.0  11.96 0.04   13
V827 Her  2446966.0     145.0  11.88 0.07   10
V827 Her  2446970.0     149.0  11.92 0.08    5
V827 Her  2446974.0     153.0  11.94 0.06   11
V827 Her  2446978.0     157.0  11.94 0.07    8
V827 Her  2446982.0     161.0  12.04 0.04   16
V827 Her  2446986.0     165.0  12.00 0.08    4
V827 Her  2446990.0     169.0  12.05 0.09    8
V827 Her  2446994.0     173.0  12.10 0.03   11
V827 Her  2446998.0     177.0  12.13 0.05   10
V827 Her  2447004.0     183.0  12.23 0.05   13
V827 Her  2447012.0     191.0  12.40 0.06   14
V827 Her  2447020.0     199.0  12.33 0.05   14
V827 Her  2447028.0     207.0  12.44 0.03   25
V827 Her  2447036.0     215.0  12.61 0.06   24
V827 Her  2447044.0     223.0  12.42 0.07   15
V827 Her  2447052.0     231.0  12.55 0.05   20
V827 Her  2447060.0     239.0  12.62 0.06   26
V827 Her  2447068.0     247.0  12.71 0.05   23
V827 Her  2447076.0     255.0  12.74 0.09    9
V827 Her  2447084.0     263.0  12.85 0.05   19
V827 Her  2447092.0     271.0  12.91 0.06   11
V827 Her  2447100.0     279.0  13.20 0.12    5
V827 Her  2447108.0     287.0  13.40 0.15    1
V827 Her  2447116.0     295.0  13.35 0.11    2
V827 Her  2447140.0     319.0  13.20 0.15    1
V827 Her  2447208.0     387.0  13.47 0.09    3
V827 Her  2447224.0     403.0  13.50 0.15    1
V827 Her  2447240.      419.   13.80 0.15    1
V827 Her  2447272.      451.   14.20 0.15    1
V827 Her  2447288.      467.   14.30 0.15    1
V827 Her  2447320.      499.   14.33 0.08    4
V827 Her  2447336.      515.   14.30 0.09    3
V827 Her  2447352.      531.   14.57 0.18    3
V827 Her  2447368.      547.   14.40 0.23    4
V827 Her  2447384.      563.   14.87 0.06   19
V827 Her  2447400.      579.   14.96 0.17    5
V827 Her  2447416.      595.   15.19 0.10    8
V827 Her  2447432.      611.   15.70 0.15    1
V838 Her  2448340.25      0.25  5.40 0.15    1
V838 Her  2448340.75      0.75  5.30 0.21    2
V838 Her  2448341.25      1.25  6.65 0.11    2
V838 Her  2448341.75      1.75  7.47 0.06    6
V838 Her  2448342.75      2.75  7.77 0.09    3
V838 Her  2448343.75      3.75  7.80 0.11    2
V838 Her  2448344.25      4.25  8.10 0.15    1
V838 Her  2448344.75      4.75  8.70 0.12    5
V838 Her  2448345.25      5.25  8.70 0.15    1
V838 Her  2448345.75      5.75  9.10 0.12   16
V838 Her  2448346.25      6.25  9.10 0.11    2
V838 Her  2448346.75      6.75  9.49 0.08    8
V838 Her  2448347.25      7.25  9.70 0.15    1
V838 Her  2448347.75      7.75  9.80 0.11    6
V838 Her  2448348.75      8.75 10.14 0.15    7
V838 Her  2448349.75      9.75 10.48 0.18    4
V838 Her  2448350.5      10.5  10.57 0.11    9
V838 Her  2448351.5      11.5  10.60 0.08    4
V838 Her  2448352.5      12.5  11.02 0.21    5
V838 Her  2448353.5      13.5  11.20 0.14    2
V838 Her  2448354.5      14.5  11.63 0.09    3
V838 Her  2448355.5      15.5  11.70 0.11    7
V838 Her  2448356.5      16.5  11.69 0.08   11
V838 Her  2448357.5      17.5  12.19 0.10    8
V838 Her  2448358.5      18.5  12.09 0.11    7
V838 Her  2448359.5      19.5  12.10 0.12    3
V838 Her  2448360.5      20.5  12.20 0.09    3
V838 Her  2448361.5      21.5  12.50 0.09    3
V838 Her  2448362.5      22.5  12.50 0.08    4
V838 Her  2448363.5      23.5  12.45 0.11    2
V838 Her  2448364.5      24.5  12.70 0.11    2
V838 Her  2448365.5      25.5  12.70 0.21    2
V838 Her  2448366.5      26.5  13.00 0.12    3
V838 Her  2448367.5      27.5  13.07 0.10    3
V838 Her  2448368.5      28.5  13.05 0.11    2
V838 Her  2448369.5      29.5  13.20 0.15    1
V838 Her  2448372.       32.   13.30 0.10    3
V838 Her  2448392.       52.   14.80 0.15    1
V838 Her  2448396.       56.   14.80 0.11    2
V838 Her  2448420.       80.   14.80 0.15    1
V838 Her  2448424.       84.   15.00 0.15    1
V838 Her  2448448.      108.   15.70 0.15    1
V838 Her  2448452.      112.   15.65 0.11    2
V838 Her  2448516.      176.   16.70 0.15    1
CP Lac    2428338.25      0.25  4.03 0.02   20
CP Lac    2428338.75      0.75  2.90 0.11    2
CP Lac    2428339.25      1.25  2.45 0.02   25
CP Lac    2428339.75      1.75  2.32 0.03   26
CP Lac    2428340.25      2.25  2.02 0.04   18
CP Lac    2428340.75      2.75  2.61 0.06   21
CP Lac    2428341.25      3.25  2.70 0.08    4
CP Lac    2428341.75      3.75  2.84 0.04   35
CP Lac    2428342.25      4.25  3.00 0.09    3
CP Lac    2428342.75      4.75  3.35 0.03   40
CP Lac    2428343.25      5.25  3.30 0.09    3
CP Lac    2428343.75      5.75  3.49 0.10    9
CP Lac    2428344.25      6.25  3.70 0.15    1
CP Lac    2428344.75      6.75  3.82 0.07   14
CP Lac    2428345.5       7.50  4.02 0.04   51
CP Lac    2428346.5       8.50  4.35 0.05   29
CP Lac    2428347.5       9.50  4.59 0.07   33
CP Lac    2428348.5      10.50  4.72 0.05   36
CP Lac    2428349.5      11.50  4.96 0.08   10
CP Lac    2428350.5      12.50  5.12 0.07   21
CP Lac    2428351.5      13.50  5.28 0.06   26
CP Lac    2428352.5      14.50  5.45 0.08   13
CP Lac    2428353.5      15.50  5.53 0.07   12
CP Lac    2428354.5      16.50  5.59 0.07   27
CP Lac    2428355.5      17.50  5.57 0.05   22
CP Lac    2428356.5      18.50  5.70 0.04   33
CP Lac    2428357.5      19.50  5.83 0.04   32
CP Lac    2428358.5      20.50  5.89 0.05   36
CP Lac    2428359.5      21.50  6.01 0.06   24
CP Lac    2428360.5      22.50  6.03 0.05   37
CP Lac    2428361.5      23.50  6.30 0.07   12
CP Lac    2428362.5      24.50  6.23 0.08   12
CP Lac    2428363.5      25.50  6.24 0.05   21
CP Lac    2428364.5      26.50  6.23 0.08   23
CP Lac    2428365.5      27.50  6.33 0.04   33
CP Lac    2428366.5      28.50  6.37 0.05   28
CP Lac    2428367.5      29.50  6.39 0.06   22
CP Lac    2428368.5      30.50  6.44 0.06   14
CP Lac    2428369.5      31.50  6.41 0.05   23
CP Lac    2428370.5      32.50  6.50 0.06   16
CP Lac    2428371.5      33.50  6.57 0.07   11
CP Lac    2428372.5      34.50  6.55 0.05   28
CP Lac    2428373.5      35.50  6.53 0.08   13
CP Lac    2428374.5      36.50  6.67 0.06   19
CP Lac    2428375.5      37.50  6.68 0.06   15
CP Lac    2428376.5      38.50  6.74 0.05   24
CP Lac    2428377.5      39.50  6.72 0.07   20
CP Lac    2428378.5      40.50  6.74 0.05   27
CP Lac    2428379.5      41.50  6.61 0.07   16
CP Lac    2428380.5      42.50  6.69 0.06   16
CP Lac    2428381.5      43.50  6.88 0.05   23
CP Lac    2428382.5      44.50  6.95 0.05   15
CP Lac    2428383.5      45.50  6.98 0.08    4
CP Lac    2428384.5      46.50  7.10 0.06    7
CP Lac    2428385.5      47.50  7.11 0.05    8
CP Lac    2428386.5      48.50  7.06 0.07    5
CP Lac    2428387.5      49.50  7.15 0.08    6
CP Lac    2428388.5      50.50  7.35 0.04   20
CP Lac    2428389.5      51.50  7.33 0.03   27
CP Lac    2428390.5      52.50  7.40 0.04   23
CP Lac    2428391.5      53.50  7.27 0.05   11
CP Lac    2428392.5      54.50  7.46 0.08    7
CP Lac    2428393.5      55.50  7.46 0.06   17
CP Lac    2428394.5      56.50  7.54 0.09    9
CP Lac    2428395.5      57.50  7.70 0.12    8
CP Lac    2428396.5      58.50  7.54 0.08   11
CP Lac    2428397.5      59.50  7.64 0.08   14
CP Lac    2428398.5      60.50  7.55 0.04   30
CP Lac    2428399.5      61.50  7.79 0.07   18
CP Lac    2428400.5      62.50  7.66 0.17    9
CP Lac    2428401.5      63.50  7.69 0.09   14
CP Lac    2428402.5      64.50  7.68 0.12   10
CP Lac    2428403.5      65.50  7.66 0.06   16
CP Lac    2428404.5      66.50  7.64 0.09   14
CP Lac    2428405.5      67.50  7.66 0.05   28
CP Lac    2428406.5      68.50  7.66 0.12    7
CP Lac    2428407.5      69.50  7.71 0.16    7
CP Lac    2428408.5      70.50  7.73 0.05   15
CP Lac    2428409.5      71.50  7.60 0.09    7
CP Lac    2428410.5      72.50  7.69 0.08    7
CP Lac    2428411.5      73.50  7.79 0.09   10
CP Lac    2428412.5      74.50  7.81 0.07   15
CP Lac    2428413.5      75.50  8.12 0.12    5
CP Lac    2428414.5      76.50  8.30 0.17    4
CP Lac    2428415.5      77.50  7.79 0.06   13
CP Lac    2428416.5      78.50  7.90 0.05   20
CP Lac    2428417.5      79.50  7.89 0.08   16
CP Lac    2428418.5      80.50  7.87 0.07   15
CP Lac    2428419.5      81.50  7.94 0.08   16
CP Lac    2428420.5      82.50  7.98 0.05   12
CP Lac    2428421.5      83.50  8.09 0.06   16
CP Lac    2428422.5      84.50  8.00 0.07   16
CP Lac    2428423.5      85.50  8.04 0.07    7
CP Lac    2428424.5      86.50  8.21 0.08   12
CP Lac    2428425.5      87.50  8.00 0.12   11
CP Lac    2428426.5      88.50  8.25 0.10    8
CP Lac    2428427.5      89.50  8.17 0.05   12
CP Lac    2428428.5      90.50  8.27 0.06   24
CP Lac    2428429.5      91.50  8.26 0.08   13
CP Lac    2428430.5      92.50  8.17 0.09    3
CP Lac    2428431.5      93.50  8.22 0.08   20
CP Lac    2428432.5      94.50  8.47 0.14    6
CP Lac    2428433.5      95.50  8.33 0.06   12
CP Lac    2428434.5      96.50  8.43 0.04   12
CP Lac    2428435.5      97.50  8.45 0.18    6
CP Lac    2428436.5      98.50  8.44 0.08    7
CP Lac    2428437.5      99.50  8.41 0.10   12
CP Lac    2428438.5     100.50  8.24 0.07    5
CP Lac    2428439.5     101.50  8.38 0.08    4
CP Lac    2428440.5     102.50  8.27 0.09    3
CP Lac    2428441.5     103.50  8.70 0.11    2
CP Lac    2428442.5     104.50  8.40 0.11    2
CP Lac    2428443.5     105.50  8.47 0.09    3
CP Lac    2428444.5     106.50  8.50 0.10    7
CP Lac    2428445.5     107.50  8.47 0.07   11
CP Lac    2428446.5     108.50  8.53 0.04   12
CP Lac    2428447.5     109.50  8.49 0.05    9
CP Lac    2428448.5     110.50  8.66 0.10    8
CP Lac    2428449.5     111.50  8.60 0.07   10
CP Lac    2428451.      113.00  8.67 0.06   16
CP Lac    2428453.      115.00  8.61 0.05   16
CP Lac    2428455.      117.00  8.55 0.04   20
CP Lac    2428457.      119.00  8.68 0.11    8
CP Lac    2428459.      121.00  8.73 0.09    8
CP Lac    2428461.      123.00  8.83 0.05   11
CP Lac    2428463.      125.00  8.83 0.06   17
CP Lac    2428465.      127.00  8.70 0.07    5
CP Lac    2428467.      129.00  8.83 0.05   16
CP Lac    2428469.      131.00  8.77 0.09    3
CP Lac    2428471.      133.00  8.83 0.06    6
CP Lac    2428473.      135.00  8.86 0.07    7
CP Lac    2428475.      137.00  9.00 0.08    8
CP Lac    2428477.      139.00  8.92 0.12    6
CP Lac    2428479.      141.00  9.06 0.06   16
CP Lac    2428481.      143.00  9.07 0.11    7
CP Lac    2428483.      145.00  9.04 0.06   20
CP Lac    2428485.      147.00  9.08 0.07   15
CP Lac    2428487.      149.00  9.10 0.09   10
CP Lac    2428489.      151.00  9.11 0.07   11
CP Lac    2428491.      153.00  9.09 0.09    8
CP Lac    2428493.      155.00  9.01 0.06    9
CP Lac    2428495.      157.00  9.07 0.07    7
CP Lac    2428497.      159.00  9.27 0.09    6
CP Lac    2428499.      161.00  9.30 0.09    3
CP Lac    2428501.      163.00  9.15 0.09    8
CP Lac    2428503.      165.00  9.36 0.09    9
CP Lac    2428505.      167.00  9.20 0.15    1
CP Lac    2428507.      169.00  9.32 0.10    6
CP Lac    2428509.      171.00  9.18 0.06    8
CP Lac    2428511.      173.00  9.39 0.08   12
CP Lac    2428513.      175.00  9.48 0.07    5
CP Lac    2428515.      177.00  9.40 0.07   10
CP Lac    2428517.      179.00  9.41 0.05   15
CP Lac    2428519.      181.00  9.33 0.07    9
CP Lac    2428521.      183.00  9.40 0.06    7
CP Lac    2428523.      185.00  9.40 0.08    4
CP Lac    2428525.      187.00  9.42 0.05   13
CP Lac    2428527.      189.00  9.73 0.09    3
CP Lac    2428531.      193.00  9.53 0.08    4
CP Lac    2428533.      195.00  9.55 0.11    2
CP Lac    2428535.      197.00  9.65 0.10    6
CP Lac    2428537.      199.00  9.59 0.08    7
CP Lac    2428539.      201.00  9.74 0.09   10
CP Lac    2428541.      203.00  9.50 0.14    2
CP Lac    2428543.      205.00  9.77 0.12    7
CP Lac    2428545.      207.00  9.72 0.08    5
CP Lac    2428547.      209.00  9.60 0.08    4
CP Lac    2428551.      213.00  9.75 0.07   11
CP Lac    2428553.      215.00  9.75 0.18    2
CP Lac    2428555.      217.00 10.05 0.11    2
CP Lac    2428557.      219.00  9.83 0.14    3
CP Lac    2428561.      223.00  9.70 0.10    6
CP Lac    2428563.      225.00  9.74 0.11    5
CP Lac    2428565.      227.00  9.81 0.08    8
CP Lac    2428567.      229.00  9.76 0.11    5
CP Lac    2428569.      231.00  9.83 0.09    3
CP Lac    2428571.      233.00 10.03 0.06    7
CP Lac    2428573.      235.00  9.90 0.15    1
CP Lac    2428575.      237.00  9.82 0.07    6
CP Lac    2428577.      239.00  9.85 0.08    8
CP Lac    2428579.      241.00  9.93 0.09    3
CP Lac    2428581.      243.00  9.93 0.10    3
CP Lac    2428583.      245.00  9.90 0.07    5
CP Lac    2428585.      247.00 10.07 0.09    3
CP Lac    2428589.      251.00 10.10 0.15    1
CP Lac    2428591.      253.00 10.07 0.11    3
CP Lac    2428593.      255.00  9.90 0.09    4
CP Lac    2428595.      257.00 10.00 0.09    3
CP Lac    2428599.      261.00 10.10 0.14    2
CP Lac    2428601.      263.00 10.05 0.18    2
CP Lac    2428603.      265.00  9.80 0.11    2
CP Lac    2428605.      267.00 10.15 0.11    2
CP Lac    2428607.      269.00 10.00 0.11    2
CP Lac    2428613.      275.00 10.20 0.15    1
CP Lac    2428615.      277.00  9.90 0.15    1
CP Lac    2428631.      293.00 10.60 0.15    1
CP Lac    2428633.      295.00 10.60 0.15    1
CP Lac    2428637.      299.00 10.10 0.14    2
CP Lac    2428641.      303.00 10.25 0.11    2
CP Lac    2428653.      315.00 10.40 0.15    1
CP Lac    2428655.      317.00 10.47 0.10    3
CP Lac    2428657.      319.00 10.35 0.08    4
CP Lac    2428659.      321.00 10.60 0.15    1
CP Lac    2428661.      323.00 10.30 0.16    3
CP Lac    2428663.      325.00 10.30 0.21    2
CP Lac    2428667.      329.00 10.65 0.11    2
CP Lac    2428669.      331.00 10.40 0.11    2
CP Lac    2428671.      333.00 10.30 0.11    2
CP Lac    2428673.      335.00 10.43 0.11    3
CP Lac    2428675.      337.00 10.55 0.11    2
CP Lac    2428677.      339.00 10.70 0.11    2
CP Lac    2428681.      343.00 10.70 0.09    3
CP Lac    2428683.      345.00 10.60 0.09    5
CP Lac    2428685.      347.00 10.60 0.09    3
CP Lac    2428687.      349.00 10.53 0.10    6
CP Lac    2428689.      351.00 10.70 0.15    1
CP Lac    2428691.      353.00 10.60 0.09    3
CP Lac    2428693.      355.00 10.37 0.18    3
CP Lac    2428695.      357.00 10.53 0.22    3
CP Lac    2428697.      359.00 10.58 0.06   10
CP Lac    2428699.      361.00 10.43 0.22    3
CP Lac    2428704.      366.00 10.43 0.26    3
CP Lac    2428712.      374.00 10.85 0.17    8
CP Lac    2428720.      382.00 10.82 0.06   19
CP Lac    2428728.      390.00 10.73 0.09   11
CP Lac    2428736.      398.00 10.94 0.13   10
CP Lac    2428744.      406.00 10.85 0.07   16
CP Lac    2428752.      414.00 10.88 0.09   19
CP Lac    2428760.      422.00 10.94 0.08   12
CP Lac    2428768.      430.00 11.17 0.15    7
CP Lac    2428776.      438.00 11.01 0.08   16
CP Lac    2428784.      446.00 11.16 0.10   20
CP Lac    2428792.      454.00 11.28 0.09   17
CP Lac    2428800.      462.00 11.29 0.05   18
CP Lac    2428808.      470.00 11.26 0.10   18
CP Lac    2428816.      478.00 11.39 0.04   10
CP Lac    2428832.      494.00 11.46 0.04   11
CP Lac    2428840.      502.00 11.58 0.04   16
CP Lac    2428848.      510.00 11.54 0.03   14
CP Lac    2428856.      518.00 11.62 0.06    6
CP Lac    2428864.      526.00 11.66 0.05   16
CP Lac    2428872.      534.00 11.46 0.11   14
CP Lac    2428880.      542.00 11.71 0.05    9
CP Lac    2428888.      550.00 11.59 0.19    7
CP Lac    2428896.      558.00 11.82 0.09    5
CP Lac    2428904.      566.00 11.79 0.07   14
CP Lac    2428912.      574.00 11.45 0.11    2
CP Lac    2428920.      582.00 11.87 0.14    3
CP Lac    2428928.      590.00 11.65 0.12    6
CP Lac    2428936.      598.00 11.50 0.15    1
CP Lac    2428952.      614.00 12.18 0.25    4
CP Lac    2428960.      622.00 12.53 0.14    3
CP Lac    2428984.      646.00 11.93 0.08    4
CP Lac    2429000.      662.00 12.20 0.24    3
CP Lac    2429008.      670.00 12.35 0.39    2
CP Lac    2429016.      678.00 12.40 0.35    2
CP Lac    2429024.      686.00 12.75 0.11    2
CP Lac    2429048.      710.00 12.50 0.15    1
CP Lac    2429068.      730.00 12.56 0.11    9
CP Lac    2429100.      762.00 12.58 0.15   12
CP Lac    2429132.      794.00 12.50 0.17   17
CP Lac    2429164.      826.00 12.69 0.15   13
CP Lac    2429196.      858.00 12.79 0.19    9
CP Lac    2429228.      890.00 12.98 0.06    6
CP Lac    2429260.      922.00 13.08 0.08    6
CP Lac    2429404.     1066.00 12.80 0.41    3
CP Lac    2429468.     1130.00 13.53 0.08    4
CP Lac    2429532.     1194.00 12.62 0.22   15
CP Lac    2429596.     1258.00 13.41 0.23   11
CP Lac    2429660.     1322.00 13.60 0.15    1
CP Lac    2429756.     1418.00 13.63 0.08    4
CP Lac    2429884.     1546.00 13.77 0.07   18
CP Lac    2430012.     1674.00 14.00 0.15    1
CP Lac    2430140.     1802.00 14.03 0.15    6
CP Lac    2430268.     1930.00 13.80 0.12   14
CP Lac    2430524.     2186.00 14.40 0.15    1
CP Lac    2430652.     2314.00 14.10 0.14    2
CP Lac    2430908.     2570.00 13.68 0.27    4
CP Lac    2431036.     2698.00 13.95 0.22    4
CP Lac    2431164.     2826.00 13.20 0.15    1
CP Lac    2431292.     2954.00 14.07 0.10    3
CP Lac    2431420.     3082.00 15.20 0.15    1
CP Lac    2431676.     3338.00 14.70 0.15    1
CP Lac    2431804.     3466.00 14.60 0.15    1
CP Lac    2432828.     4490.00 14.10 0.15    1
DK Lac    2433304.5       0.5   6.00 0.15    1
DK Lac    2433307.5       3.5   6.30 0.14    2
DK Lac    2433308.5       4.5   5.90 0.15    1
DK Lac    2433309.5       5.5   6.06 0.07   11
DK Lac    2433310.5       6.5   6.13 0.10    4
DK Lac    2433312.5       8.5   5.93 0.09    3
DK Lac    2433314.5      10.5   7.10 0.16    3
DK Lac    2433315.5      11.5   7.00 0.07    5
DK Lac    2433316.5      12.5   6.67 0.04   14
DK Lac    2433317.5      13.5   6.83 0.04   10
DK Lac    2433318.5      14.5   7.18 0.09    8
DK Lac    2433319.5      15.5   6.85 0.11    2
DK Lac    2433320.5      16.5   7.15 0.08    8
DK Lac    2433321.5      17.5   7.38 0.09    5
DK Lac    2433322.5      18.5   6.60 0.08    4
DK Lac    2433323.5      19.5   7.10 0.07    5
DK Lac    2433324.5      20.5   7.50 0.09    3
DK Lac    2433325.5      21.5   7.90 0.15    1
DK Lac    2433327.5      23.5   8.20 0.15    1
DK Lac    2433328.5      24.5   7.50 0.08    4
DK Lac    2433329.5      25.5   7.82 0.18    5
DK Lac    2433330.5      26.5   8.10 0.29    4
DK Lac    2433331.5      27.5   7.92 0.07   11
DK Lac    2433332.5      28.5   7.93 0.09    6
DK Lac    2433333.5      29.5   7.37 0.14    3
DK Lac    2433335.5      31.5   8.08 0.08    4
DK Lac    2433336.5      32.5   8.33 0.13    6
DK Lac    2433337.5      33.5   8.00 0.15    1
DK Lac    2433338.5      34.5   8.20 0.08    4
DK Lac    2433339.5      35.5   7.95 0.08    6
DK Lac    2433340.5      36.5   8.23 0.09    3
DK Lac    2433341.5      37.5   8.35 0.11    2
DK Lac    2433342.5      38.5   8.38 0.08    4
DK Lac    2433344.5      40.5   8.30 0.14    2
DK Lac    2433345.5      41.5   8.40 0.09    3
DK Lac    2433346.5      42.5   7.90 0.11    2
DK Lac    2433347.5      43.5   7.67 0.10    6
DK Lac    2433348.5      44.5   8.07 0.19    3
DK Lac    2433349.5      45.5   8.20 0.15    1
DK Lac    2433350.5      46.5   8.55 0.25    2
DK Lac    2433351.5      47.5   8.40 0.09    3
DK Lac    2433352.5      48.5   8.20 0.15    1
DK Lac    2433353.5      49.5   7.90 0.15    1
DK Lac    2433354.5      50.5   8.65 0.11    2
DK Lac    2433355.5      51.5   8.70 0.08    5
DK Lac    2433356.5      52.5   8.76 0.07    5
DK Lac    2433357.5      53.5   8.73 0.06    6
DK Lac    2433358.5      54.5   8.97 0.09    3
DK Lac    2433359.5      55.5   8.65 0.11    2
DK Lac    2433360.5      56.5   8.70 0.11    2
DK Lac    2433361.5      57.5   8.70 0.15    1
DK Lac    2433362.5      58.5   8.40 0.15    1
DK Lac    2433363.5      59.5   7.50 0.09    3
DK Lac    2433364.5      60.5   8.40 0.15    1
DK Lac    2433366.5      62.5   8.70 0.15    1
DK Lac    2433367.5      63.5   8.90 0.11    2
DK Lac    2433368.5      64.5   8.65 0.18    2
DK Lac    2433369.5      65.5   9.20 0.15    1
DK Lac    2433371.5      67.5   8.90 0.15    1
DK Lac    2433376.5      72.5   8.80 0.15    1
DK Lac    2433378.5      74.5   9.07 0.09    3
DK Lac    2433379.5      75.5   9.37 0.20    3
DK Lac    2433382.5      78.5   9.00 0.15    1
DK Lac    2433383.5      79.5   9.20 0.15    1
DK Lac    2433389.5      85.5   7.97 0.31    3
DK Lac    2433390.5      86.5   8.15 0.11    2
DK Lac    2433391.5      87.5   8.30 0.15    1
DK Lac    2433393.5      89.5   9.30 0.15    1
DK Lac    2433397.5      93.5   9.52 0.19    6
DK Lac    2433398.5      94.5   9.40 0.09    3
DK Lac    2433400.5      96.5   9.60 0.15    1
DK Lac    2433402.5      98.5   9.65 0.18    2
DK Lac    2433403.5      99.5   9.10 0.11    2
DK Lac    2433408.5     104.5   9.50 0.15    1
DK Lac    2433409.5     105.5   8.93 0.12    3
DK Lac    2433410.5     106.5   8.35 0.22    4
DK Lac    2433411.5     107.5   8.77 0.26    3
DK Lac    2433412.5     108.5   9.10 0.21    2
DK Lac    2433413.5     109.5   9.40 0.21    2
DK Lac    2433414.5     110.5   9.46 0.09    5
DK Lac    2433415.5     111.5   9.50 0.15    1
DK Lac    2433416.5     112.5   9.65 0.11    2
DK Lac    2433417.5     113.5   9.65 0.11    2
DK Lac    2433418.5     114.5   9.70 0.15    1
DK Lac    2433419.5     115.5   9.40 0.15    1
DK Lac    2433420.5     116.5   9.65 0.11    2
DK Lac    2433421.5     117.5   9.65 0.11    2
DK Lac    2433422.5     118.5   9.80 0.09    4
DK Lac    2433423.5     119.5  10.20 0.15    1
DK Lac    2433424.5     120.5   9.85 0.11    2
DK Lac    2433426.5     122.5   9.95 0.11    2
DK Lac    2433427.5     123.5   9.60 0.11    2
DK Lac    2433428.5     124.5   9.20 0.21    3
DK Lac    2433430.5     126.5   9.20 0.15    1
DK Lac    2433431.5     127.5   9.90 0.15    1
DK Lac    2433434.5     130.5  10.00 0.15    1
DK Lac    2433435.5     131.5   9.75 0.11    2
DK Lac    2433436.5     132.5   9.90 0.09    3
DK Lac    2433437.5     133.5  10.03 0.11    3
DK Lac    2433438.5     134.5  10.03 0.11    6
DK Lac    2433439.5     135.5  10.05 0.08    4
DK Lac    2433440.5     136.5  10.35 0.22    4
DK Lac    2433441.5     137.5  10.10 0.15    1
DK Lac    2433442.5     138.5   9.75 0.25    2
DK Lac    2433443.5     139.5  10.10 0.09    3
DK Lac    2433444.5     140.5  10.20 0.08    4
DK Lac    2433445.5     141.5  10.14 0.12    5
DK Lac    2433446.5     142.5  10.20 0.15    1
DK Lac    2433447.5     143.5  10.00 0.15    1
DK Lac    2433448.5     144.5   9.80 0.15    1
DK Lac    2433449.5     145.5  10.50 0.15    1
DK Lac    2433450.5     146.5   9.80 0.11    2
DK Lac    2433451.5     147.5  10.25 0.22    4
DK Lac    2433452.5     148.5   9.93 0.09    3
DK Lac    2433453.5     149.5  10.00 0.15    1
DK Lac    2433454.5     150.5   9.85 0.11    2
DK Lac    2433455.5     151.5   9.70 0.15    1
DK Lac    2433457.5     153.5   9.90 0.15    1
DK Lac    2433458.5     154.5  10.60 0.42    2
DK Lac    2433459.5     155.5  10.00 0.11    2
DK Lac    2433460.5     156.5   9.95 0.18    2
DK Lac    2433461.5     157.5  10.15 0.11    2
DK Lac    2433463.5     159.5  10.25 0.11    2
DK Lac    2433464.5     160.5  10.10 0.15    1
DK Lac    2433465.5     161.5  10.08 0.15    4
DK Lac    2433466.5     162.5  10.17 0.09    3
DK Lac    2433467.5     163.5   9.80 0.15    1
DK Lac    2433469.5     165.5  10.05 0.09    4
DK Lac    2433470.5     166.5  10.45 0.11    2
DK Lac    2433471.5     167.5  10.43 0.19    4
DK Lac    2433472.5     168.5  10.40 0.21    4
DK Lac    2433473.5     169.5  10.10 0.15    1
DK Lac    2433476.5     172.5  10.15 0.11    2
DK Lac    2433477.5     173.5  10.30 0.09    3
DK Lac    2433478.5     174.5  10.38 0.12    4
DK Lac    2433479.5     175.5  10.20 0.11    2
DK Lac    2433480.5     176.5  10.00 0.14    2
DK Lac    2433481.5     177.5  10.25 0.08    4
DK Lac    2433482.5     178.5   8.70 0.15    1
DK Lac    2433483.5     179.5   8.20 0.15    1
DK Lac    2433484.5     180.5   8.95 0.28    6
DK Lac    2433485.5     181.5   9.37 0.14    3
DK Lac    2433487.5     183.5  10.25 0.18    2
DK Lac    2433488.5     184.5  10.00 0.11    2
DK Lac    2433489.5     185.5   9.90 0.21    2
DK Lac    2433492.5     188.5  10.20 0.15    1
DK Lac    2433493.5     189.5  10.05 0.18    2
DK Lac    2433495.5     191.5  10.15 0.11    2
DK Lac    2433496.5     192.5  10.50 0.15    1
DK Lac    2433497.5     193.5   9.95 0.11    2
DK Lac    2433498.5     194.5  10.40 0.15    1
DK Lac    2433499.5     195.5  10.13 0.14    3
DK Lac    2433500.5     196.5  10.40 0.09    3
DK Lac    2433501.5     197.5  10.35 0.11    2
DK Lac    2433502.5     198.5  10.32 0.07    5
DK Lac    2433503.5     199.5  10.40 0.09    3
DK Lac    2433504.5     200.5  10.40 0.15    1
DK Lac    2433505.5     201.5  10.60 0.17    3
DK Lac    2433506.5     202.5  10.10 0.15    1
DK Lac    2433507.5     203.5  10.50 0.15    1
DK Lac    2433508.5     204.5  10.00 0.15    1
DK Lac    2433509.5     205.5   8.60 0.35    2
DK Lac    2433510.5     206.5   8.80 0.09    3
DK Lac    2433511.5     207.5   9.50 0.11    2
DK Lac    2433512.5     208.5   9.75 0.11    2
DK Lac    2433513.5     209.5  10.10 0.15    1
DK Lac    2433514.5     210.5  10.10 0.11    2
DK Lac    2433515.5     211.5  10.02 0.15    6
DK Lac    2433516.5     212.5  10.15 0.08    4
DK Lac    2433517.5     213.5  10.23 0.12    3
DK Lac    2433518.5     214.5   9.95 0.11    2
DK Lac    2433519.5     215.5  10.10 0.15    1
DK Lac    2433520.5     216.5  10.20 0.15    1
DK Lac    2433521.5     217.5  10.25 0.11    2
DK Lac    2433522.5     218.5  10.15 0.11    2
DK Lac    2433523.5     219.5  10.40 0.14    2
DK Lac    2433524.5     220.5  10.30 0.15    1
DK Lac    2433526.5     222.5  10.75 0.18    2
DK Lac    2433528.5     224.5  10.43 0.09    3
DK Lac    2433529.5     225.5  10.28 0.08    4
DK Lac    2433530.5     226.5  10.66 0.15    5
DK Lac    2433531.5     227.5  10.43 0.17    3
DK Lac    2433532.5     228.5  11.00 0.15    1
DK Lac    2433534.5     230.5  10.30 0.15    1
DK Lac    2433536.5     232.5  10.40 0.11    2
DK Lac    2433537.5     233.5  10.65 0.11    2
DK Lac    2433538.5     234.5  10.78 0.23    4
DK Lac    2433539.5     235.5  10.45 0.11    2
DK Lac    2433540.5     236.5  10.50 0.15    1
DK Lac    2433541.5     237.5  10.70 0.15    4
DK Lac    2433542.5     238.5  10.67 0.26    3
DK Lac    2433543.5     239.5  10.95 0.32    2
DK Lac    2433544.5     240.5  10.65 0.18    2
DK Lac    2433545.5     241.5  11.00 0.15    1
DK Lac    2433547.5     243.5  10.30 0.15    1
DK Lac    2433548.5     244.5  11.10 0.21    2
DK Lac    2433549.5     245.5  10.70 0.15    1
DK Lac    2433550.5     246.5  10.90 0.28    2
DK Lac    2433553.5     249.5  10.50 0.15    1
DK Lac    2433554.5     250.5  10.60 0.11    2
DK Lac    2433555.5     251.5  10.45 0.39    2
DK Lac    2433556.5     252.5  10.35 0.25    2
DK Lac    2433557.5     253.5  10.00 0.28    2
DK Lac    2433558.5     254.5   9.67 0.12    3
DK Lac    2433559.5     255.5   9.98 0.08    4
DK Lac    2433560.5     256.5  10.14 0.06    7
DK Lac    2433561.5     257.5  10.45 0.11    2
DK Lac    2433563.5     259.5  10.60 0.14    2
DK Lac    2433564.5     260.5  10.50 0.15    1
DK Lac    2433565.5     261.5  10.60 0.15    1
DK Lac    2433566.5     262.5  10.50 0.09    3
DK Lac    2433567.5     263.5  10.63 0.11    4
DK Lac    2433568.5     264.5  10.60 0.15    1
DK Lac    2433569.5     265.5  10.65 0.11    2
DK Lac    2433570.5     266.5  10.54 0.07    5
DK Lac    2433571.5     267.5  10.60 0.11    2
DK Lac    2433572.5     268.5  10.75 0.18    2
DK Lac    2433573.5     269.5  10.60 0.15    1
DK Lac    2433574.5     270.5  10.53 0.10    3
DK Lac    2433575.5     271.5  10.60 0.09    3
DK Lac    2433576.5     272.5  10.70 0.11    2
DK Lac    2433578.5     274.5  10.70 0.15    1
DK Lac    2433579.5     275.5  10.70 0.15    1
DK Lac    2433580.5     276.5  10.60 0.15    1
DK Lac    2433581.5     277.5  10.90 0.15    1
DK Lac    2433582.5     278.5  11.10 0.21    2
DK Lac    2433583.5     279.5  10.65 0.11    2
DK Lac    2433584.5     280.5  10.73 0.08    4
DK Lac    2433585.5     281.5  11.05 0.25    2
DK Lac    2433586.5     282.5  11.05 0.17    4
DK Lac    2433587.5     283.5  10.60 0.15    1
DK Lac    2433591.5     287.5  10.65 0.11    2
DK Lac    2433592.5     288.5  11.03 0.31    3
DK Lac    2433593.5     289.5  10.65 0.11    2
DK Lac    2433594.5     290.5  10.50 0.15    1
DK Lac    2433595.5     291.5  10.20 0.15    1
DK Lac    2433596.5     292.5  10.50 0.21    2
DK Lac    2433597.5     293.5  11.10 0.15    1
DK Lac    2433598.5     294.5  10.80 0.15    1
DK Lac    2433599.5     295.5  10.05 0.11    2
DK Lac    2433601.      297.   10.03 0.09    3
DK Lac    2433603.      299.    9.95 0.11    2
DK Lac    2433605.      301.   10.70 0.15    1
DK Lac    2433607.      303.   10.75 0.11    2
DK Lac    2433609.      305.   10.90 0.11    2
DK Lac    2433611.      307.   10.80 0.11    2
DK Lac    2433613.      309.   11.00 0.15    1
DK Lac    2433615.      311.   10.80 0.15    1
DK Lac    2433617.      313.   11.00 0.11    2
DK Lac    2433619.      315.   11.70 0.15    1
DK Lac    2433621.      317.   10.80 0.06    6
DK Lac    2433623.      319.   11.45 0.32    2
DK Lac    2433625.      321.   11.20 0.15    1
DK Lac    2433629.      325.   10.88 0.10    6
DK Lac    2433631.      327.   10.98 0.08    5
DK Lac    2433633.      329.   11.00 0.17    4
DK Lac    2433635.      331.   10.90 0.08    4
DK Lac    2433641.      337.   11.20 0.15    1
DK Lac    2433643.      339.   10.44 0.14    7
DK Lac    2433645.      341.   10.40 0.12    6
DK Lac    2433647.      343.   10.58 0.07    8
DK Lac    2433649.      345.   10.23 0.16    4
DK Lac    2433651.      347.   10.64 0.07    5
DK Lac    2433653.      349.   11.23 0.14    3
DK Lac    2433655.      351.   11.14 0.13    5
DK Lac    2433657.      353.   11.22 0.14    6
DK Lac    2433659.      355.   11.40 0.11    2
DK Lac    2433661.      357.   11.06 0.12    5
DK Lac    2433663.      359.   11.24 0.09    5
DK Lac    2433667.      363.   11.40 0.15    1
DK Lac    2433669.      365.   11.37 0.09    3
DK Lac    2433671.      367.   11.80 0.15    1
DK Lac    2433673.      369.   11.30 0.11    2
DK Lac    2433677.      373.   11.33 0.08    4
DK Lac    2433681.      377.   11.30 0.15    1
DK Lac    2433683.      379.   11.63 0.18    3
DK Lac    2433685.      381.   11.35 0.11    2
DK Lac    2433687.      383.   11.30 0.09    3
DK Lac    2433691.      387.   11.70 0.15    1
DK Lac    2433699.      395.   11.10 0.15    1
DK Lac    2433701.      397.   11.53 0.09    3
DK Lac    2433703.      399.   11.55 0.11    2
DK Lac    2433707.      403.   11.40 0.15    1
DK Lac    2433709.      405.   11.60 0.11    2
DK Lac    2433724.      420.   11.75 0.08    4
DK Lac    2433732.      428.   11.60 0.11    2
DK Lac    2433740.      436.   11.75 0.08    4
DK Lac    2433764.      460.   12.30 0.15    1
DK Lac    2433780.      476.   12.30 0.15    1
DK Lac    2433796.      492.   11.80 0.15    1
DK Lac    2433820.      516.   12.40 0.15    1
DK Lac    2433828.      524.   12.35 0.08    4
DK Lac    2433836.      532.   12.50 0.12    3
DK Lac    2433844.      540.   12.60 0.15    1
DK Lac    2433852.      548.   12.58 0.12    5
DK Lac    2433860.      556.   12.68 0.09    5
DK Lac    2433868.      564.   12.50 0.14    3
DK Lac    2433876.      572.   12.75 0.11    2
DK Lac    2433884.      580.   12.70 0.09    6
DK Lac    2433892.      588.   12.88 0.14    4
DK Lac    2433900.      596.   13.17 0.09    3
DK Lac    2433908.      604.   12.95 0.18    2
DK Lac    2433916.      612.   12.85 0.25    2
DK Lac    2433924.      620.   12.73 0.12    3
DK Lac    2433932.      628.   13.05 0.11    2
DK Lac    2433940.      636.   13.13 0.09    3
DK Lac    2433948.      644.   13.00 0.15    1
DK Lac    2433956.      652.   13.10 0.15    1
DK Lac    2433972.      668.   13.17 0.06    7
DK Lac    2433980.      676.   13.20 0.06    6
DK Lac    2434008.      704.   13.40 0.15    5
DK Lac    2434040.      736.   12.90 0.11    2
DK Lac    2434056.      752.   13.00 0.15    1
DK Lac    2434088.      784.   12.90 0.15    1
DK Lac    2434136.      832.   13.05 0.11    2
DK Lac    2434168.      864.   12.80 0.15    1
DK Lac    2434184.      880.   12.95 0.11    2
DK Lac    2434200.      896.   13.00 0.11    2
DK Lac    2434216.      912.   13.08 0.08    4
DK Lac    2434248.      944.   13.10 0.11    2
DK Lac    2434264.      960.   13.00 0.15    1
DK Lac    2434280.      976.   13.13 0.09    3
DK Lac    2434296.      992.   13.20 0.11    2
DK Lac    2434328.     1024.   13.10 0.15    1
DK Lac    2434360.     1056.   13.30 0.15    1
DK Lac    2434424.     1120.   13.30 0.15    1
DK Lac    2434616.     1312.   13.60 0.15    1
DK Lac    2434680.     1376.   13.30 0.15    1
DK Lac    2434696.     1392.   13.30 0.15    1
DK Lac    2434712.     1408.   13.40 0.15    1
DK Lac    2434776.     1472.   13.20 0.15    1
DK Lac    2435056.     1752.   13.70 0.15    1
DK Lac    2435088.     1784.   13.50 0.15    1
DK Lac    2435120.     1816.   13.40 0.15    1
DK Lac    2435344.     2040.   13.70 0.15    1
DK Lac    2436256.     2952.   13.95 0.19    4
DK Lac    2436768.     3464.   13.98 0.10    5
DK Lac    2437280.     3976.   13.61 0.14   19
DK Lac    2437792.     4488.   13.78 0.13   10
DK Lac    2438304.     5000.   13.54 0.16   15
DK Lac    2438816.     5512.   13.44 0.06   18
DK Lac    2439328.     6024.   13.88 0.26   10
DK Lac    2439840.     6536.   13.73 0.25    7
DK Lac    2440352.     7048.   13.61 0.12    7
DK Lac    2440864.     7560.   13.98 0.25    6
DK Lac    2441376.     8072.   13.57 0.14    9
DK Lac    2441888.     8584.   13.47 0.09    9
DK Lac    2442400.     9096.   13.33 0.09   18
DK Lac    2442912.     9608.   13.47 0.09   20
DK Lac    2443424.    10120.   13.50 0.15    1
DK Lac    2443936.    10632.   13.53 0.08   15
DK Lac    2444448.    11144.   13.59 0.06    9
DK Lac    2444960.    11656.   14.00 0.49    3
LZ Mus    2451176.75      0.75  8.50 0.15    1
LZ Mus    2451177.75      1.75  9.45 0.15    1
LZ Mus    2451178.25      2.25 10.00 0.15    1
LZ Mus    2451178.75      2.75 10.20 0.09    3
LZ Mus    2451179.25      3.25 10.32 0.10    5
LZ Mus    2451179.75      3.75 10.50 0.02    2
LZ Mus    2451180.25      4.25 10.50 0.05    9
LZ Mus    2451180.75      4.75 10.80 0.15    1
LZ Mus    2451181.25      5.25 10.65 0.06    6
LZ Mus    2451181.75      5.75 10.80 0.10    3
LZ Mus    2451182.25      6.25 10.93 0.09    3
LZ Mus    2451182.75      6.75 10.97 0.09    3
LZ Mus    2451183.25      7.25 10.50 0.11    2
LZ Mus    2451183.75      7.75 11.10 0.15    1
LZ Mus    2451184.25      8.25 11.20 0.09    3
LZ Mus    2451185.25      9.25 11.00 0.15    1
LZ Mus    2451185.75      9.75 11.10 0.15    1
LZ Mus    2451186.25     10.25 11.30 0.15    1
LZ Mus    2451186.75     10.75 11.20 0.15    1
LZ Mus    2451187.25     11.25 11.77 0.11    3
LZ Mus    2451187.75     11.75 11.55 0.11    2
LZ Mus    2451188.25     12.25 11.50 0.11    5
LZ Mus    2451189.25     13.25 11.70 0.15    1
LZ Mus    2451190.5      14.5  11.85 0.08    4
LZ Mus    2451191.5      15.5  11.70 0.11    2
LZ Mus    2451192.5      16.5  12.01 0.06    7
LZ Mus    2451193.5      17.5  12.00 0.08    5
LZ Mus    2451194.5      18.5  12.55 0.25    2
LZ Mus    2451195.5      19.5  11.93 0.06    7
LZ Mus    2451196.5      20.5  12.28 0.08    4
LZ Mus    2451197.5      21.5  12.43 0.09    3
LZ Mus    2451198.5      22.5  12.67 0.14    3
LZ Mus    2451199.5      23.5  13.15 0.11    2
LZ Mus    2451202.       26.   12.79 0.11   10
LZ Mus    2451206.       30.   13.38 0.17    8
LZ Mus    2451210.       34.   12.90 0.05    9
LZ Mus    2451214.       38.   13.28 0.16   12
LZ Mus    2451218.       42.   13.51 0.09   20
LZ Mus    2451222.       46.   13.75 0.09    6
LZ Mus    2451226.       50.   13.74 0.12    7
LZ Mus    2451230.       54.   13.56 0.06   19
LZ Mus    2451234.       58.   13.97 0.07   15
LZ Mus    2451238.       62.   14.00 0.08    4
LZ Mus    2451242.       66.   13.96 0.05    9
LZ Mus    2451246.       70.   13.92 0.03   22
LZ Mus    2451250.       74.   14.02 0.05   13
LZ Mus    2451254.       78.   14.00 0.09    7
LZ Mus    2451258.       82.   14.00 0.15    1
LZ Mus    2451262.       86.   14.05 0.08    4
LZ Mus    2451266.       90.   14.14 0.06    7
LZ Mus    2451270.       94.   14.10 0.15    1
LZ Mus    2451274.       98.   14.45 0.08    4
LZ Mus    2451278.      102.   14.32 0.07    5
LZ Mus    2451282.      106.   14.30 0.11    2
LZ Mus    2451286.      110.   14.20 0.11    2
LZ Mus    2451290.      114.   14.19 0.06    7
LZ Mus    2451294.      118.   14.30 0.08    4
LZ Mus    2451298.      122.   14.30 0.15    1
LZ Mus    2451302.      126.   14.40 0.06    6
LZ Mus    2451306.      130.   14.40 0.11    2
LZ Mus    2451310.      134.   14.55 0.08    4
LZ Mus    2451314.      138.   14.55 0.11    2
LZ Mus    2451318.      142.   14.70 0.15    1
LZ Mus    2451334.      158.   15.15 0.11    2
BT Mon    2429517.75     17.75  8.07 0.15    1
BT Mon    2429518.75     18.75  8.52 0.15    1
BT Mon    2429527.75     27.75  8.34 0.15    1
BT Mon    2429528.75     28.75  8.61 0.15    1
BT Mon    2429529.75     29.75  8.43 0.15    1
BT Mon    2429544.75     44.75  8.48 0.15    1
BT Mon    2429546.75     46.75  8.70 0.15    1
BT Mon    2429554.25     54.25  8.50 0.15    1
BT Mon    2429559.75     59.75  8.58 0.15    1
BT Mon    2429561.25     61.25  8.60 0.15    1
BT Mon    2429566.25     66.25  8.55 0.15    1
BT Mon    2429571.75     71.75  8.58 0.15    1
BT Mon    2429577.25     77.25  8.60 0.15    1
BT Mon    2429582.75     82.75  8.51 0.15    1
BT Mon    2429584.75     84.75  8.90 0.15    1
BT Mon    2429585.75     85.75  8.82 0.15    1
BT Mon    2429590.75     90.75  9.08 0.15    1
BT Mon    2429604.      104.    9.33 0.11    2
BT Mon    2429612.      112.    9.60 0.16    2
BT Mon    2429620.      120.    9.46 0.11    2
BT Mon    2429628.      128.    9.83 0.11    5
BT Mon    2429636.      136.   10.01 0.06    7
BT Mon    2429644.      144.   10.09 0.07    8
BT Mon    2429652.      152.   10.17 0.15    1
BT Mon    2429660.      160.   10.26 0.11    2
BT Mon    2429668.      168.   10.42 0.09    3
BT Mon    2429676.      176.   10.44 0.08    4
BT Mon    2429684.      184.   10.67 0.08    4
BT Mon    2429692.      192.   10.83 0.14    7
BT Mon    2429700.      200.   10.88 0.17    6
BT Mon    2429716.      216.   11.46 0.11    2
BT Mon    2429724.      224.   11.45 0.16    3
BT Mon    2429732.      232.   11.68 0.12    5
BT Mon    2429756.      256.   11.90 0.11    2
BT Mon    2429772.      272.   12.16 0.15    1
BT Mon    2429780.      280.   12.06 0.08    4
BT Mon    2429968.      468.   12.87 0.09    3
BT Mon    2430000.      500.   12.95 0.09    3
BT Mon    2430032.      532.   13.41 0.08   11
BT Mon    2430064.      564.   13.64 0.06   21
BT Mon    2430096.      596.   13.59 0.08   15
BT Mon    2430128.      628.   14.01 0.12    7
BT Mon    2430304.      804.   14.89 0.07    5
BT Mon    2430368.      868.   14.50 0.11   11
BT Mon    2430432.      932.   14.74 0.09    7
BT Mon    2430496.      996.   14.70 0.06   13
BT Mon    2430624.     1124.   14.83 0.15    1
BT Mon    2430688.     1188.   14.92 0.06    8
BT Mon    2430752.     1252.   14.98 0.04   12
BT Mon    2430816.     1316.   15.00 0.11    2
BT Mon    2430880.     1380.   15.07 0.15    1
BT Mon    2431008.     1508.   15.26 0.11    2
BT Mon    2431136.     1636.   15.19 0.09    7
BT Mon    2431776.     2276.   14.94 0.15    1
BT Mon    2431840.     2340.   15.35 0.15    1
BT Mon    2432224.     2724.   15.35 0.11    2
BT Mon    2432864.     3364.   15.29 0.09    3
BT Mon    2432928.     3428.   15.57 0.11    4
BT Mon    2432992.     3492.   15.42 0.08    4
BT Mon    2433312.     3812.   15.65 0.09   10
BT Mon    2433696.     4196.   15.53 0.12    6
BT Mon    2434016.     4516.   16.19 0.15    1
BT Mon    2434080.     4580.   16.05 0.06    6
BT Mon    2434144.     4644.   15.73 0.15    1
BT Mon    2434400.     4900.   15.39 0.17    4
BT Mon    2434464.     4964.   15.75 0.18    8
BT Mon    2434720.     5220.   15.38 0.11    2
BT Mon    2434784.     5284.   15.51 0.05   37
IM Nor    2452286.75      0.75  8.13 0.02   10
IM Nor    2452287.25      1.25  8.30 0.15    1
IM Nor    2452288.75      2.75  7.84 0.05   10
IM Nor    2452290.25      4.25  8.50 0.21    2
IM Nor    2452291.25      5.25  8.70 0.11    2
IM Nor    2452291.75      5.75  8.90 0.15    1
IM Nor    2452292.75      6.75  8.80 0.15    1
IM Nor    2452293.25      7.25  8.70 0.15    1
IM Nor    2452293.75      7.75  8.95 0.08    4
IM Nor    2452294.75      8.75  8.75 0.02   10
IM Nor    2452295.25      9.25  9.00 0.15    1
IM Nor    2452296.25     10.25  8.85 0.11    2
IM Nor    2452297.25     11.25  9.20 0.15    1
IM Nor    2452299.25     13.25  9.15 0.11    2
IM Nor    2452301.       15.    9.04 0.09    7
IM Nor    2452303.       17.    9.23 0.08    4
IM Nor    2452305.       19.    9.35 0.11    2
IM Nor    2452307.       21.    9.35 0.10    6
IM Nor    2452309.       23.    9.36 0.06    8
IM Nor    2452311.       25.    9.36 0.11    7
IM Nor    2452313.       27.    9.74 0.07    5
IM Nor    2452315.       29.    9.86 0.07    8
IM Nor    2452317.       31.    9.99 0.08    8
IM Nor    2452319.       33.    9.96 0.10    5
IM Nor    2452321.       35.    9.87 0.09    6
IM Nor    2452323.       37.   10.04 0.09    5
IM Nor    2452325.       39.    9.95 0.11    4
IM Nor    2452327.       41.    9.98 0.06    6
IM Nor    2452329.       43.   10.48 0.08    4
IM Nor    2452331.       45.   10.27 0.12    7
IM Nor    2452333.       47.   10.70 0.09    3
IM Nor    2452335.       49.   10.54 0.08    5
IM Nor    2452337.       51.   10.55 0.18    2
IM Nor    2452339.       53.   10.57 0.12    7
IM Nor    2452341.       55.   10.50 0.08    4
IM Nor    2452343.       57.   10.45 0.06   11
IM Nor    2452345.       59.   10.77 0.06    6
IM Nor    2452347.       61.   10.90 0.11    2
IM Nor    2452349.       63.   10.84 0.06    7
IM Nor    2452351.       65.   10.98 0.06    6
IM Nor    2452353.       67.   11.20 0.12    3
IM Nor    2452355.       69.   10.95 0.11    2
IM Nor    2452357.       71.   10.91 0.09    8
IM Nor    2452359.       73.   11.00 0.07    6
IM Nor    2452361.       75.   11.38 0.08    4
IM Nor    2452363.       77.   11.30 0.15    1
IM Nor    2452365.       79.   11.53 0.15    3
IM Nor    2452367.       81.   11.50 0.08    4
IM Nor    2452369.       83.   11.54 0.07    5
IM Nor    2452371.       85.   11.66 0.07    5
IM Nor    2452373.       87.   11.67 0.11    3
IM Nor    2452375.       89.   11.65 0.19    4
IM Nor    2452377.       91.   11.40 0.15    1
IM Nor    2452379.       93.   11.90 0.07    9
IM Nor    2452381.       95.   11.80 0.07    5
IM Nor    2452383.       97.   11.95 0.09    6
IM Nor    2452385.       99.   12.00 0.09    4
IM Nor    2452387.      101.   12.00 0.11    2
IM Nor    2452395.      109.   12.45 0.11    2
IM Nor    2452397.      111.   12.53 0.09    3
IM Nor    2452399.      113.   12.18 0.02  276
IM Nor    2452404.      118.   12.72 0.04   16
IM Nor    2452412.      126.   12.73 0.07    6
IM Nor    2452420.      134.   12.63 0.10    3
IM Nor    2452428.      142.   12.74 0.06   12
IM Nor    2452436.      150.   12.97 0.06   12
IM Nor    2452444.      158.   13.03 0.11    6
IM Nor    2452452.      166.   13.28 0.14    4
IM Nor    2452460.      174.   13.42 0.02 1062
IM Nor    2452468.      182.   13.55 0.08    4
IM Nor    2452476.      190.   13.50 0.15    1
IM Nor    2452484.      198.   13.60 0.11    2
IM Nor    2452492.      206.   13.20 0.09    3
IM Nor    2452500.      214.   13.50 0.21    2
IM Nor    2452508.      222.   13.40 0.15    1
IM Nor    2452516.      230.   13.63 0.14    3
IM Nor    2452524.      238.   13.70 0.21    2
IM Nor    2452540.      254.   14.91 0.02  193
IM Nor    2452564.      278.   15.35 0.02   92
IM Nor    2452572.      286.   15.60 0.15    1
IM Nor    2452648.      362.   16.20 0.15    1
IM Nor    2452680.      394.   16.40 0.15    1
IM Nor    2452728.      442.   16.75 0.11    2
IM Nor    2452744.      458.   16.65 0.02   82
IM Nor    2452760.      474.   16.83 0.02  896
IM Nor    2452776.      490.   17.18 0.02  882
IM Nor    2452792.      506.   17.11 0.02  849
IM Nor    2452848.      562.   17.27 0.02  589
IM Nor    2452880.      594.   17.70 0.15    1
IM Nor    2452912.      626.   17.40 0.15    1
IM Nor    2452944.      658.   17.30 0.15    1
IM Nor    2453040.      754.   17.80 0.15    1
IM Nor    2453072.      786.   17.20 0.15    1
IM Nor    2453104.      818.   18.30 0.15    1
IM Nor    2453136.      850.   17.80 0.11    2
IM Nor    2453168.      882.   17.68 0.02 1341
IM Nor    2453360.     1074.   17.60 0.15    1
RS Oph    2453779.75      1.75  4.94 0.02   27
RS Oph    2453780.25      2.25  4.97 0.02 5831
RS Oph    2453780.75      2.75  5.35 0.02   46
RS Oph    2453781.25      3.25  5.53 0.02 1324
RS Oph    2453781.75      3.75  5.78 0.05   17
RS Oph    2453782.25      4.25  5.70 0.15    1
RS Oph    2453782.75      4.75  6.24 0.02  376
RS Oph    2453783.25      5.25  6.05 0.11    2
RS Oph    2453783.75      5.75  6.38 0.02   13
RS Oph    2453784.25      6.25  6.30 0.15    1
RS Oph    2453784.75      6.75  6.58 0.03   25
RS Oph    2453785.5       7.5   6.76 0.05   20
RS Oph    2453786.5       8.5   7.10 0.03   26
RS Oph    2453787.5       9.5   7.25 0.02   37
RS Oph    2453788.5      10.5   7.36 0.03   20
RS Oph    2453789.5      11.5   7.37 0.06    7
RS Oph    2453790.5      12.5   7.64 0.02   23
RS Oph    2453791.5      13.5   7.76 0.02   33
RS Oph    2453792.5      14.5   7.78 0.02   35
RS Oph    2453793.5      15.5   7.95 0.02   31
RS Oph    2453794.5      16.5   7.99 0.02   47
RS Oph    2453795.5      17.5   7.98 0.02   40
RS Oph    2453796.5      18.5   8.16 0.04   19
RS Oph    2453797.5      19.5   8.19 0.03   28
RS Oph    2453798.5      20.5   8.25 0.04   14
RS Oph    2453799.5      21.5   8.39 0.02  432
RS Oph    2453800.5      22.5   8.46 0.02   28
RS Oph    2453801.5      23.5   8.50 0.03   27
RS Oph    2453802.5      24.5   8.56 0.03   19
RS Oph    2453803.5      25.5   8.55 0.07    6
RS Oph    2453804.5      26.5   8.76 0.07    5
RS Oph    2453805.5      27.5   8.71 0.06    7
RS Oph    2453806.5      28.5   8.84 0.07    5
RS Oph    2453807.5      29.5   8.94 0.07    7
RS Oph    2453808.5      30.5   9.08 0.04   14
RS Oph    2453809.5      31.5   9.08 0.09    4
RS Oph    2453811.       33.    9.15 0.02   30
RS Oph    2453813.       35.    9.13 0.06   10
RS Oph    2453815.       37.    9.37 0.04   13
RS Oph    2453817.       39.    9.46 0.02   36
RS Oph    2453819.       41.    9.55 0.02   18
RS Oph    2453821.       43.    9.66 0.03   21
RS Oph    2453823.       45.    9.61 0.15    7
RS Oph    2453825.       47.    9.75 0.03   19
RS Oph    2453827.       49.    9.87 0.04   18
RS Oph    2453829.       51.    9.90 0.02   33
RS Oph    2453831.       53.    9.91 0.05   14
RS Oph    2453833.       55.    9.94 0.03   33
RS Oph    2453835.       57.    9.95 0.03   24
RS Oph    2453837.       59.    9.94 0.03   21
RS Oph    2453839.       61.    9.99 0.02   16
RS Oph    2453841.       63.   10.05 0.03   14
RS Oph    2453843.       65.   10.10 0.02   26
RS Oph    2453845.       67.   10.10 0.02   29
RS Oph    2453847.       69.   10.08 0.02   25
RS Oph    2453849.       71.   10.11 0.03   11
RS Oph    2453851.       73.   10.12 0.02   32
RS Oph    2453853.       75.   10.17 0.02   29
RS Oph    2453855.       77.   10.21 0.03   31
RS Oph    2453857.       79.   10.32 0.02   24
RS Oph    2453859.       81.   10.28 0.03   24
RS Oph    2453861.       83.   10.44 0.03   30
RS Oph    2453863.       85.   10.53 0.03   20
RS Oph    2453865.       87.   10.61 0.03   25
RS Oph    2453867.       89.   10.68 0.02   14
RS Oph    2453869.       91.   10.80 0.15    1
RS Oph    2453871.       93.   10.90 0.15    1
RS Oph    2453873.       95.   10.87 0.09    3
RS Oph    2453875.       97.   11.07 0.02   12
RS Oph    2453877.       99.   11.19 0.02   15
RS Oph    2453879.      101.   11.29 0.03   30
RS Oph    2453882.      104.   11.37 0.02   59
RS Oph    2453886.      108.   11.54 0.02   43
RS Oph    2453890.      112.   11.58 0.02   34
RS Oph    2453894.      116.   11.54 0.02   44
RS Oph    2453898.      120.   11.54 0.02   41
RS Oph    2453902.      124.   11.61 0.02   44
RS Oph    2453906.      128.   11.73 0.02   34
RS Oph    2453910.      132.   11.87 0.05   17
RS Oph    2453914.      136.   11.93 0.03   20
RS Oph    2453918.      140.   11.98 0.02   55
RS Oph    2453922.      144.   11.99 0.04   16
RS Oph    2453926.      148.   11.83 0.02   13
RS Oph    2453930.      152.   11.95 0.04   24
RS Oph    2453934.      156.   11.89 0.02   51
RS Oph    2453938.      160.   11.90 0.02   75
RS Oph    2453942.      164.   12.03 0.02   91
RS Oph    2453946.      168.   11.90 0.02   60
RS Oph    2453950.      172.   11.97 0.05   12
RS Oph    2453954.      176.   11.65 0.02   40
RS Oph    2453958.      180.   11.67 0.02   40
RS Oph    2453962.      184.   11.84 0.03   31
RS Oph    2453966.      188.   11.82 0.04   24
RS Oph    2453970.      192.   11.72 0.03   48
RS Oph    2453974.      196.   11.64 0.03   52
RS Oph    2453978.      200.   11.73 0.02  479
RS Oph    2453982.      204.   11.80 0.02 5606
RS Oph    2453986.      208.   12.13 0.02 1042
RS Oph    2453990.      212.   11.92 0.02  945
RS Oph    2453994.      216.   11.59 0.02 2809
RS Oph    2453998.      220.   11.45 0.02 2097
RS Oph    2454008.      230.   11.54 0.02 2175
RS Oph    2454024.      246.   11.69 0.02   89
RS Oph    2454040.      262.   11.74 0.02   66
RS Oph    2454056.      278.   11.68 0.11    4
RS Oph    2454104.      326.   11.00 0.15    1
RS Oph    2454120.      342.   11.53 0.10    6
RS Oph    2454136.      358.   11.62 0.03   10
RS Oph    2454152.      374.   11.30 0.03   31
RS Oph    2454168.      390.   11.37 0.02   91
RS Oph    2454184.      406.   11.50 0.02  122
RS Oph    2454200.      422.   11.17 0.02  115
RS Oph    2454216.      438.   11.14 0.02  112
RS Oph    2454232.      454.   11.02 0.02  108
RS Oph    2454248.      470.   10.96 0.02   54
RS Oph    2454264.      486.   11.01 0.03   62
RS Oph    2454280.      502.   11.22 0.02   44
RS Oph    2454296.      518.   11.15 0.02   84
RS Oph    2454312.      534.   10.95 0.04   63
RS Oph    2454328.      550.   10.75 0.03   88
RS Oph    2454344.      566.   10.87 0.03  107
RS Oph    2454360.      582.   11.08 0.05  126
RS Oph    2454376.      598.   10.98 0.03   52
RS Oph    2454392.      614.   11.20 0.03   40
RS Oph    2454408.      630.   11.26 0.08   16
RS Oph    2454440.      662.   11.20 0.15    1
RS Oph    2454472.      694.   11.20 0.15    1
RS Oph    2454488.      710.   11.30 0.15    1
RS Oph    2454504.      726.   11.02 0.09    6
V849 Oph  2422179.5       1.5  10.30 0.15    1
V849 Oph  2422186.5       8.5   9.70 0.15    1
V849 Oph  2422187.5       9.5   9.50 0.15    1
V849 Oph  2422190.5      12.5   9.50 0.15    1
V849 Oph  2422191.5      13.5   9.30 0.15    1
V849 Oph  2422193.5      15.5   9.30 0.15    1
V849 Oph  2422194.5      16.5   9.05 0.11    2
V849 Oph  2422202.5      24.5   8.90 0.15    1
V849 Oph  2422215.5      37.5   7.60 0.15    1
V849 Oph  2422228.5      50.5   8.90 0.15    1
V849 Oph  2422230.5      52.5   9.10 0.15    1
V849 Oph  2422231.5      53.5   9.60 0.15    1
V849 Oph  2422233.5      55.5   8.50 0.15    1
V849 Oph  2422238.5      60.5   7.70 0.15    1
V849 Oph  2422240.5      62.5   7.70 0.15    1
V849 Oph  2422260.5      82.5   8.95 0.11    2
V849 Oph  2422273.5      95.5   9.10 0.15    1
V849 Oph  2422276.5      98.5   9.00 0.15    1
V849 Oph  2422277.5      99.5   9.10 0.11    2
V849 Oph  2422278.5     100.5   8.90 0.15    1
V849 Oph  2422281.5     103.5   9.10 0.15    1
V849 Oph  2422283.5     105.5   9.40 0.15    1
V849 Oph  2422285.5     107.5   9.10 0.15    1
V849 Oph  2422287.5     109.5   9.40 0.15    1
V849 Oph  2422289.5     111.5   9.30 0.15    1
V849 Oph  2422297.5     119.5   8.70 0.15    1
V849 Oph  2422302.      124.    8.57 0.14    3
V849 Oph  2422306.      128.    8.73 0.09    3
V849 Oph  2422310.      132.    8.60 0.09    3
V849 Oph  2422314.      136.    8.70 0.15    1
V849 Oph  2422338.      160.    9.00 0.15    1
V849 Oph  2422342.      164.   10.00 0.15    1
V849 Oph  2422346.      168.    9.40 0.15    1
V849 Oph  2422350.      172.    9.65 0.11    2
V849 Oph  2422360.      182.   10.20 0.15    1
V849 Oph  2422376.      198.   10.60 0.14    2
V849 Oph  2422392.      214.   10.40 0.15    1
V849 Oph  2422408.      230.   10.50 0.09    3
V849 Oph  2422424.      246.   10.58 0.12    4
V849 Oph  2422440.      262.   10.34 0.07    5
V849 Oph  2422456.      278.   10.50 0.11    2
V849 Oph  2422472.      294.   10.48 0.09    4
V849 Oph  2422488.      310.   10.62 0.06    6
V849 Oph  2422504.      326.   10.75 0.11    2
V849 Oph  2422520.      342.   10.82 0.11   11
V849 Oph  2422536.      358.   10.95 0.14    6
V849 Oph  2422552.      374.   10.91 0.10    7
V849 Oph  2422568.      390.   10.99 0.08    7
V849 Oph  2422584.      406.   11.14 0.07    5
V849 Oph  2422600.      422.   11.13 0.06    7
V849 Oph  2422616.      438.   11.08 0.16    4
V849 Oph  2422632.      454.   11.08 0.07    5
V849 Oph  2422648.      470.   11.25 0.11    2
V849 Oph  2422712.      534.   11.30 0.15    1
V849 Oph  2422728.      550.   11.30 0.15    1
V849 Oph  2422744.      566.   11.20 0.09    3
V849 Oph  2422760.      582.   11.48 0.08    4
V849 Oph  2422776.      598.   11.40 0.11    2
V849 Oph  2422792.      614.   11.47 0.09    3
V849 Oph  2422808.      630.   11.40 0.11    2
V849 Oph  2422824.      646.   11.47 0.09    3
V849 Oph  2422840.      662.   11.40 0.08    4
V849 Oph  2422856.      678.   11.55 0.11    2
V849 Oph  2422872.      694.   11.43 0.09    3
V849 Oph  2422888.      710.   11.35 0.11    2
V849 Oph  2422904.      726.   11.58 0.10    5
V849 Oph  2422920.      742.   11.40 0.15    1
V849 Oph  2422936.      758.   11.70 0.09    3
V849 Oph  2422952.      774.   11.63 0.15    3
V849 Oph  2422968.      790.   11.60 0.15    1
V849 Oph  2422984.      806.   11.60 0.14    3
V849 Oph  2423000.      822.   11.90 0.15    1
V849 Oph  2423024.      846.   11.85 0.18    2
V849 Oph  2423120.      942.   11.80 0.15    1
V849 Oph  2423184.     1006.   12.10 0.11    2
V849 Oph  2423216.     1038.   12.35 0.18    2
V849 Oph  2423248.     1070.   12.40 0.16    4
V849 Oph  2423280.     1102.   12.63 0.18    4
V849 Oph  2423312.     1134.   13.15 0.25    2
V849 Oph  2423344.     1166.   12.20 0.15    1
V849 Oph  2423376.     1198.   13.00 0.14    2
V849 Oph  2423440.     1262.   13.00 0.15    1
V849 Oph  2423472.     1294.   12.90 0.15    1
V849 Oph  2423504.     1326.   13.10 0.15    1
V849 Oph  2423536.     1358.   12.80 0.15    1
V849 Oph  2423584.     1406.   13.13 0.15    3
V849 Oph  2423648.     1470.   13.20 0.13    4
V849 Oph  2423712.     1534.   13.10 0.09    3
V849 Oph  2423776.     1598.   13.40 0.11    2
V849 Oph  2423840.     1662.   13.45 0.11    2
V849 Oph  2423904.     1726.   13.65 0.11    2
V849 Oph  2423968.     1790.   13.60 0.11    2
V849 Oph  2424032.     1854.   13.50 0.15    1
V849 Oph  2424096.     1918.   13.50 0.11    2
V849 Oph  2424224.     2046.   13.60 0.11    2
V849 Oph  2424288.     2110.   13.60 0.15    1
V849 Oph  2424544.     2366.   14.10 0.15    1
V2214 Oph 2447247.5       1.   11.00 0.15    1
V2214 Oph 2447262.25     16.25  8.50 0.15    1
V2214 Oph 2447270.25     24.25 10.00 0.15    1
V2214 Oph 2447272.25     26.25 10.00 0.15    1
V2214 Oph 2447273.25     27.25 10.50 0.15    1
V2214 Oph 2447274.25     28.25 10.30 0.15    1
V2214 Oph 2447275.25     29.25 10.00 0.15    1
V2214 Oph 2447276.25     30.25  9.70 0.15    1
V2214 Oph 2447278.75     32.75 10.50 0.11    2
V2214 Oph 2447281.       35.   10.53 0.08    4
V2214 Oph 2447283.       37.   10.23 0.13    6
V2214 Oph 2447287.       41.    9.45 0.08    4
V2214 Oph 2447289.       43.    9.95 0.11    2
V2214 Oph 2447291.       45.    9.90 0.15    1
V2214 Oph 2447293.       47.    9.70 0.15    1
V2214 Oph 2447295.       49.    9.67 0.09    3
V2214 Oph 2447299.       53.    9.70 0.14    2
V2214 Oph 2447302.       56.   10.00 0.06    6
V2214 Oph 2447306.       60.   10.27 0.08    7
V2214 Oph 2447310.       64.   10.75 0.06   11
V2214 Oph 2447314.       68.   10.51 0.06    7
V2214 Oph 2447318.       72.   10.54 0.09   12
V2214 Oph 2447322.       76.   10.48 0.08    4
V2214 Oph 2447326.       80.   10.86 0.08    7
V2214 Oph 2447330.       84.   11.14 0.07    5
V2214 Oph 2447334.       88.   10.93 0.09   10
V2214 Oph 2447338.       92.   11.07 0.09    9
V2214 Oph 2447342.       96.   10.87 0.12    3
V2214 Oph 2447346.      100.   11.15 0.11    6
V2214 Oph 2447350.      104.   11.22 0.07    5
V2214 Oph 2447354.      108.   11.56 0.10   11
V2214 Oph 2447358.      112.   11.62 0.07    5
V2214 Oph 2447362.      116.   11.74 0.12    7
V2214 Oph 2447366.      120.   12.50 0.15    1
V2214 Oph 2447370.      124.   11.87 0.18    3
V2214 Oph 2447374.      128.   12.23 0.07   13
V2214 Oph 2447378.      132.   12.73 0.09    7
V2214 Oph 2447382.      136.   12.86 0.07    5
V2214 Oph 2447386.      140.   12.68 0.08    9
V2214 Oph 2447390.      144.   12.81 0.06    7
V2214 Oph 2447394.      148.   12.80 0.09    3
V2214 Oph 2447398.      152.   12.17 0.22    3
V2214 Oph 2447402.      156.   11.60 0.15    1
V2214 Oph 2447406.      160.   11.64 0.15    5
V2214 Oph 2447410.      164.   11.63 0.07    6
V2214 Oph 2447414.      168.   11.53 0.13    4
V2214 Oph 2447418.      172.   12.18 0.20    5
V2214 Oph 2447422.      176.   12.44 0.07    5
V2214 Oph 2447430.      184.   12.17 0.15    3
V2214 Oph 2447434.      188.   12.46 0.14    5
V2214 Oph 2447438.      192.   12.55 0.18    2
V2214 Oph 2447442.      196.   12.50 0.10    5
V2214 Oph 2447446.      200.   12.62 0.11    5
V2214 Oph 2447450.      204.   12.45 0.11    2
V2214 Oph 2447462.      216.   12.47 0.20    3
V2214 Oph 2447466.      220.   12.52 0.08    5
V2214 Oph 2447470.      224.   12.73 0.09    3
V2214 Oph 2447478.      232.   12.80 0.15    1
V2214 Oph 2447568.      322.   13.25 0.11    2
V2214 Oph 2447576.      330.   13.25 0.11    2
V2214 Oph 2447592.      346.   13.30 0.06    6
V2214 Oph 2447600.      354.   13.22 0.06    6
V2214 Oph 2447624.      378.   13.07 0.09    3
V2214 Oph 2447632.      386.   13.40 0.11    2
V2214 Oph 2447640.      394.   13.40 0.15    1
V2214 Oph 2447648.      402.   13.35 0.11    2
V2214 Oph 2447656.      410.   13.39 0.07    7
V2214 Oph 2447664.      418.   13.70 0.09    3
V2214 Oph 2447680.      434.   13.77 0.09    3
V2214 Oph 2447688.      442.   13.90 0.09    3
V2214 Oph 2447696.      450.   13.75 0.11    2
V2214 Oph 2447704.      458.   13.80 0.11    2
V2214 Oph 2447712.      466.   13.80 0.15    1
V2214 Oph 2447736.      490.   14.95 0.11    2
V2214 Oph 2447760.      514.   14.20 0.11    2
V2214 Oph 2447776.      530.   14.20 0.15    1
V2214 Oph 2448064.      818.   15.20 0.15    1
V2264 Oph 2448358.75      0.75 10.70 0.15    1
V2264 Oph 2448359.75      1.75 10.20 0.15    1
V2264 Oph 2448360.25      2.25 10.40 0.11    2
V2264 Oph 2448361.25      3.25  9.95 0.11    2
V2264 Oph 2448361.75      3.75 10.10 0.11    2
V2264 Oph 2448362.25      4.25 10.20 0.15    1
V2264 Oph 2448363.25      5.25 10.45 0.18    2
V2264 Oph 2448363.75      5.75 10.30 0.15    1
V2264 Oph 2448364.25      6.25 10.30 0.15    1
V2264 Oph 2448364.75      6.75 10.55 0.11    2
V2264 Oph 2448365.5       7.5  10.60 0.21    2
V2264 Oph 2448366.5       8.5  10.90 0.09    3
V2264 Oph 2448367.5       9.5  11.08 0.10    5
V2264 Oph 2448368.5      10.5  10.95 0.11    2
V2264 Oph 2448370.5      12.5  11.07 0.09    3
V2264 Oph 2448371.5      13.5  11.05 0.11    2
V2264 Oph 2448372.5      14.5  11.25 0.11    2
V2264 Oph 2448373.5      15.5  11.43 0.09    3
V2264 Oph 2448374.5      16.5  11.80 0.14    3
V2264 Oph 2448376.5      18.5  11.50 0.15    1
V2264 Oph 2448377.5      19.5  11.85 0.11    2
V2264 Oph 2448378.5      20.5  11.80 0.15    1
V2264 Oph 2448381.       23.   12.20 0.15    1
V2264 Oph 2448383.       25.   11.90 0.22    3
V2264 Oph 2448385.       27.   12.04 0.22    5
V2264 Oph 2448387.       29.   12.03 0.24    4
V2264 Oph 2448389.       31.   12.43 0.13    4
V2264 Oph 2448391.       33.   12.80 0.13    4
V2264 Oph 2448393.       35.   13.15 0.08    4
V2264 Oph 2448395.       37.   13.26 0.14    5
V2264 Oph 2448397.       39.   13.42 0.12    5
V2264 Oph 2448399.       41.   13.20 0.12    3
V2264 Oph 2448402.       44.   13.42 0.09    5
V2264 Oph 2448410.       52.   13.56 0.07    5
V2264 Oph 2448414.       56.   13.80 0.15    1
V2264 Oph 2448418.       60.   13.83 0.09    3
V2264 Oph 2448422.       64.   14.00 0.11    2
V2264 Oph 2448438.       80.   13.80 0.15    1
V2264 Oph 2448442.       84.   14.00 0.15    1
V2264 Oph 2448454.       96.   14.20 0.15    1
V2264 Oph 2448470.      112.   14.00 0.15    1
V2295 Oph 2449092.5       0.5   9.50 0.15    1
V2295 Oph 2449094.5       2.5   9.50 0.15    1
V2295 Oph 2449095.5       3.5   9.30 0.15    4
V2295 Oph 2449096.5       4.5   9.75 0.16    4
V2295 Oph 2449097.5       5.5   9.80 0.14   10
V2295 Oph 2449098.5       6.5   9.75 0.13    6
V2295 Oph 2449099.5       7.5   9.59 0.05    8
V2295 Oph 2449100.5       8.5   9.70 0.10   11
V2295 Oph 2449101.5       9.5   9.67 0.09    6
V2295 Oph 2449102.5      10.5   9.78 0.06    8
V2295 Oph 2449103.5      11.5  10.52 0.12    6
V2295 Oph 2449104.5      12.5  11.24 0.09    7
V2295 Oph 2449105.5      13.5  11.36 0.10    8
V2295 Oph 2449106.5      14.5  11.63 0.21    4
V2295 Oph 2449107.5      15.5  11.54 0.11    8
V2295 Oph 2449108.5      16.5  11.60 0.12    7
V2295 Oph 2449109.5      17.5  11.68 0.07    5
V2295 Oph 2449111.       19.   11.75 0.07    6
V2295 Oph 2449117.       25.   12.60 0.15    1
V2295 Oph 2449119.       27.   12.49 0.11    8
V2295 Oph 2449121.       29.   12.81 0.07    7
V2295 Oph 2449123.       31.   12.82 0.04   10
V2295 Oph 2449125.       33.   12.96 0.10    8
V2295 Oph 2449127.       35.   12.93 0.05   15
V2295 Oph 2449129.       37.   13.01 0.05    8
V2295 Oph 2449131.       39.   12.99 0.06    7
V2295 Oph 2449133.       41.   13.12 0.07    5
V2295 Oph 2449135.       43.   13.00 0.11    2
V2295 Oph 2449137.       45.   13.30 0.07    5
V2295 Oph 2449139.       47.   13.53 0.29    3
V2295 Oph 2449147.       55.   13.60 0.15    1
V2295 Oph 2449149.       57.   13.35 0.11    2
V2295 Oph 2449152.       60.   13.59 0.12    9
V2295 Oph 2449156.       64.   13.77 0.07    6
V2295 Oph 2449160.       68.   13.70 0.09    3
V2295 Oph 2449164.       72.   13.91 0.04   10
V2295 Oph 2449168.       76.   13.70 0.15    1
V2295 Oph 2449176.       84.   14.05 0.08    4
V2295 Oph 2449180.       88.   14.25 0.11    2
V2295 Oph 2449184.       92.   14.65 0.18    2
V2295 Oph 2449188.       96.   14.70 0.11    2
V2295 Oph 2449192.      100.   14.88 0.08    4
V2295 Oph 2449196.      104.   15.00 0.11    2
V2295 Oph 2449208.      116.   15.00 0.15    1
V2295 Oph 2449212.      120.   14.90 0.24    3
V2295 Oph 2449216.      124.   15.30 0.15    1
V2295 Oph 2449220.      128.   15.30 0.15    1
V2295 Oph 2449224.      132.   15.30 0.15    1
V2295 Oph 2449236.      144.   15.40 0.15    1
V2295 Oph 2449240.      148.   15.45 0.11    2
V2295 Oph 2449244.      152.   15.60 0.11    2
V2313 Oph 2449506.25      0.25  7.50 0.15    1
V2313 Oph 2449507.25      1.25  8.50 0.08    4
V2313 Oph 2449507.75      1.75  8.26 0.11    8
V2313 Oph 2449508.25      2.25  8.33 0.09    3
V2313 Oph 2449508.75      2.75  8.43 0.13    4
V2313 Oph 2449509.25      3.25  8.57 0.08    6
V2313 Oph 2449509.75      3.75  8.68 0.06    6
V2313 Oph 2449510.25      4.25  8.40 0.15    1
V2313 Oph 2449510.75      4.75  8.74 0.07    5
V2313 Oph 2449511.25      5.25  8.84 0.07    7
V2313 Oph 2449511.75      5.75  8.90 0.08    7
V2313 Oph 2449512.25      6.25  8.90 0.11    2
V2313 Oph 2449512.75      6.75  9.11 0.06    7
V2313 Oph 2449513.25      7.25  9.50 0.11    2
V2313 Oph 2449513.75      7.75  9.29 0.06    7
V2313 Oph 2449514.25      8.25  9.80 0.11    4
V2313 Oph 2449514.75      8.75  9.40 0.06    7
V2313 Oph 2449515.5       9.5   9.65 0.09   15
V2313 Oph 2449516.5      10.5   9.53 0.21    4
V2313 Oph 2449517.5      11.5   9.76 0.12    8
V2313 Oph 2449518.5      12.5   9.93 0.08   11
V2313 Oph 2449519.5      13.5   9.96 0.11    8
V2313 Oph 2449520.5      14.5  10.15 0.11    2
V2313 Oph 2449521.5      15.5  10.14 0.11    8
V2313 Oph 2449522.5      16.5  10.30 0.12    5
V2313 Oph 2449523.5      17.5  10.03 0.08    4
V2313 Oph 2449524.5      18.5  10.75 0.18    2
V2313 Oph 2449526.       20.   10.75 0.11    2
V2313 Oph 2449528.       22.   10.67 0.09    3
V2313 Oph 2449530.       24.   10.90 0.11    2
V2313 Oph 2449532.       26.   11.05 0.11    2
V2313 Oph 2449534.       28.   11.22 0.09    6
V2313 Oph 2449536.       30.   11.17 0.14    7
V2313 Oph 2449538.       32.   11.21 0.10    7
V2313 Oph 2449540.       34.   11.53 0.11    4
V2313 Oph 2449542.       36.   11.27 0.10    3
V2313 Oph 2449544.       38.   11.23 0.06    6
V2313 Oph 2449546.       40.   11.44 0.09    7
V2313 Oph 2449548.       42.   11.70 0.11    2
V2313 Oph 2449550.       44.   11.56 0.09    7
V2313 Oph 2449557.       51.   11.58 0.13    4
V2313 Oph 2449561.       55.   11.88 0.13    6
V2313 Oph 2449565.       59.   12.00 0.11    8
V2313 Oph 2449569.       63.   12.07 0.10   12
V2313 Oph 2449573.       67.   12.24 0.09   11
V2313 Oph 2449577.       71.   12.15 0.08    8
V2313 Oph 2449581.       75.   12.00 0.09    3
V2313 Oph 2449585.       79.   11.90 0.15    1
V2313 Oph 2449589.       83.   12.25 0.08    4
V2313 Oph 2449593.       87.   12.32 0.06   11
V2313 Oph 2449597.       91.   12.20 0.09    7
V2313 Oph 2449601.       95.   12.32 0.06    6
V2313 Oph 2449605.       99.   12.40 0.06    7
V2313 Oph 2449621.      115.   12.85 0.11    2
V2313 Oph 2449625.      119.   12.40 0.11    2
V2313 Oph 2449629.      123.   12.50 0.15    1
V2313 Oph 2449633.      127.   12.50 0.15    1
V2313 Oph 2449637.      131.   12.60 0.15    1
V2313 Oph 2449649.      143.   12.60 0.15    1
V2313 Oph 2449787.      281.   13.40 0.15    1
V2313 Oph 2449835.      329.   13.70 0.15    1
V2313 Oph 2449851.      345.   13.80 0.15    1
V2313 Oph 2449867.      361.   13.70 0.15    1
V2313 Oph 2449899.      393.   13.90 0.15    1
V2313 Oph 2449915.      409.   13.00 0.15    1
V2313 Oph 2449931.      425.   13.95 0.11    2
V2487 Oph 2450982.750     0.75 10.50 0.15    1
V2487 Oph 2450983.250     1.25 10.60 0.06    6
V2487 Oph 2450983.750     1.75 10.70 0.15    1
V2487 Oph 2450984.250     2.25 10.98 0.13    5
V2487 Oph 2450984.750     2.75 10.80 0.06    6
V2487 Oph 2450985.250     3.25 10.93 0.14    4
V2487 Oph 2450985.750     3.75 11.14 0.07    5
V2487 Oph 2450986.250     4.25 11.78 0.17    6
V2487 Oph 2450986.750     4.75 12.00 0.15    1
V2487 Oph 2450987.250     5.25 12.15 0.16    4
V2487 Oph 2450987.750     5.75 12.80 0.11    2
V2487 Oph 2450988.250     6.25 12.97 0.09    3
V2487 Oph 2450988.750     6.75 12.25 0.11    2
V2487 Oph 2450989.750     7.75 12.87 0.03   11
V2487 Oph 2450990.500     8.5  13.07 0.04   14
V2487 Oph 2450991.500     9.5  13.35 0.02   15
V2487 Oph 2450992.500    10.5  13.58 0.02   17
V2487 Oph 2450993.500    11.5  13.66 0.06    7
V2487 Oph 2450994.500    12.5  13.74 0.05    8
V2487 Oph 2450995.500    13.5  13.80 0.15    1
V2487 Oph 2450996.500    14.5  13.80 0.15    1
V2487 Oph 2450998.500    16.5  13.60 0.15    1
V2487 Oph 2450999.500    17.5  13.60 0.15    1
V2487 Oph 2451000.500    18.5  14.23 0.07   11
V2487 Oph 2451003.500    21.5  13.80 0.02   10
V2487 Oph 2451005.500    23.5  14.20 0.02   10
V2487 Oph 2451006.500    24.5  14.10 0.11    2
V2487 Oph 2451008.500    26.5  14.33 0.09    3
V2487 Oph 2451009.500    27.5  14.23 0.09    3
V2487 Oph 2451011.000    29.   14.35 0.08    4
V2487 Oph 2451013.000    31.   14.54 0.07    5
V2487 Oph 2451015.000    33.   14.67 0.09    3
V2487 Oph 2451017.000    35.   14.90 0.15    1
V2487 Oph 2451019.000    37.   14.90 0.15    1
V2487 Oph 2451021.000    39.   15.20 0.02   10
V2487 Oph 2451025.000    43.   15.10 0.02   10
V2487 Oph 2451046.000    64.   16.15 0.03   20
V2540 Oph 2452299.25      0.25  9.30 0.15    1
V2540 Oph 2452301.25      2.25  9.18 0.02   12
V2540 Oph 2452301.75      2.75  9.15 0.11    2
V2540 Oph 2452302.25      3.25  8.97 0.09    3
V2540 Oph 2452302.75      3.75  8.90 0.15    1
V2540 Oph 2452303.75      4.75  8.93 0.09    3
V2540 Oph 2452304.75      5.75  8.87 0.09    3
V2540 Oph 2452305.25      6.25  8.40 0.15    1
V2540 Oph 2452306.25      7.25  8.40 0.15    1
V2540 Oph 2452306.75      7.75  8.60 0.15    1
V2540 Oph 2452307.25      8.25  9.00 0.15    1
V2540 Oph 2452307.75      8.75  8.90 0.11    2
V2540 Oph 2452308.25      9.25  8.55 0.11    2
V2540 Oph 2452308.75      9.75  8.90 0.06    6
V2540 Oph 2452309.25     10.25  8.80 0.14    2
V2540 Oph 2452309.75     10.75  9.00 0.09    3
V2540 Oph 2452310.75     11.75  9.30 0.21    2
V2540 Oph 2452311.25     12.25  9.20 0.15    1
V2540 Oph 2452311.75     12.75  9.53 0.09    6
V2540 Oph 2452312.25     13.25  9.60 0.15    1
V2540 Oph 2452312.75     13.75  9.53 0.09    3
V2540 Oph 2452313.25     14.25  9.80 0.15    1
V2540 Oph 2452313.75     14.75  9.60 0.02   22
V2540 Oph 2452314.25     15.25  9.60 0.15    1
V2540 Oph 2452314.75     15.75  9.60 0.09    3
V2540 Oph 2452315.25     16.25  9.50 0.15    1
V2540 Oph 2452315.75     16.75  9.70 0.11    2
V2540 Oph 2452316.25     17.25  9.40 0.15    1
V2540 Oph 2452316.75     17.75  8.85 0.11    2
V2540 Oph 2452317.25     18.25  8.45 0.18    2
V2540 Oph 2452317.75     18.75  8.70 0.15    1
V2540 Oph 2452318.25     19.25  8.40 0.15    1
V2540 Oph 2452318.75     19.75  8.29 0.02   11
V2540 Oph 2452319.25     20.25  8.57 0.10    3
V2540 Oph 2452319.75     20.75  8.86 0.02   17
V2540 Oph 2452320.25     21.25  8.95 0.11    2
V2540 Oph 2452320.75     21.75  9.49 0.10    8
V2540 Oph 2452321.25     22.25  9.60 0.11    2
V2540 Oph 2452321.75     22.75  9.71 0.07    7
V2540 Oph 2452322.25     23.25  9.85 0.11    2
V2540 Oph 2452322.75     23.75  9.97 0.09    3
V2540 Oph 2452323.25     24.25  9.97 0.09    3
V2540 Oph 2452323.75     24.75 10.03 0.09    3
V2540 Oph 2452324.25     25.25 10.10 0.15    1
V2540 Oph 2452325.25     26.25  9.90 0.11    2
V2540 Oph 2452325.75     26.75  9.71 0.03   11
V2540 Oph 2452326.25     27.25  9.80 0.09    3
V2540 Oph 2452326.75     27.75  9.60 0.15    1
V2540 Oph 2452327.25     28.25  9.45 0.11    2
V2540 Oph 2452327.75     28.75  9.25 0.11    2
V2540 Oph 2452328.25     29.25  9.20 0.15    1
V2540 Oph 2452328.75     29.75  9.55 0.02   12
V2540 Oph 2452329.25     30.25  9.80 0.15    1
V2540 Oph 2452329.75     30.75 10.05 0.08    4
V2540 Oph 2452330.25     31.25 10.10 0.15    1
V2540 Oph 2452330.75     31.75 10.20 0.15    1
V2540 Oph 2452331.25     32.25 10.20 0.15    1
V2540 Oph 2452331.75     32.75 10.30 0.15    1
V2540 Oph 2452332.25     33.25 10.15 0.11    2
V2540 Oph 2452332.75     33.75 10.30 0.11    2
V2540 Oph 2452333.25     34.25 10.30 0.15    1
V2540 Oph 2452333.75     34.75 10.29 0.02   10
V2540 Oph 2452334.25     35.25 10.20 0.11    2
V2540 Oph 2452334.75     35.75 10.20 0.15    1
V2540 Oph 2452335.25     36.25 10.20 0.15    1
V2540 Oph 2452335.75     36.75 10.25 0.11    2
V2540 Oph 2452337.75     38.75 10.20 0.15    1
V2540 Oph 2452338.25     39.25 10.05 0.11    2
V2540 Oph 2452338.75     39.75  9.93 0.09    3
V2540 Oph 2452340.25     41.25  9.50 0.15    1
V2540 Oph 2452341.25     42.25  8.90 0.15    1
V2540 Oph 2452342.25     43.25  9.00 0.15    1
V2540 Oph 2452342.75     43.75  8.70 0.09    3
V2540 Oph 2452343.25     44.25  8.55 0.11    2
V2540 Oph 2452343.75     44.75  8.83 0.10    3
V2540 Oph 2452344.25     45.25  8.95 0.11    2
V2540 Oph 2452344.75     45.75  9.00 0.08    4
V2540 Oph 2452345.25     46.25  8.90 0.14    2
V2540 Oph 2452345.75     46.75  9.25 0.18    2
V2540 Oph 2452346.75     47.75  9.48 0.10    6
V2540 Oph 2452347.75     48.75  9.55 0.02   13
V2540 Oph 2452348.75     49.75  9.80 0.11    2
V2540 Oph 2452349.25     50.25  9.60 0.15    1
V2540 Oph 2452349.75     50.75  9.93 0.09    3
V2540 Oph 2452350.25     51.25  9.80 0.15    1
V2540 Oph 2452350.75     51.75  9.93 0.09    3
V2540 Oph 2452351.25     52.25  9.60 0.15    1
V2540 Oph 2452351.75     52.75 10.00 0.15    1
V2540 Oph 2452352.25     53.25  9.90 0.15    1
V2540 Oph 2452352.75     53.75  9.75 0.11    2
V2540 Oph 2452354.25     55.25 10.15 0.11    2
V2540 Oph 2452354.75     55.75  9.90 0.15    1
V2540 Oph 2452355.25     56.25  9.90 0.15    1
V2540 Oph 2452355.75     56.75  9.88 0.02   11
V2540 Oph 2452356.25     57.25  9.70 0.11    2
V2540 Oph 2452356.75     57.75 10.00 0.09    3
V2540 Oph 2452357.25     58.25  9.87 0.09    3
V2540 Oph 2452358.25     59.25  9.95 0.11    2
V2540 Oph 2452359.25     60.25  9.90 0.11    2
V2540 Oph 2452359.75     60.75 10.02 0.02   11
V2540 Oph 2452360.25     61.25 10.00 0.11    2
V2540 Oph 2452361.25     62.25 10.00 0.15    1
V2540 Oph 2452361.75     62.75 10.05 0.11    2
V2540 Oph 2452362.25     63.25 10.00 0.15    1
V2540 Oph 2452363.75     64.75  9.58 0.11    4
V2540 Oph 2452365.25     66.25  8.70 0.15    1
V2540 Oph 2452365.75     66.75  8.67 0.03   12
V2540 Oph 2452366.25     67.25  8.70 0.15    1
V2540 Oph 2452366.75     67.75  9.40 0.15    1
V2540 Oph 2452367.75     68.75  9.63 0.02   12
V2540 Oph 2452368.25     69.25  9.50 0.15    1
V2540 Oph 2452368.75     69.75  8.98 0.08    4
V2540 Oph 2452369.25     70.25  8.80 0.15    1
V2540 Oph 2452369.75     70.75  8.78 0.07    5
V2540 Oph 2452370.75     71.75  8.73 0.08    4
V2540 Oph 2452371.25     72.25  8.50 0.15    1
V2540 Oph 2452371.75     72.75  8.56 0.06    7
V2540 Oph 2452372.25     73.25  8.20 0.11    2
V2540 Oph 2452372.75     73.75  8.70 0.15    1
V2540 Oph 2452373.25     74.25  8.10 0.11    2
V2540 Oph 2452373.75     74.75  8.70 0.15    1
V2540 Oph 2452374.25     75.25  8.60 0.15    1
V2540 Oph 2452374.75     75.75  8.50 0.09    3
V2540 Oph 2452375.25     76.25  8.70 0.15    1
V2540 Oph 2452375.75     76.75  8.70 0.15    1
V2540 Oph 2452376.75     77.75  8.73 0.10    3
V2540 Oph 2452378.25     79.25  8.60 0.11    2
V2540 Oph 2452379.25     80.25  8.90 0.15    1
V2540 Oph 2452379.75     80.75  8.93 0.09    3
V2540 Oph 2452380.25     81.25  9.30 0.15    1
V2540 Oph 2452380.75     81.75  9.43 0.09    3
V2540 Oph 2452381.25     82.25  9.50 0.15    1
V2540 Oph 2452381.75     82.75  9.57 0.14    3
V2540 Oph 2452382.25     83.25  9.80 0.15    1
V2540 Oph 2452382.75     83.75  9.87 0.11    3
V2540 Oph 2452383.25     84.25  9.75 0.11    2
V2540 Oph 2452385.25     86.25 10.10 0.15    1
V2540 Oph 2452385.75     86.75 10.28 0.08    4
V2540 Oph 2452387.75     88.75 10.07 0.09    3
V2540 Oph 2452388.75     89.75 10.30 0.11    2
V2540 Oph 2452389.75     90.75 10.22 0.02   11
V2540 Oph 2452390.75     91.75 10.30 0.15    1
V2540 Oph 2452392.75     93.75 10.10 0.02   10
V2540 Oph 2452394.75     95.75 10.30 0.15    1
V2540 Oph 2452396.75     97.75 10.45 0.11    2
V2540 Oph 2452397.75     98.75  9.97 0.09    3
V2540 Oph 2452398.75     99.75  9.85 0.11    2
V2540 Oph 2452399.25    100.25 10.20 0.11    2
V2540 Oph 2452399.75    100.75 10.35 0.11    2
V2540 Oph 2452401.25    102.25  9.40 0.15    1
V2540 Oph 2452401.75    102.75  9.95 0.11    2
V2540 Oph 2452402.75    103.75 10.20 0.09    3
V2540 Oph 2452403.75    104.75 10.13 0.10    3
V2540 Oph 2452404.75    105.75 10.20 0.08    4
V2540 Oph 2452405.25    106.25 10.30 0.15    1
V2540 Oph 2452406.75    107.75 10.20 0.11    2
V2540 Oph 2452407.75    108.75 10.05 0.11    2
V2540 Oph 2452408.75    109.75 10.07 0.09    3
V2540 Oph 2452409.25    110.25 10.00 0.15    1
V2540 Oph 2452409.75    110.75  9.35 0.11    2
V2540 Oph 2452410.75    111.75  9.20 0.15    1
V2540 Oph 2452411.25    112.25  9.60 0.15    1
V2540 Oph 2452411.75    112.75  9.20 0.11    4
V2540 Oph 2452412.25    113.25  9.30 0.15    1
V2540 Oph 2452412.75    113.75  8.95 0.11    2
V2540 Oph 2452413.75    114.75  9.23 0.09    3
V2540 Oph 2452414.75    115.75  9.85 0.11    2
V2540 Oph 2452415.75    116.75 10.30 0.09    3
V2540 Oph 2452416.25    117.25 10.23 0.09    3
V2540 Oph 2452416.75    117.75 10.23 0.08    4
V2540 Oph 2452417.25    118.25  9.90 0.14    2
V2540 Oph 2452417.75    118.75 10.25 0.11    4
V2540 Oph 2452418.25    119.25 10.25 0.11    2
V2540 Oph 2452418.75    119.75 10.20 0.15    1
V2540 Oph 2452419.75    120.75 10.40 0.15    1
V2540 Oph 2452423.25    124.25 10.40 0.15    1
V2540 Oph 2452424.25    125.25 10.30 0.15    1
V2540 Oph 2452424.75    125.75 10.30 0.15    1
V2540 Oph 2452425.25    126.25 10.30 0.15    1
V2540 Oph 2452425.75    126.75 10.30 0.11    2
V2540 Oph 2452426.25    127.25 10.28 0.08    4
V2540 Oph 2452426.75    127.75 10.35 0.11    2
V2540 Oph 2452427.25    128.25 10.20 0.07    5
V2540 Oph 2452427.75    128.75 10.18 0.08    4
V2540 Oph 2452428.25    129.25 10.30 0.08    4
V2540 Oph 2452428.75    129.75 10.35 0.11    2
V2540 Oph 2452429.25    130.25 10.20 0.15    1
V2540 Oph 2452429.75    130.75 10.27 0.02   13
V2540 Oph 2452430.5     131.5  10.25 0.06    6
V2540 Oph 2452431.5     132.5  10.27 0.12    3
V2540 Oph 2452432.5     133.5  10.18 0.02   12
V2540 Oph 2452433.5     134.5  10.15 0.06    6
V2540 Oph 2452434.5     135.5   9.93 0.08    4
V2540 Oph 2452435.5     136.5  10.00 0.15    1
V2540 Oph 2452436.5     137.5  10.38 0.08    4
V2540 Oph 2452437.5     138.5  10.25 0.11    2
V2540 Oph 2452438.5     139.5  10.25 0.18    2
V2540 Oph 2452439.5     140.5   9.97 0.02   11
V2540 Oph 2452440.5     141.5  10.16 0.07    5
V2540 Oph 2452441.5     142.5  10.30 0.15    1
V2540 Oph 2452442.5     143.5  10.30 0.12    3
V2540 Oph 2452443.5     144.5  10.38 0.07    5
V2540 Oph 2452444.5     145.5  10.30 0.06    7
V2540 Oph 2452445.5     146.5  10.35 0.11    2
V2540 Oph 2452446.5     147.5  10.57 0.14    3
V2540 Oph 2452447.5     148.5  10.30 0.15    1
V2540 Oph 2452452.      153.   10.42 0.07    5
V2540 Oph 2452456.      157.   10.62 0.05   13
V2540 Oph 2452460.      161.   10.95 0.10    6
V2540 Oph 2452464.      165.   10.99 0.06    8
V2540 Oph 2452468.      169.   11.08 0.04   18
V2540 Oph 2452472.      173.   11.00 0.06    6
V2540 Oph 2452476.      177.   11.05 0.08    4
V2540 Oph 2452480.      181.   11.32 0.07    5
V2540 Oph 2452484.      185.   11.14 0.05   11
V2540 Oph 2452488.      189.   10.99 0.02  164
V2540 Oph 2452492.      193.   11.26 0.02   17
V2540 Oph 2452496.      197.   11.29 0.05   10
V2540 Oph 2452500.      201.   11.38 0.03   17
V2540 Oph 2452504.      205.   11.37 0.04   15
V2540 Oph 2452508.      209.   11.55 0.11    2
V2540 Oph 2452512.      213.   11.50 0.08    4
V2540 Oph 2452516.      217.   11.55 0.06    6
V2540 Oph 2452520.      221.   11.56 0.02   17
V2540 Oph 2452524.      225.   11.59 0.07   17
V2540 Oph 2452528.      229.   11.66 0.04   17
V2540 Oph 2452532.      233.   11.93 0.08    4
V2540 Oph 2452536.      237.   11.63 0.04   12
V2540 Oph 2452540.      241.   11.54 0.06   17
V2540 Oph 2452544.      245.   11.74 0.08    5
V2540 Oph 2452548.      249.   11.79 0.06   16
V2540 Oph 2452554.      255.   11.93 0.14    3
V2540 Oph 2452570.      271.   12.20 0.15    1
V2540 Oph 2452578.      279.   12.80 0.15    1
V2540 Oph 2452586.      287.   12.23 0.02   10
V2540 Oph 2452674.      375.   12.10 0.15    1
V2540 Oph 2452682.      383.   12.00 0.11    2
V2540 Oph 2452690.      391.   12.00 0.09    3
V2540 Oph 2452698.      399.   12.30 0.05   14
V2540 Oph 2452706.      407.   12.36 0.02   30
V2540 Oph 2452714.      415.   12.33 0.02   25
V2540 Oph 2452722.      423.   12.35 0.02   22
V2540 Oph 2452730.      431.   12.41 0.02   12
V2540 Oph 2452738.      439.   12.49 0.02   31
V2540 Oph 2452746.      447.   12.44 0.02   21
V2540 Oph 2452754.      455.   12.44 0.02   21
V2540 Oph 2452762.      463.   12.53 0.02   21
V2540 Oph 2452770.      471.   12.47 0.04   11
V2540 Oph 2452778.      479.   12.32 0.02   11
V2540 Oph 2452786.      487.   12.48 0.04   13
V2540 Oph 2452802.      503.   12.17 0.09    3
V2540 Oph 2452810.      511.   12.24 0.07    5
V2540 Oph 2452818.      519.   12.35 0.08    4
V2540 Oph 2452826.      527.   12.37 0.09    3
V2540 Oph 2452834.      535.   12.30 0.11    2
V2540 Oph 2452842.      543.   12.70 0.02   21
V2540 Oph 2452850.      551.   12.67 0.02   11
V2540 Oph 2452858.      559.   12.54 0.02   12
V2540 Oph 2452866.      567.   12.61 0.03   14
V2540 Oph 2452874.      575.   12.50 0.05    9
V2540 Oph 2452882.      583.   12.68 0.08    4
V2540 Oph 2452890.      591.   12.65 0.11    2
V2540 Oph 2452898.      599.   12.59 0.09    7
V2540 Oph 2452906.      607.   12.71 0.05    9
V2540 Oph 2452914.      615.   12.70 0.15    1
V2540 Oph 2452922.      623.   12.65 0.11    2
V2540 Oph 2452930.      631.   12.70 0.21    2
V2540 Oph 2452946.      647.   12.70 0.15    1
V2540 Oph 2453058.      759.   12.80 0.15    1
V2540 Oph 2453074.      775.   13.27 0.02   10
V2540 Oph 2453082.      783.   13.34 0.02   10
V2540 Oph 2453090.      791.   12.90 0.15    1
V2540 Oph 2453114.      815.   13.48 0.05   11
V2540 Oph 2453122.      823.   12.90 0.11    2
V2540 Oph 2453130.      831.   13.41 0.02   10
V2540 Oph 2453146.      847.   13.37 0.02   12
V2540 Oph 2453154.      855.   13.23 0.17    3
V2540 Oph 2453162.      863.   13.50 0.11    2
V2540 Oph 2453170.      871.   13.40 0.15    1
V2540 Oph 2453178.      879.   13.40 0.15    1
V2540 Oph 2453186.      887.   13.50 0.15    1
V2540 Oph 2453194.      895.   13.60 0.09    3
V2540 Oph 2453202.      903.   13.70 0.15    1
V2540 Oph 2453210.      911.   13.70 0.11    2
V2540 Oph 2453258.      959.   13.80 0.15    1
GK Per    2415437.70      0.7   2.70         1
GK Per    2415438.50      1.5   0.86        24
GK Per    2415439.50      2.5   0.19        35
GK Per    2415440.50      3.5   0.57        58
GK Per    2415441.50      4.5   1.02        74
GK Per    2415442.50      5.5   1.43        85
GK Per    2415443.50      6.5   1.78        77
GK Per    2415444.50      7.5   1.79        66
GK Per    2415445.50      8.5   2.15        65
GK Per    2415446.50      9.5   2.20        46
GK Per    2415447.50     10.5   2.34        56
GK Per    2415448.50     11.5   2.52        24
GK Per    2415449.50     12.5   2.54        52
GK Per    2415450.50     13.5   2.98        74
GK Per    2415451.50     14.5   3.01        75
GK Per    2415452.50     15.5   3.13        52
GK Per    2415453.50     16.5   3.44        35
GK Per    2415454.50     17.5   3.35        22
GK Per    2415455.50     18.5   3.62        32
GK Per    2415456.50     19.5   3.35        49
GK Per    2415457.50     20.5   3.77        48
GK Per    2415458.50     21.5   3.59        52
GK Per    2415459.50     22.5   3.74        53
GK Per    2415460.50     23.5   3.95        65
GK Per    2415461.50     24.5   3.92        47
GK Per    2415462.50     25.5   3.82        37
GK Per    2415463.30     26.3   4.99        22
GK Per    2415463.60     26.6   4.89        18
GK Per    2415464.30     27.3   3.69        31
GK Per    2415464.60     27.6   3.74         5
GK Per    2415465.30     28.3   3.94        54
GK Per    2415465.60     28.6   4.61        20
GK Per    2415466.30     29.3   5.28        36
GK Per    2415466.60     29.6   4.46        29
GK Per    2415467.30     30.3   3.98        39
GK Per    2415467.60     30.6   3.80        14
GK Per    2415468.30     31.3   4.20        51
GK Per    2415468.60     31.6   4.27         7
GK Per    2415469.30     32.3   5.21        39
GK Per    2415469.60     32.6   5.22         4
GK Per    2415470.30     33.3   4.24        53
GK Per    2415470.60     33.6   3.88         6
GK Per    2415471.30     34.3   4.03        51
GK Per    2415471.60     34.6   4.19        15
GK Per    2415472.30     35.3   4.85        56
GK Per    2415472.70     35.7   4.74         9
GK Per    2415473.30     36.3   4.80        43
GK Per    2415473.60     36.6   4.65        15
GK Per    2415474.30     37.3   4.23        37
GK Per    2415474.60     37.6   4.20        17
GK Per    2415475.30     38.3   4.44        18
GK Per    2415475.60     38.6   4.27        14
GK Per    2415476.30     39.3   4.34        32
GK Per    2415476.60     39.6   4.15        11
GK Per    2415477.40     40.4   5.19        23
GK Per    2415477.60     40.6   5.28         5
GK Per    2415478.30     41.3   5.39        10
GK Per    2415478.60     41.6   5.35         7
GK Per    2415479.30     42.3   4.33        39
GK Per    2415479.60     42.6   4.01         4
GK Per    2415480.30     43.3   4.50        34
GK Per    2415480.60     43.6   4.49         2
GK Per    2415481.30     44.3   5.53        21
GK Per    2415481.70     44.7   5.23         3
GK Per    2415482.30     45.3   5.61        33
GK Per    2415482.60     45.6   5.50         5
GK Per    2415483.30     46.3   4.51        28
GK Per    2415483.60     46.6   4.17         8
GK Per    2415484.30     47.3   4.49        39
GK Per    2415484.60     47.6   4.69         9
GK Per    2415485.30     48.3   5.50        27
GK Per    2415485.60     48.6   5.47         8
GK Per    2415486.30     49.3   5.59        38
GK Per    2415486.60     49.6   5.44         7
GK Per    2415487.30     50.3   5.14        26
GK Per    2415487.60     50.6   4.48         8
GK Per    2415488.30     51.3   4.45        21
GK Per    2415488.60     51.6   4.55        11
GK Per    2415489.30     52.3   5.47        22
GK Per    2415489.70     52.7   5.55         6
GK Per    2415490.30     53.3   5.74        30
GK Per    2415490.60     53.6   5.58         4
GK Per    2415491.40     54.4   5.66        35
GK Per    2415491.60     54.6   5.58         7
GK Per    2415492.30     55.3   5.10        35
GK Per    2415492.60     55.6   4.76         6
GK Per    2415493.40     56.4   4.41        72
GK Per    2415493.60     56.6   4.52         5
GK Per    2415494.40     57.4   5.43        60
GK Per    2415494.60     57.6   5.48        10
GK Per    2415495.40     58.4   5.69        66
GK Per    2415495.60     58.6   5.62         8
GK Per    2415496.40     59.4   5.81        45
GK Per    2415496.60     59.6   5.58         4
GK Per    2415497.40     60.4   5.64        49
GK Per    2415497.60     60.6   4.76         4
GK Per    2415498.30     61.3   4.38        61
GK Per    2415498.60     61.6   4.26         6
GK Per    2415499.40     62.4   5.42        38
GK Per    2415499.60     62.6   5.62         4
GK Per    2415500.40     63.4   5.85        34
GK Per    2415500.60     63.6   5.53         7
GK Per    2415501.40     64.4   5.80        20
GK Per    2415501.60     64.6   5.69        18
GK Per    2415502.40     65.4   4.51        24
GK Per    2415502.60     65.6   4.28        21
GK Per    2415503.30     66.3   5.33        17
GK Per    2415503.60     66.6   5.45        11
GK Per    2415504.40     67.4   5.87        14
GK Per    2415504.60     67.6   5.56         4
GK Per    2415505.40     68.4   5.73        11
GK Per    2415506.40     69.4   5.70        12
GK Per    2415506.60     69.6   5.30         9
GK Per    2415507.40     70.4   4.47        13
GK Per    2415507.60     70.6   4.63         3
GK Per    2415508.40     71.4   5.65        26
GK Per    2415508.60     71.6   5.58        12
GK Per    2415509.40     72.4   5.88        24
GK Per    2415509.60     72.6   5.88         9
GK Per    2415510.40     73.4   5.81        16
GK Per    2415510.60     73.6   5.98         2
GK Per    2415511.40     74.4   5.76        12
GK Per    2415511.60     74.6   5.71         8
GK Per    2415512.40     75.4   4.98        10
GK Per    2415512.60     75.6   4.46         9
GK Per    2415513.40     76.4   4.87         9
GK Per    2415513.60     76.6   5.14         8
GK Per    2415514.40     77.4   5.84        11
GK Per    2415514.60     77.6   6.05         3
GK Per    2415515.30     78.3   5.76         8
GK Per    2415515.70     78.7   6.00         1
GK Per    2415516.40     79.4   5.95         8
GK Per    2415516.70     79.7   5.79         2
GK Per    2415517.40     80.4   5.32        16
GK Per    2415517.70     80.7   5.46         4
GK Per    2415518.40     81.4   4.98        23
GK Per    2415518.60     81.6   4.99         5
GK Per    2415519.40     82.4   5.66        19
GK Per    2415519.60     82.6   5.85         3
GK Per    2415520.40     83.4   6.02        10
GK Per    2415520.70     83.7   6.00         1
GK Per    2415521.40     84.4   5.79         8
GK Per    2415521.70     84.7   5.63         2
GK Per    2415522.40     85.4   5.41         5
GK Per    2415522.60     85.6   5.08         2
GK Per    2415523.40     86.4   5.17        12
GK Per    2415523.60     86.6   5.60         2
GK Per    2415524.40     87.4   5.89         5
GK Per    2415524.70     87.7   6.10         1
GK Per    2415525.40     88.4   6.01        17
GK Per    2415525.40     88.4   6.27         1
GK Per    2415526.30     89.3   6.12        21
GK Per    2415526.50     89.5   6.20         1
GK Per    2415527.40     90.4   4.96        23
GK Per    2415527.60     90.6   4.93         3
GK Per    2415528.40     91.4   5.90        14
GK Per    2415528.70     91.7   5.97         2
GK Per    2415529.40     92.4   6.15        13
GK Per    2415529.60     92.6   6.32         2
GK Per    2415530.40     93.4   5.86         2
GK Per    2415530.80     93.8   6.24         1
GK Per    2415531.40     94.4   5.38         3
GK Per    2415531.60     94.6   6.20         1
GK Per    2415532.40     95.4   6.07         3
GK Per    2415533.80     96.8   6.12         2
GK Per    2415534.80     97.8   6.37         1
GK Per    2415535.30     98.3   5.12         2
GK Per    2415535.70     98.7   5.85         2
GK Per    2415536.40     99.4   6.10         1
GK Per    2415537.00    100.    6.35         1
GK Per    2415537.40    100.4   6.22         3
GK Per    2415538.00    101.    6.25         1
GK Per    2415539.00    102.    6.12         1
GK Per    2415539.40    102.4   5.25         2
GK Per    2415540.00    103.    4.95         1
GK Per    2415540.40    103.4   6.12         1
GK Per    2415540.90    103.9   5.83         3
GK Per    2415541.40    104.4   6.09         1
GK Per    2415541.70    104.7   6.10         3
GK Per    2415542.40    105.4   6.37         2
GK Per    2415542.70    105.7   6.13         4
GK Per    2415543.40    106.4   6.23         3
GK Per    2415543.70    106.7   6.22         4
GK Per    2415544.40    107.4   4.88         2
GK Per    2415544.70    107.7   5.16         4
GK Per    2415545.40    108.4   6.30         3
GK Per    2415545.80    108.8   6.40         3
GK Per    2415546.40    109.4   6.20         2
GK Per    2415546.70    109.7   6.00         7
GK Per    2415547.40    110.4   5.16         2
GK Per    2415547.70    110.7   5.82         4
GK Per    2415548.40    111.4   5.73         1
GK Per    2415548.80    111.8   5.78         4
GK Per    2415549.40    112.4   5.78         1
GK Per    2415549.80    112.8   5.89         4
GK Per    2415550.40    113.4   5.58         1
GK Per    2415550.80    113.8   5.50         2
GK Per    2415552.80    115.8   5.82         1
GK Per    2415553.40    116.4   5.80         1
GK Per    2415553.70    116.7   6.11         4
GK Per    2415554.40    117.4   6.04         2
GK Per    2415554.80    117.8   5.90         2
GK Per    2415555.40    118.4   5.98         2
GK Per    2415555.60    118.6   5.90         1
GK Per    2415556.40    119.4   5.68         1
GK Per    2415556.70    119.7   6.23         4
GK Per    2415557.40    120.4   5.85         3
GK Per    2415557.70    120.7   6.12         5
GK Per    2415558.40    121.4   5.13         3
GK Per    2415558.70    121.7   4.62         7
GK Per    2415559.30    122.3   5.62         3
GK Per    2415559.50    122.5   5.90         3
GK Per    2415560.30    123.3   5.48         2
GK Per    2415560.70    123.7   5.48         4
GK Per    2415561.50    124.5   5.79         4
GK Per    2415562.70    125.7   6.05         4
GK Per    2415563.70    126.7   5.89         8
GK Per    2415564.60    127.6   6.02         7
GK Per    2415565.50    128.5   6.07         7
GK Per    2415568.60    131.6   6.11        19
GK Per    2415574.10    137.1   6.05        42
GK Per    2415578.10    141.1   6.04        68
GK Per    2415583.80    146.8   6.02        61
GK Per    2415588.20    151.2   6.06        39
GK Per    2415593.30    156.3   6.26        25
GK Per    2415598.40    161.4   6.14        30
GK Per    2415604.20    167.2   6.14        47
GK Per    2415607.80    170.8   6.07        30
GK Per    2415613.00    176.    6.09        39
GK Per    2415618.10    181.1   6.09        44
GK Per    2415623.50    186.5   6.29        32
GK Per    2415628.10    191.1   6.39        28
GK Per    2415633.10    196.1   6.41        35
GK Per    2415638.20    201.2   6.42        21
GK Per    2415643.40    206.4   6.42        33
GK Per    2415648.20    211.2   6.51        59
GK Per    2415653.00    216.    6.50        37
GK Per    2415658.40    221.4   6.66        33
GK Per    2415663.20    226.2   6.57        34
GK Per    2415668.50    231.5   6.73        51
GK Per    2415674.40    237.4   6.72        31
GK Per    2415678.20    241.2   6.76        32
GK Per    2415683.20    246.2   6.87        11
GK Per    2415688.90    251.9   6.84        36
GK Per    2415692.80    255.8   6.77        35
GK Per    2415698.70    261.7   6.88        10
GK Per    2415703.90    266.9   6.77        17
GK Per    2415707.70    270.7   6.86        20
GK Per    2415713.00    276.    6.96        17
GK Per    2415719.10    282.1   6.96        14
GK Per    2415723.60    286.6   7.01        24
GK Per    2415729.10    292.1   6.93        11
GK Per    2415733.60    296.6   6.98        11
GK Per    2415738.80    301.8   7.16         5
GK Per    2415743.90    306.9   7.14         2
GK Per    2415749.20    312.2   7.18        12
GK Per    2415753.60    316.6   7.09        16
GK Per    2415759.20    322.2   7.07         7
GK Per    2415763.70    326.7   7.21        26
GK Per    2415768.20    331.2   7.35         9
GK Per    2415774.60    337.6   7.59        17
GK Per    2415778.80    341.8   7.68        22
GK Per    2415784.20    347.2   7.87         9
GK Per    2415788.00    351.    7.86        15
GK Per    2415792.90    355.9   7.79        13
GK Per    2415797.80    360.8   7.86        10
GK Per    2415804.10    367.1   7.91         8
GK Per    2415809.50    372.5   7.97         7
GK Per    2415813.40    376.4   7.86        14
GK Per    2415818.40    381.4   7.97         7
GK Per    2415823.50    386.5   8.09         8
GK Per    2415827.50    390.5   8.55         3
GK Per    2415834.20    397.2   8.44        11
GK Per    2415840.10    403.1   8.33         3
GK Per    2415843.80    406.8   8.33         6
GK Per    2415848.10    411.1   8.51         5
GK Per    2415854.20    417.2   8.59         9
GK Per    2415858.70    421.7   8.45         3
GK Per    2415864.60    427.6   8.64         1
GK Per    2415868.20    431.2   8.50         3
GK Per    2415873.40    436.4   8.59         6
GK Per    2415878.60    441.6   8.71         1
GK Per    2415883.60    446.6   8.62         2
GK Per    2415909.80    472.8   9.24         1
GK Per    2415962.60    525.6   9.64         1
GK Per    2415970.60    533.6   9.52         1
GK Per    2415974.70    537.7   9.56         1
GK Per    2415987.60    550.6   9.64         1
GK Per    2415988.60    551.6   9.64         1
GK Per    2415995.60    558.6   9.68         1
GK Per    2416001.70    564.7   9.63         1
GK Per    2416003.60    566.6   9.74         1
GK Per    2416005.70    568.7   9.74         1
GK Per    2416008.70    571.7   9.40         2
GK Per    2416025.60    588.6   9.83         1
GK Per    2416027.50    590.5   9.76         1
RR Pic    2424299.5       0.5   2.43 0.09    3
RR Pic    2424300.5       1.5   2.40 0.11    2
RR Pic    2424304.5       5.5   2.35 0.08    4
RR Pic    2424305.5       6.5   2.10 0.07    6
RR Pic    2424306.5       7.5   2.40 0.11    2
RR Pic    2424307.5       8.5   1.55 0.10    4
RR Pic    2424308.5       9.5   0.95 0.11    2
RR Pic    2424309.5      10.5   1.10 0.15    1
RR Pic    2424310.5      11.5   1.30 0.09    3
RR Pic    2424312.5      13.5   1.80 0.09    3
RR Pic    2424313.5      14.5   1.70 0.15    1
RR Pic    2424314.5      15.5   1.90 0.11    2
RR Pic    2424315.5      16.5   2.15 0.11    2
RR Pic    2424316.5      17.5   2.15 0.11    2
RR Pic    2424317.5      18.5   2.20 0.15    1
RR Pic    2424318.5      19.5   1.90 0.15    1
RR Pic    2424319.5      20.5   2.25 0.11    2
RR Pic    2424322.5      23.5   3.10 0.12    3
RR Pic    2424323.5      24.5   3.10 0.12    3
RR Pic    2424326.5      27.5   3.05 0.18    2
RR Pic    2424327.5      28.5   3.20 0.14    2
RR Pic    2424328.5      29.5   3.37 0.09    3
RR Pic    2424329.5      30.5   3.43 0.08    4
RR Pic    2424331.       32.    3.58 0.05    8
RR Pic    2424333.       34.    3.37 0.09    3
RR Pic    2424335.       36.    3.50 0.08    4
RR Pic    2424337.       38.    3.40 0.11    2
RR Pic    2424339.       40.    3.30 0.11    2
RR Pic    2424341.       42.    3.14 0.10    5
RR Pic    2424343.       44.    3.08 0.08    4
RR Pic    2424345.       46.    3.10 0.11    2
RR Pic    2424347.       48.    3.15 0.11    2
RR Pic    2424349.       50.    3.00 0.14    3
RR Pic    2424351.       52.    2.80 0.11    2
RR Pic    2424357.       58.    2.30 0.15    1
RR Pic    2424359.       60.    1.65 0.18    2
RR Pic    2424361.       62.    2.23 0.11    6
RR Pic    2424363.       64.    3.03 0.12    4
RR Pic    2424365.       66.    2.84 0.16    5
RR Pic    2424367.       68.    3.16 0.13    5
RR Pic    2424369.       70.    2.40 0.14    2
RR Pic    2424371.       72.    2.04 0.10    5
RR Pic    2424373.       74.    2.05 0.11    2
RR Pic    2424375.       76.    2.55 0.11    2
RR Pic    2424377.       78.    2.70 0.15    1
RR Pic    2424379.       80.    3.00 0.14    2
RR Pic    2424381.       82.    2.93 0.08    4
RR Pic    2424383.       84.    3.15 0.11    2
RR Pic    2424385.       86.    3.06 0.07    5
RR Pic    2424387.       88.    3.07 0.09    3
RR Pic    2424389.       90.    3.20 0.09    3
RR Pic    2424392.       93.    3.28 0.07    5
RR Pic    2424396.       97.    3.35 0.11    2
RR Pic    2424400.      101.    3.40 0.10    3
RR Pic    2424404.      105.    3.50 0.08    4
RR Pic    2424408.      109.    3.58 0.08    5
RR Pic    2424412.      113.    3.53 0.05    8
RR Pic    2424416.      117.    3.54 0.07    5
RR Pic    2424420.      121.    3.78 0.06    6
RR Pic    2424424.      125.    3.67 0.09    3
RR Pic    2424428.      129.    3.89 0.06    7
RR Pic    2424432.      133.    4.01 0.07    7
RR Pic    2424436.      137.    4.18 0.07    5
RR Pic    2424440.      141.    4.13 0.08    4
RR Pic    2424444.      145.    4.28 0.06    6
RR Pic    2424448.      149.    4.34 0.06    7
RR Pic    2424454.      155.    4.17 0.06    6
RR Pic    2424462.      163.    4.34 0.02   12
RR Pic    2424470.      171.    4.37 0.06    7
RR Pic    2424478.      179.    4.45 0.08    4
RR Pic    2424486.      187.    4.44 0.06    7
RR Pic    2424494.      195.    4.43 0.10    6
RR Pic    2424502.      203.    4.58 0.05    9
RR Pic    2424510.      211.    4.75 0.11    2
RR Pic    2424518.      219.    4.70 0.15    1
RR Pic    2424526.      227.    4.93 0.09    3
RR Pic    2424534.      235.    4.80 0.15    1
RR Pic    2424542.      243.    5.40 0.15    1
RR Pic    2424550.      251.    5.50 0.15    1
RR Pic    2424558.      259.    5.23 0.08    4
RR Pic    2424566.      267.    5.15 0.11    2
RR Pic    2424574.      275.    5.30 0.15    1
RR Pic    2424582.      283.    5.40 0.15    1
RR Pic    2424590.      291.    5.50 0.15    1
RR Pic    2424598.      299.    5.60 0.15    1
RR Pic    2424622.      323.    5.50 0.15    1
RR Pic    2424630.      331.    5.60 0.15    1
RR Pic    2424646.      347.    5.60 0.15    1
RR Pic    2424662.      363.    5.40 0.15    1
RR Pic    2424670.      371.    5.50 0.15    1
RR Pic    2424678.      379.    5.60 0.15    1
RR Pic    2424694.      395.    5.50 0.15    1
RR Pic    2424714.      415.    5.70 0.15    1
RR Pic    2424730.      431.    5.50 0.15    1
RR Pic    2424794.      495.    6.20 0.11    2
RR Pic    2424810.      511.    6.20 0.11    2
RR Pic    2424826.      527.    6.20 0.08    4
RR Pic    2424842.      543.    6.23 0.06    7
RR Pic    2424858.      559.    6.30 0.07    5
RR Pic    2424874.      575.    6.21 0.06    7
RR Pic    2424890.      591.    6.26 0.07    5
RR Pic    2424906.      607.    6.34 0.06    7
RR Pic    2424922.      623.    6.33 0.06    7
RR Pic    2424938.      639.    6.38 0.07    5
RR Pic    2424954.      655.    6.40 0.07    5
RR Pic    2424970.      671.    6.38 0.06    6
RR Pic    2424986.      687.    6.46 0.07    5
RR Pic    2425002.      703.    6.40 0.07    5
RR Pic    2425018.      719.    6.52 0.06    6
RR Pic    2425034.      735.    6.48 0.05    8
RR Pic    2425050.      751.    6.42 0.07    5
RR Pic    2425066.      767.    6.40 0.08    4
RR Pic    2425130.      831.    6.30 0.15    1
RR Pic    2425146.      847.    6.50 0.15    1
RR Pic    2425162.      863.    6.60 0.11    2
RR Pic    2425178.      879.    6.40 0.06    6
RR Pic    2425194.      895.    6.52 0.07    5
RR Pic    2425210.      911.    6.77 0.06    6
RR Pic    2425226.      927.    6.70 0.08    5
RR Pic    2425242.      943.    6.78 0.07    5
RR Pic    2425258.      959.    6.67 0.09    3
RR Pic    2425274.      975.    6.75 0.08    4
RR Pic    2425290.      991.    6.86 0.07    5
RR Pic    2425306.     1007.    6.90 0.15    1
RR Pic    2425330.     1031.    6.94 0.07    5
RR Pic    2425362.     1063.    7.07 0.03   11
RR Pic    2425394.     1095.    7.06 0.05    8
RR Pic    2425426.     1127.    7.13 0.06    7
RR Pic    2425522.     1223.    7.36 0.07    5
RR Pic    2425554.     1255.    7.34 0.05    9
RR Pic    2425586.     1287.    7.39 0.04   11
RR Pic    2425618.     1319.    7.35 0.08    4
RR Pic    2425650.     1351.    7.56 0.05   10
RR Pic    2425682.     1383.    7.62 0.07    5
RR Pic    2425714.     1415.    7.67 0.06    6
RR Pic    2425746.     1447.    7.66 0.06    7
RR Pic    2425778.     1479.    7.73 0.05    8
RR Pic    2425810.     1511.    7.75 0.11    2
RR Pic    2425890.     1591.    8.12 0.07    5
RR Pic    2426018.     1719.    8.25 0.03   25
RR Pic    2426146.     1847.    8.25 0.02   19
RR Pic    2426274.     1975.    8.34 0.03   14
RR Pic    2426402.     2103.    8.41 0.02   25
RR Pic    2426530.     2231.    8.40 0.05    9
RR Pic    2426658.     2359.    8.47 0.05    9
RR Pic    2426786.     2487.    8.59 0.03   25
RR Pic    2426914.     2615.    8.47 0.05   12
RR Pic    2427042.     2743.    8.70 0.08    7
RR Pic    2427170.     2871.    8.58 0.03   25
RR Pic    2427298.     2999.    8.62 0.05    9
RR Pic    2427426.     3127.    8.72 0.02   25
RR Pic    2427554.     3255.    8.63 0.03   44
RR Pic    2427682.     3383.    8.60 0.03   30
RR Pic    2427810.     3511.    8.83 0.04   38
RR Pic    2427938.     3639.    8.82 0.04   46
RR Pic    2428066.     3767.    8.97 0.04   29
RR Pic    2428194.     3895.    8.91 0.04   43
RR Pic    2428322.     4023.    8.79 0.03   58
RR Pic    2428450.     4151.    9.22 0.07   19
RR Pic    2428578.     4279.    9.23 0.05   33
RR Pic    2428706.     4407.    9.36 0.06   17
RR Pic    2428834.     4535.    9.43 0.13    6
RR Pic    2428962.     4663.    9.46 0.03   32
RR Pic    2429090.     4791.    9.48 0.03   13
RR Pic    2429218.     4919.    9.57 0.06    6
RR Pic    2429346.     5047.    9.65 0.02   17
RR Pic    2429474.     5175.    9.68 0.02   12
RR Pic    2429602.     5303.    9.71 0.03   29
RR Pic    2429730.     5431.    9.73 0.02   46
RR Pic    2429858.     5559.    9.86 0.05   22
RR Pic    2429986.     5687.    9.91 0.02   27
RR Pic    2430114.     5815.    9.97 0.03   27
RR Pic    2430242.     5943.   10.02 0.02   17
RR Pic    2430370.     6071.   10.11 0.02   29
RR Pic    2430498.     6199.   10.16 0.02   22
RR Pic    2430626.     6327.   10.13 0.06    6
RR Pic    2430754.     6455.   10.28 0.02   22
RR Pic    2430882.     6583.   10.38 0.02   21
RR Pic    2431010.     6711.   10.29 0.02   19
RR Pic    2431138.     6839.   10.56 0.05   29
RR Pic    2431266.     6967.   10.64 0.03   17
RR Pic    2431458.     7159.   10.82 0.07   20
RR Pic    2431714.     7415.   11.03 0.03   22
RR Pic    2431970.     7671.   10.90 0.03   48
RR Pic    2432226.     7927.   10.91 0.04   64
RR Pic    2432482.     8183.   10.90 0.03   61
RR Pic    2432738.     8439.   10.96 0.03   63
RR Pic    2432994.     8695.   11.06 0.03   79
RR Pic    2433250.     8951.   11.11 0.03   84
RR Pic    2433506.     9207.   11.20 0.03   92
RR Pic    2433762.     9463.   11.21 0.04   76
RR Pic    2434018.     9719.   11.28 0.03   71
RR Pic    2434274.     9975.   11.36 0.03   70
RR Pic    2434530.    10231.   11.44 0.03   74
RR Pic    2434786.    10487.   11.42 0.03   63
RR Pic    2435042.    10743.   11.35 0.02   59
RR Pic    2435298.    10999.   11.44 0.03   57
RR Pic    2435554.    11255.   11.46 0.02   57
RR Pic    2435810.    11511.   11.50 0.02   67
RR Pic    2436066.    11767.   11.51 0.02   58
RR Pic    2436322.    12023.   11.53 0.02   56
RR Pic    2436578.    12279.   11.58 0.02   63
RR Pic    2436834.    12535.   11.62 0.02   54
RR Pic    2437090.    12791.   11.67 0.02   50
RR Pic    2437346.    13047.   11.69 0.02   52
RR Pic    2437602.    13303.   11.74 0.02   58
RR Pic    2437858.    13559.   11.79 0.02   53
RR Pic    2438114.    13815.   11.77 0.02   51
RR Pic    2438370.    14071.   11.87 0.02   46
RR Pic    2438626.    14327.   11.90 0.02   43
RR Pic    2438882.    14583.   11.98 0.02   50
RR Pic    2439138.    14839.   11.95 0.02   59
RR Pic    2439394.    15095.   12.01 0.02   51
RR Pic    2439650.    15351.   12.03 0.02   53
RR Pic    2439906.    15607.   12.03 0.02   58
RR Pic    2440162.    15863.   12.02 0.02   43
RR Pic    2440418.    16119.   12.05 0.02   33
RR Pic    2440674.    16375.   11.99 0.02   30
RR Pic    2440930.    16631.   11.76 0.03   37
RR Pic    2441186.    16887.   11.80 0.03   48
RR Pic    2441442.    17143.   11.83 0.03   52
RR Pic    2441698.    17399.   11.75 0.03   52
RR Pic    2441954.    17655.   11.77 0.03   62
RR Pic    2442210.    17911.   11.87 0.03   90
RR Pic    2442466.    18167.   11.85 0.02  247
RR Pic    2442722.    18423.   11.85 0.02  115
RR Pic    2442978.    18679.   11.85 0.02  107
RR Pic    2443362.    19063.   11.91 0.04   14
RR Pic    2443874.    19575.   12.06 0.07    5
RR Pic    2444386.    20087.   12.11 0.08   14
RR Pic    2444898.    20599.   12.11 0.02  136
RR Pic    2445410.    21111.   12.08 0.02  125
RR Pic    2445922.    21623.   12.11 0.02  183
RR Pic    2446434.    22135.   11.90 0.02   90
RR Pic    2446946.    22647.   11.90 0.02  135
RR Pic    2447458.    23159.   11.92 0.02  236
RR Pic    2447970.    23671.   11.85 0.02  139
CP Pup    2430672.75      1.75  0.95 0.11    2
CP Pup    2430673.75      2.75  1.00 0.14    2
CP Pup    2430674.75      3.75  0.87 0.19    3
CP Pup    2430675.75      4.75  0.70 0.14    2
CP Pup    2430676.75      5.75  0.73 0.08    4
CP Pup    2430677.25      6.25  1.30 0.15    1
CP Pup    2430677.75      6.75  1.41 0.08   11
CP Pup    2430678.25      7.25  1.47 0.23    3
CP Pup    2430678.75      7.75  2.01 0.06    7
CP Pup    2430679.25      8.25  2.32 0.20    6
CP Pup    2430679.75      8.75  2.43 0.07    7
CP Pup    2430680.5       9.5   2.88 0.22    6
CP Pup    2430681.5      10.5   2.97 0.14   10
CP Pup    2430682.5      11.5   3.29 0.20    6
CP Pup    2430683.5      12.5   3.50 0.21    2
CP Pup    2430684.5      13.5   4.02 0.11    2
CP Pup    2430685.5      14.5   4.20 0.10    5
CP Pup    2430686.5      15.5   4.40 0.21    6
CP Pup    2430687.5      16.5   3.80 0.53    4
CP Pup    2430688.5      17.5   4.25 0.15    1
CP Pup    2430689.5      18.5   4.48 0.15    1
CP Pup    2430690.5      19.5   5.00 0.11    2
CP Pup    2430691.5      20.5   4.93 0.10    3
CP Pup    2430692.5      21.5   5.48 0.16    4
CP Pup    2430693.5      22.5   5.44 0.09    3
CP Pup    2430694.5      23.5   5.40 0.11    2
CP Pup    2430695.5      24.5   5.45 0.15    1
CP Pup    2430696.5      25.5   5.50 0.09    3
CP Pup    2430697.5      26.5   5.60 0.15    1
CP Pup    2430698.5      27.5   5.65 0.07    5
CP Pup    2430699.5      28.5   5.99 0.25    4
CP Pup    2430702.       31.    6.04 0.08   14
CP Pup    2430706.       35.    6.28 0.04   12
CP Pup    2430710.       39.    6.26 0.09    7
CP Pup    2430714.       43.    6.48 0.07   10
CP Pup    2430718.       47.    6.60 0.08    8
CP Pup    2430722.       51.    6.58 0.06    9
CP Pup    2430726.       55.    6.48 0.08   12
CP Pup    2430730.       59.    6.41 0.08   12
CP Pup    2430734.       63.    6.52 0.08    9
CP Pup    2430738.       67.    6.56 0.06    7
CP Pup    2430742.       71.    6.75 0.10    6
CP Pup    2430746.       75.    6.64 0.08    5
CP Pup    2430750.       79.    6.64 0.05   15
CP Pup    2430754.       83.    6.85 0.14    6
CP Pup    2430758.       87.    6.61 0.07    9
CP Pup    2430762.       91.    6.50 0.13    5
CP Pup    2430766.       95.    6.68 0.09    8
CP Pup    2430770.       99.    6.67 0.13   11
CP Pup    2430774.      103.    7.00 0.07    5
CP Pup    2430778.      107.    6.74 0.14    7
CP Pup    2430782.      111.    6.70 0.10   10
CP Pup    2430786.      115.    6.66 0.13    7
CP Pup    2430790.      119.    6.69 0.11   11
CP Pup    2430794.      123.    6.98 0.18    4
CP Pup    2430798.      127.    7.10 0.07   11
CP Pup    2430808.      137.    6.96 0.06   34
CP Pup    2430824.      153.    7.13 0.06   44
CP Pup    2430840.      169.    7.31 0.06   36
CP Pup    2430856.      185.    7.53 0.05   37
CP Pup    2430872.      201.    7.66 0.07   16
CP Pup    2430888.      217.    7.76 0.08   11
CP Pup    2430904.      233.    7.86 0.09   11
CP Pup    2430920.      249.    7.92 0.11   11
CP Pup    2430936.      265.    7.78 0.19    4
CP Pup    2430952.      281.    7.80 0.11    2
CP Pup    2430968.      297.    8.03 0.14    4
CP Pup    2430984.      313.    8.18 0.15    4
CP Pup    2431000.      329.    8.33 0.12    4
CP Pup    2431016.      345.    8.20 0.08    4
CP Pup    2431032.      361.    8.37 0.08   10
CP Pup    2431048.      377.    8.32 0.16    6
CP Pup    2431064.      393.    8.30 0.10    5
CP Pup    2431080.      409.    8.18 0.16    4
CP Pup    2431096.      425.    8.59 0.15    7
CP Pup    2431112.      441.    8.56 0.09    7
CP Pup    2431128.      457.    8.53 0.09    7
CP Pup    2431144.      473.    8.53 0.07   11
CP Pup    2431160.      489.    8.70 0.07    5
CP Pup    2431176.      505.    8.99 0.08   20
CP Pup    2431192.      521.    8.93 0.14    9
CP Pup    2431208.      537.    8.86 0.15    5
CP Pup    2431224.      553.    8.97 0.17    6
CP Pup    2431240.      569.    8.70 0.12    4
CP Pup    2431256.      585.    9.47 0.09    3
CP Pup    2431272.      601.    9.23 0.18    3
CP Pup    2431288.      617.    8.95 0.18    2
CP Pup    2431328.      657.    9.50 0.07    5
CP Pup    2431360.      689.    9.52 0.07    5
CP Pup    2431392.      721.    9.63 0.09    8
CP Pup    2431424.      753.    9.55 0.05    8
CP Pup    2431456.      785.    9.88 0.14    8
CP Pup    2431488.      817.   10.09 0.16   12
CP Pup    2431520.      849.   10.02 0.14   12
CP Pup    2431552.      881.   10.48 0.14   12
CP Pup    2431584.      913.   10.34 0.10    7
CP Pup    2431632.      961.   10.48 0.07   19
CP Pup    2431696.     1025.   10.79 0.08   12
CP Pup    2431760.     1089.   10.78 0.05   20
CP Pup    2431824.     1153.   10.86 0.06   18
CP Pup    2431888.     1217.   10.85 0.10   17
CP Pup    2431952.     1281.   10.90 0.07   19
CP Pup    2432016.     1345.   11.02 0.09   10
CP Pup    2432080.     1409.   11.73 0.08    4
CP Pup    2432144.     1473.   11.85 0.06    6
CP Pup    2432208.     1537.   11.85 0.11    2
CP Pup    2432272.     1601.   11.80 0.07    5
CP Pup    2432336.     1665.   11.98 0.07    5
CP Pup    2432400.     1729.   12.28 0.08    4
CP Pup    2432464.     1793.   12.15 0.11    2
CP Pup    2432528.     1857.   12.50 0.08    4
CP Pup    2432624.     1953.   12.38 0.09    8
CP Pup    2432752.     2081.   12.85 0.08    4
CP Pup    2432880.     2209.   12.25 0.08    4
CP Pup    2433008.     2337.   12.28 0.06    6
CP Pup    2433392.     2721.   12.60 0.09    3
CP Pup    2433520.     2849.   12.53 0.06    7
CP Pup    2433648.     2977.   12.63 0.06    7
CP Pup    2433776.     3105.   12.64 0.05    8
CP Pup    2433904.     3233.   12.61 0.05    8
CP Pup    2434032.     3361.   12.63 0.05    9
CP Pup    2434160.     3489.   12.89 0.07   12
CP Pup    2434288.     3617.   12.77 0.14    6
CP Pup    2434416.     3745.   12.96 0.09    8
CP Pup    2434544.     3873.   12.98 0.08    4
CP Pup    2434672.     4001.   12.84 0.07    5
CP Pup    2434800.     4129.   12.85 0.06    6
CP Pup    2434928.     4257.   12.90 0.11    2
CP Pup    2435056.     4385.   12.90 0.11    2
CP Pup    2435184.     4513.   12.90 0.09    3
CP Pup    2435440.     4769.   12.70 0.11    2
CP Pup    2435568.     4897.   12.75 0.11    2
CP Pup    2435696.     5025.   12.80 0.15    1
CP Pup    2435952.     5281.   13.10 0.11    2
CP Pup    2436336.     5665.   13.90 0.15    1
CP Pup    2441136.    10465.   14.24 0.10    8
CP Pup    2441648.    10977.   14.50 0.02   18
CP Pup    2442160.    11489.   14.50 0.14    2
CP Pup    2442672.    12001.   14.03 0.59    3
CP Pup    2443184.    12513.   14.55 0.18    2
CP Pup    2443696.    13025.   14.60 0.22    6
CP Pup    2444208.    13537.   14.64 0.19    7
CP Pup    2444720.    14049.   14.93 0.09    3
CP Pup    2445232.    14561.   14.68 0.25    4
CP Pup    2445744.    15073.   14.80 0.15    1
CP Pup    2446256.    15585.   14.77 0.12    3
CP Pup    2446768.    16097.   14.78 0.09    4
CP Pup    2447280.    16609.   14.78 0.14    4
CP Pup    2447792.    17121.   15.35 0.11    2
CP Pup    2448304.    17633.   15.07 0.19    3
CP Pup    2448816.    18145.   15.43 0.13   10
CP Pup    2449328.    18657.   14.93 0.12    6
CP Pup    2449840.    19169.   15.15 0.11    2
V351 Pup  2448624.75      0.75  9.00 0.15    1
V351 Pup  2448625.25      1.25  8.70 0.11    2
V351 Pup  2448626.25      2.25  8.20 0.15    1
V351 Pup  2448627.25      3.25  7.93 0.09    3
V351 Pup  2448628.75      4.75  8.50 0.11    2
V351 Pup  2448629.25      5.25  8.68 0.10    4
V351 Pup  2448630.5       6.5   8.44 0.15    5
V351 Pup  2448631.5       7.5   8.77 0.12    3
V351 Pup  2448632.5       8.5   8.74 0.07    9
V351 Pup  2448633.5       9.5   8.92 0.06    6
V351 Pup  2448634.5      10.5   8.84 0.08    9
V351 Pup  2448635.5      11.5   8.76 0.05    8
V351 Pup  2448636.5      12.5   8.97 0.04   11
V351 Pup  2448637.5      13.5   9.05 0.11    2
V351 Pup  2448638.5      14.5   9.22 0.10    5
V351 Pup  2448639.5      15.5   9.13 0.06    6
V351 Pup  2448640.5      16.5   9.16 0.06    7
V351 Pup  2448641.5      17.5   9.25 0.06    6
V351 Pup  2448642.5      18.5   9.40 0.08    4
V351 Pup  2448643.5      19.5   9.43 0.09    4
V351 Pup  2448644.5      20.5   9.30 0.07    5
V351 Pup  2448645.5      21.5   9.45 0.08    4
V351 Pup  2448646.5      22.5   9.41 0.06   11
V351 Pup  2448647.5      23.5   9.57 0.06    6
V351 Pup  2448648.5      24.5   9.52 0.12    5
V351 Pup  2448649.5      25.5   9.63 0.06    7
V351 Pup  2448650.5      26.5   9.65 0.08    4
V351 Pup  2448651.5      27.5   9.69 0.05    8
V351 Pup  2448652.5      28.5   9.83 0.08    4
V351 Pup  2448653.5      29.5   9.90 0.06    7
V351 Pup  2448654.5      30.5   9.86 0.05    8
V351 Pup  2448655.5      31.5   9.95 0.06    8
V351 Pup  2448656.5      32.5   9.93 0.06    7
V351 Pup  2448657.5      33.5  10.20 0.15    1
V351 Pup  2448658.5      34.5  10.02 0.10    6
V351 Pup  2448659.5      35.5  10.10 0.08    5
V351 Pup  2448660.5      36.5  10.10 0.06    7
V351 Pup  2448661.5      37.5  10.30 0.09    3
V351 Pup  2448662.5      38.5  10.20 0.10    4
V351 Pup  2448663.5      39.5  10.20 0.08    4
V351 Pup  2448664.5      40.5  10.13 0.09    3
V351 Pup  2448665.5      41.5  10.20 0.14    2
V351 Pup  2448666.5      42.5  10.40 0.21    2
V351 Pup  2448667.5      43.5  10.20 0.14    2
V351 Pup  2448668.5      44.5   9.95 0.11    2
V351 Pup  2448669.5      45.5  10.40 0.16    3
V351 Pup  2448671.       47.   10.20 0.08    8
V351 Pup  2448673.       49.   10.36 0.07    7
V351 Pup  2448675.       51.   10.20 0.05   10
V351 Pup  2448677.       53.   10.31 0.07    8
V351 Pup  2448679.       55.   10.33 0.06   12
V351 Pup  2448681.       57.   10.47 0.06   11
V351 Pup  2448683.       59.   10.50 0.06   11
V351 Pup  2448685.       61.   10.47 0.06   12
V351 Pup  2448687.       63.   10.47 0.06    7
V351 Pup  2448689.       65.   10.51 0.07   11
V351 Pup  2448691.       67.   10.51 0.07   15
V351 Pup  2448693.       69.   10.78 0.05    8
V351 Pup  2448695.       71.   10.71 0.09    7
V351 Pup  2448697.       73.   10.80 0.07    5
V351 Pup  2448699.       75.   10.70 0.20    4
V351 Pup  2448701.       77.   10.70 0.14    2
V351 Pup  2448703.       79.   10.65 0.08    4
V351 Pup  2448705.       81.   10.69 0.06   15
V351 Pup  2448707.       83.   10.77 0.09    3
V351 Pup  2448709.       85.   10.78 0.10    6
V351 Pup  2448711.       87.   10.70 0.07   10
V351 Pup  2448713.       89.   10.57 0.08    7
V351 Pup  2448715.       91.   10.70 0.08    8
V351 Pup  2448717.       93.   10.91 0.07    9
V351 Pup  2448719.       95.   10.58 0.10    6
V351 Pup  2448721.       97.   10.55 0.11    2
V351 Pup  2448723.       99.   10.54 0.13    7
V351 Pup  2448725.      101.   10.53 0.14    6
V351 Pup  2448727.      103.   10.73 0.22    3
V351 Pup  2448729.      105.   10.40 0.24    3
V351 Pup  2448731.      107.   10.68 0.18    4
V351 Pup  2448733.      109.   10.73 0.09    3
V351 Pup  2448735.      111.   10.79 0.09    7
V351 Pup  2448737.      113.   10.80 0.09    3
V351 Pup  2448739.      115.   10.63 0.09    4
V351 Pup  2448741.      117.   10.83 0.08    8
V351 Pup  2448743.      119.   10.74 0.08    9
V351 Pup  2448745.      121.   10.73 0.08    8
V351 Pup  2448747.      123.   10.77 0.14    6
V351 Pup  2448749.      125.   10.83 0.18    4
V351 Pup  2448752.      128.   10.57 0.11    7
V351 Pup  2448756.      132.   10.60 0.09    3
V351 Pup  2448760.      136.   10.76 0.10    7
V351 Pup  2448764.      140.   10.76 0.12    9
V351 Pup  2448768.      144.   10.79 0.12    8
V351 Pup  2448772.      148.   10.78 0.09   11
V351 Pup  2448776.      152.   11.00 0.06   10
V351 Pup  2448780.      156.   11.06 0.08   14
V351 Pup  2448784.      160.   11.10 0.05    9
V351 Pup  2448788.      164.   11.20 0.15    1
V351 Pup  2448792.      168.   11.15 0.08    4
V351 Pup  2448796.      172.   11.07 0.06    6
V351 Pup  2448800.      176.   10.97 0.08    7
V351 Pup  2448804.      180.   11.15 0.08   11
V351 Pup  2448808.      184.   11.12 0.14    6
V351 Pup  2448820.      196.   11.24 0.06    7
V351 Pup  2448824.      200.   11.20 0.15    1
V351 Pup  2448828.      204.   11.25 0.11    2
V351 Pup  2448832.      208.   11.20 0.15    1
V351 Pup  2448840.      216.   11.20 0.09    3
V351 Pup  2448844.      220.   11.30 0.15    1
V351 Pup  2448854.      230.   11.22 0.07    5
V351 Pup  2448862.      238.   11.30 0.09    3
V351 Pup  2448870.      246.   11.25 0.11    2
V351 Pup  2448878.      254.   11.30 0.08    4
V351 Pup  2448886.      262.   11.30 0.11    2
V351 Pup  2448894.      270.   11.33 0.08    4
V351 Pup  2448902.      278.   11.30 0.08    4
V351 Pup  2448910.      286.   11.70 0.10    5
V351 Pup  2448918.      294.   11.80 0.01    3
V351 Pup  2448926.      302.   11.53 0.12    6
V351 Pup  2448934.      310.   11.61 0.08    8
V351 Pup  2448942.      318.   11.75 0.11    2
V351 Pup  2448950.      326.   11.76 0.06   10
V351 Pup  2448958.      334.   11.80 0.07    5
V351 Pup  2448966.      342.   11.80 0.11    2
V351 Pup  2448974.      350.   11.72 0.06    6
V351 Pup  2448982.      358.   11.98 0.13    4
V351 Pup  2448990.      366.   11.85 0.07    6
V351 Pup  2448998.      374.   11.85 0.06    6
V351 Pup  2449006.      382.   12.12 0.09   13
V351 Pup  2449014.      390.   12.31 0.15    8
V351 Pup  2449022.      398.   12.26 0.12    8
V351 Pup  2449030.      406.   12.24 0.07    8
V351 Pup  2449038.      414.   12.35 0.05    8
V351 Pup  2449046.      422.   12.20 0.08    4
V351 Pup  2449054.      430.   12.30 0.11    2
V351 Pup  2449062.      438.   12.45 0.07    6
V351 Pup  2449070.      446.   12.60 0.06    6
V351 Pup  2449078.      454.   12.68 0.10    4
V351 Pup  2449086.      462.   12.52 0.07    5
V351 Pup  2449094.      470.   12.93 0.08    7
V351 Pup  2449102.      478.   13.10 0.07    6
V351 Pup  2449110.      486.   13.10 0.15    1
V351 Pup  2449118.      494.   13.10 0.15    1
V351 Pup  2449126.      502.   13.18 0.07    5
V351 Pup  2449134.      510.   13.10 0.11    2
V351 Pup  2449142.      518.   13.20 0.15    1
V351 Pup  2449150.      526.   13.30 0.15    1
V351 Pup  2449362.      738.   14.30 0.15    1
V351 Pup  2449458.      834.   14.00 0.15    1
V351 Pup  2449490.      866.   14.50 0.15    1
V351 Pup  2449522.      898.   14.80 0.15    1
V351 Pup  2449714.     1090.   14.00 0.15    1
V351 Pup  2450162.     1538.   14.00 0.15    1
V445 Pup  2451873.        1.    8.80 0.15    1
V445 Pup  2451877.        5.    8.60 0.15    1
V445 Pup  2451881.        9.    8.80 0.15    1
V445 Pup  2451901.       29.    8.75 0.11    2
V445 Pup  2451909.       37.    9.13 0.09    3
V445 Pup  2451911.       39.    9.33 0.07   10
V445 Pup  2451913.       41.    9.14 0.05   15
V445 Pup  2451915.       43.    9.26 0.04   14
V445 Pup  2451917.       45.    9.32 0.08    9
V445 Pup  2451919.       47.    9.39 0.06   12
V445 Pup  2451921.       49.    9.10 0.07   13
V445 Pup  2451923.       51.    9.27 0.06   12
V445 Pup  2451925.       53.    9.55 0.05   18
V445 Pup  2451927.       55.    9.44 0.06   12
V445 Pup  2451929.       57.    9.79 0.09    9
V445 Pup  2451931.       59.    9.58 0.06   13
V445 Pup  2451933.       61.    9.63 0.07   14
V445 Pup  2451935.       63.    9.60 0.08   12
V445 Pup  2451937.       65.    9.56 0.07   10
V445 Pup  2451939.       67.    9.59 0.07    7
V445 Pup  2451941.       69.    9.80 0.05    9
V445 Pup  2451943.       71.    9.95 0.03   14
V445 Pup  2451945.       73.    9.95 0.05   11
V445 Pup  2451947.       75.    9.90 0.03   12
V445 Pup  2451949.       77.    9.83 0.06    9
V445 Pup  2451951.       79.    9.63 0.03   23
V445 Pup  2451953.       81.    9.78 0.03   19
V445 Pup  2451955.       83.    9.79 0.05   17
V445 Pup  2451957.       85.    9.88 0.04   29
V445 Pup  2451959.       87.    9.81 0.06   23
V445 Pup  2451961.       89.   10.00 0.06   18
V445 Pup  2451963.       91.    9.98 0.02   18
V445 Pup  2451965.       93.    9.93 0.04   19
V445 Pup  2451967.       95.   10.02 0.03   32
V445 Pup  2451969.       97.   10.04 0.05   16
V445 Pup  2451971.       99.    9.97 0.05   19
V445 Pup  2451973.      101.   10.28 0.05   14
V445 Pup  2451975.      103.   10.04 0.06    9
V445 Pup  2451977.      105.   10.06 0.05    9
V445 Pup  2451979.      107.   10.12 0.07    5
V445 Pup  2451981.      109.    9.70 0.05   24
V445 Pup  2451983.      111.    9.87 0.07   20
V445 Pup  2451985.      113.   10.11 0.06   16
V445 Pup  2451987.      115.    9.99 0.05   12
V445 Pup  2451989.      117.   10.10 0.04   11
V445 Pup  2451991.      119.   10.25 0.07    8
V445 Pup  2451993.      121.   10.26 0.08    5
V445 Pup  2451995.      123.   10.23 0.04   11
V445 Pup  2451997.      125.   10.22 0.06    6
V445 Pup  2451999.      127.   10.24 0.05   12
V445 Pup  2452001.      129.   10.21 0.05    8
V445 Pup  2452003.      131.   10.35 0.05   13
V445 Pup  2452005.      133.   10.11 0.07   10
V445 Pup  2452007.      135.    9.54 0.06   14
V445 Pup  2452009.      137.   10.12 0.07    9
V445 Pup  2452011.      139.   10.15 0.06   11
V445 Pup  2452013.      141.   10.13 0.06    8
V445 Pup  2452015.      143.   10.38 0.06    6
V445 Pup  2452017.      145.   10.30 0.05    9
V445 Pup  2452019.      147.   10.58 0.10    6
V445 Pup  2452022.      150.   10.62 0.03   19
V445 Pup  2452026.      154.   10.85 0.05   15
V445 Pup  2452030.      158.   10.73 0.04   11
V445 Pup  2452034.      162.   10.73 0.07    6
V445 Pup  2452038.      166.   10.49 0.06    7
V445 Pup  2452042.      170.   10.46 0.04   17
V445 Pup  2452046.      174.   10.43 0.06   15
V445 Pup  2452050.      178.   10.58 0.05   12
V445 Pup  2452054.      182.   10.39 0.05    8
V445 Pup  2452058.      186.   10.55 0.08   12
V445 Pup  2452062.      190.   10.41 0.06    7
V445 Pup  2452066.      194.   10.35 0.18    2
V445 Pup  2452070.      198.   10.01 0.04   20
V445 Pup  2452074.      202.   10.35 0.05   11
V445 Pup  2452078.      206.   10.10 0.08    6
V445 Pup  2452082.      210.   10.23 0.02   10
V445 Pup  2452086.      214.   10.90 0.11    2
V445 Pup  2452090.      218.   10.60 0.14    2
V445 Pup  2452094.      222.   11.05 0.08    4
V445 Pup  2452098.      226.   11.20 0.11    2
V445 Pup  2452116.      244.   11.70 0.16    3
V445 Pup  2453012.     1140.   19.80 0.15    1
V445 Pup  2453748.     1876.   18.90 0.15    1
V445 Pup  2454100.     2228.   19.60 0.15    1
V574 Pup  2453331.25      1.25  6.95 0.11    2
V574 Pup  2453331.75      1.75  7.65 0.02   11
V574 Pup  2453332.75      2.75  8.30 0.21    2
V574 Pup  2453333.25      3.25  8.73 0.03   20
V574 Pup  2453333.75      3.75  8.59 0.09    9
V574 Pup  2453334.25      4.25  8.44 0.02  230
V574 Pup  2453334.75      4.75  8.57 0.09    3
V574 Pup  2453335.25      5.25  8.25 0.03   11
V574 Pup  2453335.75      5.75  7.93 0.02   12
V574 Pup  2453336.25      6.25  7.98 0.02   20
V574 Pup  2453336.75      6.75  8.70 0.15    1
V574 Pup  2453337.25      7.25  8.69 0.02   20
V574 Pup  2453337.75      7.75  8.44 0.02   20
V574 Pup  2453338.25      8.25  8.62 0.02   20
V574 Pup  2453338.75      8.75  8.92 0.02   10
V574 Pup  2453339.25      9.25  9.04 0.02   20
V574 Pup  2453339.75      9.75  8.99 0.02   10
V574 Pup  2453340.5      10.5   9.08 0.02   11
V574 Pup  2453341.5      11.5   8.82 0.02   11
V574 Pup  2453342.5      12.5   9.02 0.02   13
V574 Pup  2453343.5      13.5   8.90 0.15    1
V574 Pup  2453344.5      14.5   9.17 0.10    3
V574 Pup  2453345.5      15.5   9.40 0.13    5
V574 Pup  2453346.5      16.5   9.39 0.03   12
V574 Pup  2453347.5      17.5   9.54 0.03   11
V574 Pup  2453349.5      19.5  10.10 0.15    1
V574 Pup  2453351.5      21.5   9.70 0.09    3
V574 Pup  2453352.5      22.5   9.92 0.02   13
V574 Pup  2453353.5      23.5   9.89 0.04   14
V574 Pup  2453354.5      24.5   9.80 0.14    2
V574 Pup  2453355.5      25.5   9.80 0.12    3
V574 Pup  2453356.5      26.5   9.95 0.32    2
V574 Pup  2453358.5      28.5   9.83 0.02   21
V574 Pup  2453359.5      29.5  10.20 0.15    1
V574 Pup  2453360.5      30.5  10.10 0.15    1
V574 Pup  2453363.5      33.5  10.50 0.02   11
V574 Pup  2453364.5      34.5  10.80 0.11    2
V574 Pup  2453366.5      36.5  10.63 0.02   11
V574 Pup  2453367.5      37.5  11.10 0.15    1
V574 Pup  2453368.5      38.5  10.78 0.02   20
V574 Pup  2453369.5      39.5  10.52 0.02   12
V574 Pup  2453370.5      40.5  10.63 0.02   11
V574 Pup  2453371.5      41.5  10.88 0.02   12
V574 Pup  2453372.5      42.5  11.05 0.25    2
V574 Pup  2453373.5      43.5  10.84 0.02   13
V574 Pup  2453375.5      45.5  10.80 0.11    2
V574 Pup  2453376.5      46.5  10.80 0.11    2
V574 Pup  2453377.5      47.5  10.65 0.08    4
V574 Pup  2453378.5      48.5  10.53 0.08    4
V574 Pup  2453379.5      49.5  10.81 0.02   22
V574 Pup  2453381.       51.   10.74 0.03   24
V574 Pup  2453383.       53.   10.72 0.02   66
V574 Pup  2453385.       55.   10.80 0.02   48
V574 Pup  2453387.       57.   10.82 0.04   17
V574 Pup  2453389.       59.   11.10 0.04   12
V574 Pup  2453391.       61.   11.10 0.02   41
V574 Pup  2453393.       63.   11.10 0.02   10
V574 Pup  2453395.       65.   11.20 0.15    1
V574 Pup  2453397.       67.   11.16 0.07    5
V574 Pup  2453399.       69.   11.30 0.02   31
V574 Pup  2453401.       71.   11.35 0.18    2
V574 Pup  2453403.       73.   11.17 0.04   14
V574 Pup  2453405.       75.   11.39 0.02   43
V574 Pup  2453407.       77.   11.30 0.02   36
V574 Pup  2453409.       79.   11.29 0.02   56
V574 Pup  2453411.       81.   11.65 0.11    2
V574 Pup  2453413.       83.   11.54 0.03   52
V574 Pup  2453415.       85.   11.63 0.02   44
V574 Pup  2453417.       87.   11.57 0.02   75
V574 Pup  2453419.       89.   11.57 0.03   14
V574 Pup  2453421.       91.   11.62 0.02   52
V574 Pup  2453423.       93.   11.71 0.02   42
V574 Pup  2453427.       97.   11.83 0.02   40
V574 Pup  2453429.       99.   11.86 0.02   51
V574 Pup  2453431.      101.   11.94 0.02   65
V574 Pup  2453433.      103.   11.88 0.02   41
V574 Pup  2453435.      105.   11.89 0.02   45
V574 Pup  2453437.      107.   12.20 0.11    2
V574 Pup  2453439.      109.   12.00 0.21    2
V574 Pup  2453441.      111.   12.00 0.08    5
V574 Pup  2453443.      113.   12.19 0.02   22
V574 Pup  2453445.      115.   12.15 0.11    2
V574 Pup  2453447.      117.   11.90 0.11    2
V574 Pup  2453449.      119.   12.20 0.11    2
V574 Pup  2453452.      122.   12.30 0.15    1
V574 Pup  2453456.      126.   12.00 0.02   10
V574 Pup  2453460.      130.   11.84 0.08    5
V574 Pup  2453464.      134.   12.31 0.02   61
V574 Pup  2453468.      138.   12.47 0.02   21
V574 Pup  2453472.      142.   12.51 0.02   23
V574 Pup  2453476.      146.   12.50 0.02   43
V574 Pup  2453480.      150.   12.22 0.02   40
V574 Pup  2453484.      154.   12.26 0.02   20
V574 Pup  2453488.      158.   12.23 0.02   53
V574 Pup  2453492.      162.   12.43 0.11    4
V574 Pup  2453496.      166.   12.20 0.14    2
V574 Pup  2453500.      170.   12.55 0.08    4
V574 Pup  2453506.      176.   12.19 0.11   10
V574 Pup  2453514.      184.   12.37 0.26    3
V574 Pup  2453522.      192.   12.73 0.10    7
V574 Pup  2453530.      200.   12.70 0.09    3
V574 Pup  2453602.      272.   13.30 0.15    1
V574 Pup  2453642.      312.   13.20 0.15    1
V574 Pup  2453682.      352.   13.60 0.15    1
V574 Pup  2453746.      416.   13.00 0.15    1
V574 Pup  2453754.      424.   13.00 0.11    2
V574 Pup  2453762.      432.   13.00 0.09    3
T Pyx     2439467.25      0.25 12.80 0.11    2
T Pyx     2439468.75      1.75  9.22 0.06    6
T Pyx     2439469.25      2.25  9.07 0.11    3
T Pyx     2439470.25      3.25  8.50 0.15    1
T Pyx     2439470.75      3.75  8.20 0.15    1
T Pyx     2439472.25      5.25  8.50 0.11    2
T Pyx     2439472.75      5.75  7.70 0.15    1
T Pyx     2439473.75      6.75  7.90 0.15    1
T Pyx     2439474.25      7.25  7.85 0.11    2
T Pyx     2439474.75      7.75  7.70 0.15    1
T Pyx     2439477.       10.    7.79 0.05    9
T Pyx     2439481.       14.    7.86 0.07   10
T Pyx     2439485.       18.    7.85 0.03   14
T Pyx     2439489.       22.    7.64 0.10    9
T Pyx     2439493.       26.    7.56 0.10   17
T Pyx     2439497.       30.    7.23 0.14   15
T Pyx     2439501.       34.    6.77 0.09   20
T Pyx     2439505.       38.    7.18 0.12   25
T Pyx     2439509.       42.    7.59 0.10   13
T Pyx     2439513.       46.    7.41 0.07   14
T Pyx     2439517.       50.    7.69 0.08    9
T Pyx     2439521.       54.    7.73 0.04   17
T Pyx     2439525.       58.    7.77 0.06   16
T Pyx     2439529.       62.    7.91 0.07   20
T Pyx     2439533.       66.    8.27 0.04   22
T Pyx     2439537.       70.    8.62 0.04   21
T Pyx     2439541.       74.    8.59 0.07   19
T Pyx     2439545.       78.    8.75 0.07   17
T Pyx     2439549.       82.    8.84 0.07   16
T Pyx     2439553.       86.    8.82 0.04   18
T Pyx     2439557.       90.    8.89 0.12    8
T Pyx     2439561.       94.    8.86 0.07   21
T Pyx     2439565.       98.    9.07 0.08   19
T Pyx     2439569.      102.    9.05 0.10   11
T Pyx     2439573.      106.    9.32 0.12   13
T Pyx     2439577.      110.    9.47 0.07   13
T Pyx     2439581.      114.    9.64 0.06   12
T Pyx     2439585.      118.    9.66 0.10   11
T Pyx     2439589.      122.    9.67 0.16    7
T Pyx     2439593.      126.   10.09 0.10    8
T Pyx     2439597.      130.   10.47 0.08   14
T Pyx     2439601.      134.   10.67 0.13    6
T Pyx     2439605.      138.   11.49 0.15   10
T Pyx     2439609.      142.   11.74 0.10    7
T Pyx     2439613.      146.   11.86 0.06    9
T Pyx     2439617.      150.   11.60 0.27    5
T Pyx     2439621.      154.   11.98 0.06    6
T Pyx     2439627.      160.   11.98 0.09   12
T Pyx     2439635.      168.   12.11 0.06    7
T Pyx     2439643.      176.   12.24 0.03   13
T Pyx     2439651.      184.   12.30 0.06    7
T Pyx     2439659.      192.   12.30 0.05    8
T Pyx     2439667.      200.   12.26 0.06    7
T Pyx     2439675.      208.   12.32 0.05   10
T Pyx     2439683.      216.   12.54 0.15    9
T Pyx     2439691.      224.   12.40 0.11    2
T Pyx     2439699.      232.   12.50 0.15    1
T Pyx     2439707.      240.   13.03 0.09    3
T Pyx     2439715.      248.   13.30 0.11    2
T Pyx     2439731.      264.   13.10 0.11    2
T Pyx     2439739.      272.   13.40 0.15    1
T Pyx     2439747.      280.   13.80 0.11    2
T Pyx     2439763.      296.   14.20 0.15    1
T Pyx     2439771.      304.   13.70 0.15    1
T Pyx     2439779.      312.   13.70 0.29    3
T Pyx     2439795.      328.   13.90 0.11    2
T Pyx     2439803.      336.   13.60 0.11    2
T Pyx     2439811.      344.   13.60 0.15    1
T Pyx     2439819.      352.   13.60 0.15    1
T Pyx     2439827.      360.   13.60 0.15    1
T Pyx     2439835.      368.   13.60 0.15    1
T Pyx     2439859.      392.   13.60 0.15    1
T Pyx     2439875.      408.   14.30 0.15    1
T Pyx     2439891.      424.   13.60 0.15    1
T Pyx     2439899.      432.   13.60 0.15    1
T Pyx     2439915.      448.   13.90 0.14    2
T Pyx     2439999.      532.   14.20 0.15    1
T Pyx     2440079.      612.   14.00 0.15    1
T Pyx     2440191.      724.   14.10 0.15    1
HS Sge    2443151.25      0.25  7.20 0.15    1
HS Sge    2443153.25      2.25  7.60 0.15    1
HS Sge    2443154.65      3.65  7.80 0.15    1
HS Sge    2443155.35      4.35  8.20 0.15    1
HS Sge    2443155.55      4.55  8.10 0.11    2
HS Sge    2443155.65      4.65  8.00 0.15    1
HS Sge    2443156.55      5.55  8.48 0.08    4
HS Sge    2443156.65      5.65  8.20 0.15    1
HS Sge    2443157.45      6.45  7.97 0.18    3
HS Sge    2443157.55      6.55  8.60 0.15    1
HS Sge    2443158.55      7.55  8.70 0.14    2
HS Sge    2443159.55      8.55  8.70 0.14    2
HS Sge    2443159.65      8.65  9.00 0.35    2
HS Sge    2443160.5       9.50  8.87 0.13    6
HS Sge    2443161.5      10.50  8.48 0.17    4
HS Sge    2443162.5      11.50  8.80 0.09    3
HS Sge    2443163.5      12.50  8.77 0.10    3
HS Sge    2443164.5      13.50  8.90 0.15    1
HS Sge    2443165.5      14.50  9.13 0.09    4
HS Sge    2443166.5      15.50  9.10 0.15    1
HS Sge    2443167.5      16.50  9.65 0.11    2
HS Sge    2443168.5      17.50  9.20 0.09    3
HS Sge    2443169.5      18.50  9.33 0.31    3
HS Sge    2443170.5      19.50  9.90 0.15    1
HS Sge    2443171.5      20.50  9.20 0.08    4
HS Sge    2443172.5      21.50  9.60 0.15    1
HS Sge    2443173.5      22.50 10.54 0.12    5
HS Sge    2443174.5      23.50 10.63 0.13    7
HS Sge    2443175.5      24.50 10.63 0.08    4
HS Sge    2443176.5      25.50 10.68 0.11    4
HS Sge    2443177.5      26.50 10.50 0.17    3
HS Sge    2443178.5      27.50 10.70 0.21    3
HS Sge    2443179.5      28.50 10.45 0.11    2
HS Sge    2443180.5      29.50 10.60 0.14    2
HS Sge    2443181.5      30.50 10.53 0.11    3
HS Sge    2443182.5      31.50 10.43 0.13    4
HS Sge    2443183.5      32.50  9.70 0.14    2
HS Sge    2443184.5      33.50 10.05 0.11    2
HS Sge    2443185.5      34.50 10.44 0.14    5
HS Sge    2443186.5      35.50 10.40 0.11    4
HS Sge    2443187.5      36.50 10.55 0.32    2
HS Sge    2443188.5      37.50 10.52 0.07    5
HS Sge    2443189.5      38.50 10.87 0.10    3
HS Sge    2443190.5      39.50 10.62 0.07    5
HS Sge    2443191.5      40.50 10.58 0.12    4
HS Sge    2443192.5      41.50 10.80 0.17    3
HS Sge    2443193.5      42.50 10.68 0.10    4
HS Sge    2443194.5      43.50 11.18 0.08    4
HS Sge    2443195.5      44.50 11.00 0.15    1
HS Sge    2443196.5      45.50 11.20 0.11    2
HS Sge    2443197.5      46.50 11.43 0.10    3
HS Sge    2443198.5      47.50 11.45 0.11    2
HS Sge    2443199.5      48.50 11.65 0.11    2
HS Sge    2443200.5      49.50 11.48 0.08    4
HS Sge    2443201.5      50.50 11.37 0.08    6
HS Sge    2443202.5      51.50 11.34 0.07    5
HS Sge    2443203.5      52.50 11.56 0.07    5
HS Sge    2443204.5      53.50 11.45 0.18    2
HS Sge    2443205.5      54.50 11.60 0.11    2
HS Sge    2443206.5      55.50 11.65 0.11    2
HS Sge    2443207.5      56.50 11.55 0.25    2
HS Sge    2443208.5      57.50 11.05 0.11    2
HS Sge    2443210.5      59.50 10.40 0.15    1
HS Sge    2443211.5      60.50 10.70 0.15    1
HS Sge    2443212.5      61.50 10.50 0.15    1
HS Sge    2443213.5      62.50 11.20 0.40    3
HS Sge    2443214.5      63.50 10.57 0.09    3
HS Sge    2443215.5      64.50 10.90 0.37    3
HS Sge    2443216.5      65.50 11.28 0.08    4
HS Sge    2443217.5      66.50 11.35 0.13    4
HS Sge    2443218.5      67.50 11.53 0.20    3
HS Sge    2443219.5      68.50 11.45 0.11    2
HS Sge    2443220.5      69.50 11.43 0.12    3
HS Sge    2443221.5      70.50 11.60 0.28    2
HS Sge    2443222.5      71.50 11.48 0.08    4
HS Sge    2443223.5      72.50 11.20 0.15    1
HS Sge    2443224.5      73.50 11.30 0.11    2
HS Sge    2443225.5      74.50 11.40 0.15    1
HS Sge    2443226.5      75.50 11.20 0.09    3
HS Sge    2443227.5      76.50 11.40 0.11    6
HS Sge    2443228.5      77.50 11.38 0.08    4
HS Sge    2443229.5      78.50 11.50 0.08    4
HS Sge    2443230.5      79.50 11.57 0.09    3
HS Sge    2443231.5      80.50 11.80 0.08    4
HS Sge    2443232.5      81.50 11.75 0.08    4
HS Sge    2443233.5      82.50 11.76 0.07    5
HS Sge    2443234.5      83.50 11.70 0.15    1
HS Sge    2443235.5      84.50 12.00 0.11    2
HS Sge    2443236.5      85.50 11.75 0.11    2
HS Sge    2443237.5      86.50 11.95 0.11    2
HS Sge    2443238.5      87.50 11.80 0.10    3
HS Sge    2443239.5      88.50 11.85 0.11    2
HS Sge    2443240.5      89.50 11.90 0.15    1
HS Sge    2443241.5      90.50 11.90 0.15    1
HS Sge    2443242.5      91.50 11.87 0.09    3
HS Sge    2443243.5      92.50 11.85 0.05    8
HS Sge    2443244.5      93.50 11.87 0.09    3
HS Sge    2443245.5      94.50 11.80 0.09    3
HS Sge    2443246.5      95.50 11.44 0.08    7
HS Sge    2443247.5      96.50 11.40 0.08    4
HS Sge    2443248.5      97.50 11.56 0.09    5
HS Sge    2443249.5      98.50 11.67 0.07    9
HS Sge    2443251.      100.   11.42 0.05   14
HS Sge    2443253.      102.   11.29 0.06   10
HS Sge    2443255.      104.   11.35 0.08    4
HS Sge    2443257.      106.   11.51 0.05    9
HS Sge    2443259.      108.   11.60 0.08    6
HS Sge    2443261.      110.   11.55 0.03   11
HS Sge    2443263.      112.   11.57 0.03   12
HS Sge    2443265.      114.   11.80 0.09    4
HS Sge    2443267.      116.   11.60 0.15    1
HS Sge    2443269.      118.   11.90 0.15    1
HS Sge    2443271.      120.   12.07 0.09    3
HS Sge    2443273.      122.   11.93 0.06    6
HS Sge    2443275.      124.   12.06 0.09    8
HS Sge    2443277.      126.   12.00 0.13    5
HS Sge    2443279.      128.   11.90 0.06    7
HS Sge    2443281.      130.   11.88 0.09    6
HS Sge    2443283.      132.   11.86 0.05    9
HS Sge    2443285.      134.   11.76 0.07   14
HS Sge    2443287.      136.   11.62 0.08   17
HS Sge    2443289.      138.   11.44 0.05   14
HS Sge    2443291.      140.   11.54 0.04   27
HS Sge    2443293.      142.   11.56 0.03   10
HS Sge    2443295.      144.   11.57 0.04   12
HS Sge    2443297.      146.   11.70 0.09    3
HS Sge    2443299.      148.   11.73 0.08    4
HS Sge    2443301.      150.   11.74 0.09    7
HS Sge    2443303.      152.   11.70 0.06   10
HS Sge    2443305.      154.   11.84 0.06   12
HS Sge    2443307.      156.   11.83 0.05    8
HS Sge    2443309.      158.   11.94 0.07    5
HS Sge    2443311.      160.   12.19 0.10    8
HS Sge    2443313.      162.   11.90 0.09    3
HS Sge    2443315.      164.   11.90 0.05    8
HS Sge    2443317.      166.   11.89 0.05    8
HS Sge    2443319.      168.   11.72 0.07    9
HS Sge    2443321.      170.   11.97 0.04   10
HS Sge    2443323.      172.   12.10 0.16    3
HS Sge    2443325.      174.   11.80 0.11    2
HS Sge    2443327.      176.   11.93 0.07    6
HS Sge    2443329.      178.   11.93 0.09    3
HS Sge    2443331.      180.   12.00 0.05    8
HS Sge    2443333.      182.   12.08 0.09    8
HS Sge    2443335.      184.   12.01 0.04   18
HS Sge    2443337.      186.   12.01 0.05   11
HS Sge    2443339.      188.   12.04 0.03   14
HS Sge    2443341.      190.   12.21 0.10   17
HS Sge    2443343.      192.   11.86 0.05    9
HS Sge    2443345.      194.   11.92 0.09   13
HS Sge    2443347.      196.   11.87 0.05   21
HS Sge    2443349.      198.   11.90 0.07    5
HS Sge    2443351.      200.   12.05 0.06   11
HS Sge    2443353.      202.   12.00 0.11    2
HS Sge    2443357.      206.   11.88 0.10    8
HS Sge    2443359.      208.   11.96 0.05    8
HS Sge    2443361.      210.   12.08 0.06   19
HS Sge    2443363.      212.   12.03 0.06    6
HS Sge    2443365.      214.   12.14 0.07   12
HS Sge    2443367.      216.   12.06 0.07    5
HS Sge    2443369.      218.   12.04 0.07    5
HS Sge    2443371.      220.   12.10 0.05    9
HS Sge    2443373.      222.   12.00 0.06    7
HS Sge    2443375.      224.   12.14 0.09   11
HS Sge    2443377.      226.   12.07 0.08   10
HS Sge    2443379.      228.   11.96 0.07   11
HS Sge    2443381.      230.   12.07 0.07   10
HS Sge    2443383.      232.   12.23 0.08    4
HS Sge    2443385.      234.   12.02 0.07    6
HS Sge    2443387.      236.   12.20 0.08    7
HS Sge    2443389.      238.   12.33 0.09    8
HS Sge    2443391.      240.   12.18 0.05   15
HS Sge    2443393.      242.   12.08 0.06   12
HS Sge    2443395.      244.   12.00 0.06    6
HS Sge    2443397.      246.   12.08 0.06   21
HS Sge    2443399.      248.   12.18 0.08   14
HS Sge    2443402.      251.   12.07 0.06   20
HS Sge    2443406.      255.   12.11 0.07   11
HS Sge    2443410.      259.   12.03 0.09    4
HS Sge    2443414.      263.   12.09 0.05    8
HS Sge    2443418.      267.   12.09 0.05   12
HS Sge    2443422.      271.   12.07 0.03   18
HS Sge    2443426.      275.   12.13 0.05   14
HS Sge    2443430.      279.   12.20 0.05   13
HS Sge    2443434.      283.   12.24 0.07    9
HS Sge    2443438.      287.   12.16 0.05    9
HS Sge    2443442.      291.   12.06 0.07    5
HS Sge    2443446.      295.   12.19 0.06    9
HS Sge    2443450.      299.   12.27 0.09    7
HS Sge    2443454.      303.   12.37 0.07    6
HS Sge    2443458.      307.   12.46 0.08   10
HS Sge    2443462.      311.   12.34 0.12    5
HS Sge    2443466.      315.   12.22 0.06    6
HS Sge    2443470.      319.   12.50 0.14    2
HS Sge    2443474.      323.   12.80 0.15    1
HS Sge    2443478.      327.   12.55 0.10    4
HS Sge    2443482.      331.   12.27 0.09    3
HS Sge    2443486.      335.   12.48 0.09    4
HS Sge    2443490.      339.   12.60 0.15    1
HS Sge    2443494.      343.   12.30 0.14    2
HS Sge    2443506.      355.   12.40 0.15    1
HS Sge    2443530.      379.   12.40 0.15    1
HS Sge    2443566.      415.   12.30 0.15    1
HS Sge    2443582.      431.   12.50 0.15    1
HS Sge    2443586.      435.   12.40 0.15    1
HS Sge    2443598.      447.   12.50 0.15    1
HS Sge    2443608.      457.   12.82 0.17    5
HS Sge    2443624.      473.   12.88 0.17    4
HS Sge    2443640.      489.   12.74 0.13    5
HS Sge    2443656.      505.   13.00 0.13    4
HS Sge    2443672.      521.   12.90 0.17    7
HS Sge    2443688.      537.   12.94 0.13   12
HS Sge    2443704.      553.   13.32 0.23    5
HS Sge    2443720.      569.   13.31 0.15    8
HS Sge    2443736.      585.   14.00 0.12    9
HS Sge    2443752.      601.   14.37 0.16    9
HS Sge    2443768.      617.   14.12 0.08    9
HS Sge    2443784.      633.   14.22 0.06   19
HS Sge    2443800.      649.   14.25 0.53    2
HS Sge    2443816.      665.   14.60 0.15    1
HS Sge    2443832.      681.   14.40 0.15    1
HS Sge    2443848.      697.   14.40 0.49    2
HS Sge    2444128.      977.   15.40 0.15    1
V732 Sgr  2428276.        1.    6.50 0.15    1
V732 Sgr  2428278.        3.    6.50 0.15    1
V732 Sgr  2428286.       11.    6.40 0.15    1
V732 Sgr  2428308.       33.    7.00 0.15    1
V732 Sgr  2428314.       39.    6.60 0.15    1
V732 Sgr  2428316.       41.    7.20 0.15    1
V732 Sgr  2428330.       55.    7.30 0.15    1
V732 Sgr  2428334.       59.    7.10 0.15    1
V732 Sgr  2428336.       61.    7.80 0.15    1
V732 Sgr  2428348.       73.    8.00 0.15    1
V732 Sgr  2428358.       83.   10.70 0.15    1
V732 Sgr  2428364.       89.   13.10 0.11    2
V732 Sgr  2428366.       91.   12.00 0.15    1
V732 Sgr  2428372.       97.   13.60 0.15    1
V732 Sgr  2428386.      111.   15.00 0.15    1
V732 Sgr  2428388.      113.   13.10 0.15    1
V732 Sgr  2428392.      117.   14.40 0.15    1
V732 Sgr  2428394.      119.   14.40 0.15    1
V732 Sgr  2428418.      143.   14.40 0.15    1
V732 Sgr  2428430.      155.   13.60 0.15    1
V732 Sgr  2428432.      157.   13.60 0.15    1
V732 Sgr  2428444.      169.   13.10 0.15    1
V732 Sgr  2428456.      181.   11.80 0.15    1
V732 Sgr  2428458.      183.   12.00 0.15    1
V732 Sgr  2428607.      332.   11.80 0.15    1
V732 Sgr  2428639.      364.   12.25 0.18    2
V732 Sgr  2428671.      396.   12.35 0.11    2
V732 Sgr  2428687.      412.   11.80 0.15    1
V732 Sgr  2428703.      428.   12.13 0.33    3
V732 Sgr  2428719.      444.   12.50 0.17    5
V732 Sgr  2428751.      476.   12.50 0.11    4
V732 Sgr  2428767.      492.   12.43 0.19    3
V732 Sgr  2428783.      508.   12.90 0.09    3
V732 Sgr  2428799.      524.   13.10 0.15    1
V732 Sgr  2428983.      708.   13.75 0.46    2
V732 Sgr  2429015.      740.   13.35 0.18    2
V732 Sgr  2429047.      772.   13.60 0.23    5
V732 Sgr  2429079.      804.   14.40 0.09    3
V732 Sgr  2429111.      836.   13.66 0.19    5
V732 Sgr  2429143.      868.   13.72 0.26    5
V732 Sgr  2429175.      900.   14.13 0.22    3
V732 Sgr  2429271.      996.   14.40 0.15    1
V732 Sgr  2429335.     1060.   14.70 0.21    2
V732 Sgr  2429367.     1092.   14.60 0.16    3
V732 Sgr  2429431.     1156.   14.35 0.25    4
V3890 Sgr 2448008.75      0.75  8.10 0.15    1
V3890 Sgr 2448009.25      1.25  8.05 0.11    2
V3890 Sgr 2448010.5       2.5   8.60 0.28    2
V3890 Sgr 2448011.5       3.5   8.73 0.19    3
V3890 Sgr 2448012.5       4.5   9.00 0.15    1
V3890 Sgr 2448013.5       5.5   9.67 0.11    3
V3890 Sgr 2448014.5       6.5  10.10 0.15    1
V3890 Sgr 2448015.5       7.5  10.13 0.10    4
V3890 Sgr 2448016.5       8.5  10.30 0.09    3
V3890 Sgr 2448017.5       9.5  10.60 0.15    1
V3890 Sgr 2448018.5      10.5  10.40 0.15    1
V3890 Sgr 2448019.5      11.5  11.10 0.15    1
V3890 Sgr 2448027.5      19.5  12.05 0.25    2
V3890 Sgr 2448028.5      20.5  11.90 0.15    1
V3890 Sgr 2448029.5      21.5  12.10 0.15    1
V3890 Sgr 2448031.       23.   12.83 0.12    4
V3890 Sgr 2448033.       25.   13.10 0.12    5
V3890 Sgr 2448035.       27.   13.70 0.11    2
V3890 Sgr 2448037.       29.   13.30 0.11    2
V3890 Sgr 2448039.       31.   13.20 0.14    2
V3890 Sgr 2448068.       60.   14.50 0.15    1
V4021 Sgr 2443230.25      0.25  9.30 0.15    1
V4021 Sgr 2443232.75      2.75  9.20 0.15    1
V4021 Sgr 2443233.75      3.75  8.90 0.15    1
V4021 Sgr 2443234.75      4.75  9.20 0.15    1
V4021 Sgr 2443235.75      5.75  9.10 0.15    1
V4021 Sgr 2443236.75      6.75  9.05 0.11    2
V4021 Sgr 2443238.75      8.75  9.25 0.11    2
V4021 Sgr 2443239.25      9.25  9.10 0.15    1
V4021 Sgr 2443239.75      9.75  9.10 0.15    1
V4021 Sgr 2443240.5      10.5   9.02 0.07    5
V4021 Sgr 2443241.5      11.5   9.16 0.07    5
V4021 Sgr 2443242.5      12.5   9.20 0.15    1
V4021 Sgr 2443243.5      13.5   9.50 0.09    3
V4021 Sgr 2443244.5      14.5   9.27 0.09    3
V4021 Sgr 2443245.5      15.5   9.43 0.10    7
V4021 Sgr 2443246.5      16.5   9.42 0.10    6
V4021 Sgr 2443247.5      17.5   9.26 0.12    5
V4021 Sgr 2443248.5      18.5   9.40 0.17    3
V4021 Sgr 2443249.5      19.5   9.45 0.09   11
V4021 Sgr 2443250.5      20.5   9.48 0.15    5
V4021 Sgr 2443251.5      21.5   9.40 0.11    4
V4021 Sgr 2443252.5      22.5   9.57 0.11    3
V4021 Sgr 2443253.5      23.5   9.73 0.14    3
V4021 Sgr 2443254.5      24.5  10.10 0.11    2
V4021 Sgr 2443255.5      25.5   9.85 0.18    2
V4021 Sgr 2443256.5      26.5   9.60 0.15    1
V4021 Sgr 2443257.5      27.5   9.77 0.21    3
V4021 Sgr 2443258.5      28.5   9.95 0.11    2
V4021 Sgr 2443259.5      29.5  10.03 0.26    3
V4021 Sgr 2443260.5      30.5   9.65 0.11    2
V4021 Sgr 2443261.5      31.5   9.75 0.11    2
V4021 Sgr 2443262.5      32.5   9.88 0.07    5
V4021 Sgr 2443263.5      33.5   9.90 0.15    1
V4021 Sgr 2443265.5      35.5  10.10 0.15    1
V4021 Sgr 2443266.5      36.5  10.00 0.11    2
V4021 Sgr 2443271.5      41.5  10.60 0.14    2
V4021 Sgr 2443273.5      43.5  10.05 0.11    2
V4021 Sgr 2443274.5      44.5  10.10 0.11    2
V4021 Sgr 2443275.5      45.5  10.40 0.11    2
V4021 Sgr 2443276.5      46.5  10.60 0.11    2
V4021 Sgr 2443277.5      47.5  10.53 0.14    3
V4021 Sgr 2443278.5      48.5  10.55 0.11    2
V4021 Sgr 2443279.5      49.5  10.50 0.07    5
V4021 Sgr 2443280.5      50.5  10.30 0.15    1
V4021 Sgr 2443282.5      52.5  10.85 0.11    2
V4021 Sgr 2443283.5      53.5  10.87 0.09    3
V4021 Sgr 2443284.5      54.5  11.16 0.07    5
V4021 Sgr 2443285.5      55.5  11.05 0.08    4
V4021 Sgr 2443286.5      56.5  10.80 0.09    3
V4021 Sgr 2443287.5      57.5  10.83 0.09    3
V4021 Sgr 2443289.5      59.5  10.77 0.09    3
V4021 Sgr 2443290.5      60.5  11.07 0.09    3
V4021 Sgr 2443291.5      61.5  11.19 0.09   10
V4021 Sgr 2443292.5      62.5  11.05 0.06    6
V4021 Sgr 2443293.5      63.5  11.13 0.09    3
V4021 Sgr 2443294.5      64.5  11.40 0.11    2
V4021 Sgr 2443295.5      65.5  11.00 0.15    1
V4021 Sgr 2443302.       72.   11.60 0.13    8
V4021 Sgr 2443306.       76.   11.41 0.03   11
V4021 Sgr 2443310.       80.   11.27 0.05   12
V4021 Sgr 2443314.       84.   11.33 0.04   11
V4021 Sgr 2443318.       88.   11.33 0.05    9
V4021 Sgr 2443322.       92.   11.52 0.07    5
V4021 Sgr 2443326.       96.   11.40 0.12    3
V4021 Sgr 2443330.      100.   11.22 0.05   11
V4021 Sgr 2443334.      104.   11.38 0.04   16
V4021 Sgr 2443338.      108.   11.41 0.05   17
V4021 Sgr 2443342.      112.   11.25 0.07   15
V4021 Sgr 2443346.      116.   11.31 0.07   15
V4021 Sgr 2443350.      120.   11.42 0.02   12
V4021 Sgr 2443358.      128.   11.36 0.12    7
V4021 Sgr 2443362.      132.   11.32 0.06    6
V4021 Sgr 2443366.      136.   11.32 0.06    6
V4021 Sgr 2443370.      140.   11.51 0.05    9
V4021 Sgr 2443374.      144.   11.51 0.05   11
V4021 Sgr 2443378.      148.   11.40 0.06    6
V4021 Sgr 2443384.      154.   11.76 0.09    8
V4021 Sgr 2443392.      162.   11.82 0.08   15
V4021 Sgr 2443400.      170.   11.58 0.05   17
V4021 Sgr 2443408.      178.   11.80 0.09    3
V4021 Sgr 2443416.      186.   11.72 0.10    6
V4021 Sgr 2443424.      194.   11.69 0.06   15
V4021 Sgr 2443432.      202.   12.04 0.08    7
V4021 Sgr 2443440.      210.   11.53 0.11    3
V4021 Sgr 2443448.      218.   11.69 0.12    7
V4021 Sgr 2443464.      234.   12.20 0.15    1
V4021 Sgr 2443548.      318.   12.40 0.15    1
V4021 Sgr 2443580.      350.   12.47 0.09    3
V4021 Sgr 2443612.      382.   12.90 0.18    4
V4021 Sgr 2443644.      414.   13.04 0.11    5
V4021 Sgr 2443676.      446.   13.33 0.10    4
V4021 Sgr 2443708.      478.   13.05 0.26    4
V4021 Sgr 2443740.      510.   13.73 0.08    4
V4021 Sgr 2443772.      542.   13.88 0.08    4
V4021 Sgr 2444460.     1230.   15.50 0.09    3
V4160 Sgr 2448458.75      0.75  8.50 0.15    1
V4160 Sgr 2448466.75      8.75  8.50 0.15    1
V4160 Sgr 2448467.25      9.25  7.00 0.15    1
V4160 Sgr 2448467.75      9.75  8.05 0.08    6
V4160 Sgr 2448468.25     10.25  8.17 0.40    3
V4160 Sgr 2448468.75     10.75  8.88 0.22    4
V4160 Sgr 2448469.25     11.25  9.57 0.18    3
V4160 Sgr 2448469.75     11.75  9.33 0.13    6
V4160 Sgr 2448470.5      12.5  10.03 0.13   11
V4160 Sgr 2448471.5      13.5  10.30 0.10   11
V4160 Sgr 2448472.5      14.5  10.48 0.28    4
V4160 Sgr 2448473.5      15.5  10.80 0.12    5
V4160 Sgr 2448474.5      16.5  11.08 0.12    6
V4160 Sgr 2448475.5      17.5  11.23 0.11    8
V4160 Sgr 2448476.5      18.5  11.17 0.09    3
V4160 Sgr 2448477.5      19.5  11.44 0.19    7
V4160 Sgr 2448478.5      20.5  11.90 0.17    3
V4160 Sgr 2448479.5      21.5  11.85 0.14    8
V4160 Sgr 2448481.       23.   12.11 0.11   14
V4160 Sgr 2448483.       25.   12.26 0.17    8
V4160 Sgr 2448485.       27.   12.23 0.28    4
V4160 Sgr 2448487.       29.   12.43 0.09    3
V4160 Sgr 2448489.       31.   12.50 0.15    1
V4160 Sgr 2448495.       37.   13.20 0.15    1
V4160 Sgr 2448497.       39.   13.30 0.15    1
V4160 Sgr 2448502.       44.   13.70 0.15    1
V4160 Sgr 2448506.       48.   14.30 0.11    2
V4160 Sgr 2448514.       56.   13.50 0.15    1
V4160 Sgr 2448530.       72.   14.00 0.15    1
V4160 Sgr 2448776.      318.   14.30 0.15    1
V4169 Sgr 2448807.75      0.75  8.00 0.15    1
V4169 Sgr 2448812.75      5.75  8.50 0.15    1
V4169 Sgr 2448813.75      6.75  7.90 0.11    2
V4169 Sgr 2448814.75      7.75  8.00 0.15    1
V4169 Sgr 2448815.5       8.5   8.20 0.11    2
V4169 Sgr 2448816.5       9.5   8.37 0.17    3
V4169 Sgr 2448817.5      10.5   8.15 0.11    2
V4169 Sgr 2448818.5      11.5   8.50 0.10    9
V4169 Sgr 2448819.5      12.5   8.47 0.06    7
V4169 Sgr 2448820.5      13.5   8.46 0.05   12
V4169 Sgr 2448821.5      14.5   8.74 0.05   14
V4169 Sgr 2448822.5      15.5   8.78 0.05    8
V4169 Sgr 2448823.5      16.5   8.77 0.06   13
V4169 Sgr 2448824.5      17.5   8.88 0.08    9
V4169 Sgr 2448825.5      18.5   9.05 0.05   10
V4169 Sgr 2448826.5      19.5   9.17 0.10   12
V4169 Sgr 2448827.5      20.5   9.21 0.07    9
V4169 Sgr 2448828.5      21.5   9.28 0.11    8
V4169 Sgr 2448829.5      22.5   9.63 0.06    8
V4169 Sgr 2448830.5      23.5   9.52 0.10   11
V4169 Sgr 2448831.5      24.5   9.35 0.08   11
V4169 Sgr 2448832.5      25.5   9.43 0.08   11
V4169 Sgr 2448833.5      26.5   9.60 0.07   12
V4169 Sgr 2448834.5      27.5   9.73 0.12    6
V4169 Sgr 2448836.       29.    9.73 0.09   15
V4169 Sgr 2448838.       31.    9.71 0.06   18
V4169 Sgr 2448840.       33.   10.03 0.08   18
V4169 Sgr 2448842.       35.   10.32 0.16    6
V4169 Sgr 2448844.       37.   10.57 0.11    3
V4169 Sgr 2448846.       39.   10.50 0.15    1
V4169 Sgr 2448848.       41.   10.90 0.08    4
V4169 Sgr 2448850.       43.   10.84 0.06   10
V4169 Sgr 2448852.       45.   11.09 0.06   12
V4169 Sgr 2448854.       47.   11.00 0.09    9
V4169 Sgr 2448856.       49.   11.13 0.08   15
V4169 Sgr 2448858.       51.   11.04 0.09   14
V4169 Sgr 2448860.       53.   11.02 0.09   13
V4169 Sgr 2448863.       56.   11.01 0.07   18
V4169 Sgr 2448867.       60.   11.00 0.05    9
V4169 Sgr 2448871.       64.   11.35 0.08    4
V4169 Sgr 2448875.       68.   11.55 0.08    4
V4169 Sgr 2448879.       72.   11.47 0.06    7
V4169 Sgr 2448883.       76.   11.62 0.07    5
V4169 Sgr 2448887.       80.   11.76 0.08    9
V4169 Sgr 2448891.       84.   11.71 0.06   13
V4169 Sgr 2448895.       88.   11.83 0.07    7
V4169 Sgr 2448899.       92.   12.25 0.18    2
V4169 Sgr 2448905.       98.   12.40 0.09    4
V4169 Sgr 2448913.      106.   12.43 0.07   11
V4169 Sgr 2448921.      114.   12.43 0.08   10
V4169 Sgr 2448929.      122.   13.18 0.12    4
V4169 Sgr 2448937.      130.   12.87 0.28    3
V4169 Sgr 2448945.      138.   13.50 0.15    1
V4169 Sgr 2449125.      318.   13.80 0.15    1
V4169 Sgr 2449157.      350.   13.80 0.15    1
V4169 Sgr 2449189.      382.   13.80 0.15    1
V4169 Sgr 2449253.      446.   15.50 0.15    1
V4169 Sgr 2449541.      734.   15.30 0.15    1
V4169 Sgr 2449637.      830.   15.00 0.15    1
V4169 Sgr 2449925.     1118.   14.50 0.15    1
V4444 Sgr 2451294.25      0.25  8.60 0.15    1
V4444 Sgr 2451295.25      1.25  7.60 0.15    1
V4444 Sgr 2451295.75      1.75  7.98 0.19    3
V4444 Sgr 2451296.25      2.25  7.70 0.11    2
V4444 Sgr 2451296.75      2.75  8.15 0.06   14
V4444 Sgr 2451297.25      3.25  8.80 0.09    3
V4444 Sgr 2451297.75      3.75  8.91 0.02   16
V4444 Sgr 2451298.25      4.25  8.92 0.07    5
V4444 Sgr 2451298.75      4.75  9.30 0.14    3
V4444 Sgr 2451299.25      5.25  9.12 0.07    5
V4444 Sgr 2451299.75      5.75  9.37 0.09    3
V4444 Sgr 2451300.5       6.5   9.68 0.05   18
V4444 Sgr 2451301.5       7.5   9.93 0.08    4
V4444 Sgr 2451302.5       8.5  10.27 0.14    6
V4444 Sgr 2451303.5       9.5  10.08 0.12    4
V4444 Sgr 2451304.5      10.5  10.58 0.07    5
V4444 Sgr 2451305.5      11.5  10.62 0.05   16
V4444 Sgr 2451306.5      12.5  11.10 0.11    2
V4444 Sgr 2451307.5      13.5  11.13 0.10    4
V4444 Sgr 2451308.5      14.5  11.03 0.10    7
V4444 Sgr 2451309.5      15.5  10.93 0.08    4
V4444 Sgr 2451310.5      16.5  11.05 0.08    4
V4444 Sgr 2451311.5      17.5  11.05 0.08    4
V4444 Sgr 2451312.5      18.5  11.37 0.05   15
V4444 Sgr 2451313.5      19.5  11.35 0.02   12
V4444 Sgr 2451314.5      20.5  11.34 0.08    5
V4444 Sgr 2451315.5      21.5  11.33 0.02   15
V4444 Sgr 2451316.5      22.5  11.33 0.09    3
V4444 Sgr 2451317.5      23.5  11.43 0.09    3
V4444 Sgr 2451318.5      24.5  11.59 0.03   14
V4444 Sgr 2451319.5      25.5  11.60 0.14    2
V4444 Sgr 2451320.5      26.5  11.80 0.09    3
V4444 Sgr 2451321.5      27.5  11.70 0.15    1
V4444 Sgr 2451322.5      28.5  11.80 0.15    1
V4444 Sgr 2451323.5      29.5  12.00 0.15    1
V4444 Sgr 2451325.5      31.5  11.80 0.15    1
V4444 Sgr 2451326.5      32.5  11.97 0.09    3
V4444 Sgr 2451332.5      38.5  12.40 0.15    1
V4444 Sgr 2451333.5      39.5  12.70 0.21    2
V4444 Sgr 2451334.5      40.5  12.50 0.15    1
V4444 Sgr 2451335.5      41.5  12.50 0.15    1
V4444 Sgr 2451336.5      42.5  12.70 0.09    3
V4444 Sgr 2451338.5      44.5  12.60 0.15    1
V4444 Sgr 2451339.5      45.5  12.70 0.15    1
V4444 Sgr 2451340.5      46.5  13.20 0.15    1
V4444 Sgr 2451341.5      47.5  12.97 0.09    3
V4444 Sgr 2451342.5      48.5  13.10 0.14    2
V4444 Sgr 2451344.5      50.5  13.00 0.11    2
V4444 Sgr 2451345.5      51.5  13.13 0.09    3
V4444 Sgr 2451346.5      52.5  13.20 0.09    4
V4444 Sgr 2451347.5      53.5  13.00 0.15    1
V4444 Sgr 2451348.5      54.5  13.10 0.14    2
V4444 Sgr 2451349.5      55.5  13.10 0.15    1
V4444 Sgr 2451352.       58.   13.40 0.11    2
V4444 Sgr 2451356.       62.   13.50 0.15    1
V4444 Sgr 2451360.       66.   13.70 0.15    1
V4444 Sgr 2451364.       70.   13.70 0.05    8
V4444 Sgr 2451368.       74.   13.78 0.07    5
V4444 Sgr 2451372.       78.   13.63 0.06    6
V4444 Sgr 2451376.       82.   13.75 0.06    6
V4444 Sgr 2451380.       86.   14.10 0.15    1
V4444 Sgr 2451388.       94.   13.90 0.15    1
V4444 Sgr 2451392.       98.   14.00 0.11    2
V4444 Sgr 2451396.      102.   14.07 0.09    3
V4444 Sgr 2451400.      106.   14.00 0.15    1
V4444 Sgr 2451410.      116.   14.04 0.07    5
V4444 Sgr 2451426.      132.   14.47 0.02   13
V4444 Sgr 2451474.      180.   14.70 0.02   10
V4633 Sgr 2450894.8       0.8   7.80 0.15    1
V4633 Sgr 2450895.8       1.8   7.74 0.02   10
V4633 Sgr 2450896.3       2.3   7.40 0.15    1
V4633 Sgr 2450896.8       2.8   8.18 0.03   16
V4633 Sgr 2450897.3       3.3   8.08 0.06    6
V4633 Sgr 2450897.8       3.8   7.96 0.02   25
V4633 Sgr 2450898.3       4.3   8.00 0.11    2
V4633 Sgr 2450898.8       4.8   8.30 0.14    2
V4633 Sgr 2450899.3       5.3   8.35 0.13    4
V4633 Sgr 2450899.8       5.8   8.19 0.05   11
V4633 Sgr 2450900.5       6.5   8.28 0.08    4
V4633 Sgr 2450901.5       7.5   8.80 0.04   13
V4633 Sgr 2450902.5       8.5   9.04 0.06    7
V4633 Sgr 2450903.5       9.5   8.80 0.08    4
V4633 Sgr 2450904.5      10.5   8.90 0.08    4
V4633 Sgr 2450905.5      11.5   8.75 0.11    2
V4633 Sgr 2450906.5      12.5   8.95 0.11    2
V4633 Sgr 2450907.5      13.5   8.96 0.06    7
V4633 Sgr 2450908.5      14.5   9.27 0.10    7
V4633 Sgr 2450909.5      15.5   9.30 0.03   18
V4633 Sgr 2450910.5      16.5   9.19 0.02   15
V4633 Sgr 2450911.5      17.5   9.20 0.08    5
V4633 Sgr 2450912.5      18.5   9.23 0.10    3
V4633 Sgr 2450913.5      19.5   9.35 0.25    2
V4633 Sgr 2450914.5      20.5   9.68 0.15    4
V4633 Sgr 2450916.5      22.5   9.60 0.15    1
V4633 Sgr 2450918.5      24.5   9.95 0.08    4
V4633 Sgr 2450919.5      25.5   9.95 0.11    4
V4633 Sgr 2450920.5      26.5   9.87 0.09    3
V4633 Sgr 2450921.5      27.5  10.20 0.16    3
V4633 Sgr 2450922.5      28.5  10.00 0.07    6
V4633 Sgr 2450923.5      29.5  10.10 0.08    4
V4633 Sgr 2450924.5      30.5  10.15 0.10    4
V4633 Sgr 2450926.0      32.0  10.30 0.08   10
V4633 Sgr 2450928.0      34.0  10.33 0.05    9
V4633 Sgr 2450930.0      36.0  10.20 0.08    4
V4633 Sgr 2450932.0      38.0  10.48 0.05   14
V4633 Sgr 2450934.0      40.0  10.40 0.08    8
V4633 Sgr 2450936.0      42.0  10.63 0.05   15
V4633 Sgr 2450938.0      44.0  10.71 0.07   10
V4633 Sgr 2450940.0      46.0  10.40 0.09    3
V4633 Sgr 2450942.0      48.0  10.72 0.09    6
V4633 Sgr 2450944.0      50.0  10.70 0.14    2
V4633 Sgr 2450947.0      53.0  10.63 0.12    3
V4633 Sgr 2450951.0      57.0  10.85 0.03   15
V4633 Sgr 2450955.0      61.0  11.05 0.09    6
V4633 Sgr 2450959.0      65.0  11.02 0.05   13
V4633 Sgr 2450963.0      69.0  11.16 0.04   17
V4633 Sgr 2450967.0      73.0  11.07 0.06   15
V4633 Sgr 2450971.0      77.0  11.21 0.05   14
V4633 Sgr 2450975.0      81.0  11.30 0.11    2
V4633 Sgr 2450979.0      85.0  11.42 0.06   12
V4633 Sgr 2450983.0      89.0  11.51 0.06   18
V4633 Sgr 2450987.0      93.0  11.58 0.08   12
V4633 Sgr 2450991.0      97.0  11.59 0.03   17
V4633 Sgr 2450995.0     101.0  11.59 0.05   14
V4633 Sgr 2450999.0     105.0  11.64 0.04   13
V4633 Sgr 2451003.0     109.0  11.50 0.18    4
V4633 Sgr 2451007.0     113.0  11.65 0.07    8
V4633 Sgr 2451011.0     117.0  11.64 0.07   13
V4633 Sgr 2451015.0     121.0  11.64 0.14    7
V4633 Sgr 2451019.0     125.0  11.68 0.05    8
V4633 Sgr 2451023.0     129.0  11.80 0.08    7
V4633 Sgr 2451029.0     135.0  11.65 0.06   10
V4633 Sgr 2451037.0     143.0  11.87 0.06   12
V4633 Sgr 2451045.0     151.0  11.82 0.05   14
V4633 Sgr 2451053.0     159.0  11.92 0.06   19
V4633 Sgr 2451061.0     167.0  11.82 0.07    5
V4633 Sgr 2451069.0     175.0  11.73 0.03   11
V4633 Sgr 2451077.0     183.0  11.68 0.07   19
V4633 Sgr 2451085.0     191.0  11.64 0.06   10
V4633 Sgr 2451093.0     199.0  11.69 0.08    7
V4633 Sgr 2451101.0     207.0  11.68 0.04   11
V4633 Sgr 2451109.0     215.0  11.73 0.03   14
V4633 Sgr 2451117.0     223.0  11.73 0.02   13
V4633 Sgr 2451125.0     231.0  11.85 0.08    4
V4633 Sgr 2451133.0     239.0  11.72 0.08    6
V4633 Sgr 2451209.0     315.0  12.20 0.15    1
V4633 Sgr 2451225.0     331.0  12.10 0.07    5
V4633 Sgr 2451241.0     347.0  12.22 0.07    5
V4633 Sgr 2451257.0     363.0  12.33 0.06    6
V4633 Sgr 2451273.0     379.0  12.40 0.07    5
V4633 Sgr 2451289.0     395.0  12.40 0.07    7
V4633 Sgr 2451305.0     411.0  12.44 0.06    7
V4633 Sgr 2451321.0     427.0  12.53 0.08    4
V4633 Sgr 2451337.0     443.0  12.80 0.06    6
V4633 Sgr 2451353.0     459.0  12.87 0.06    6
V4633 Sgr 2451369.0     475.0  12.98 0.06   10
V4633 Sgr 2451385.0     491.0  13.03 0.09    3
V4633 Sgr 2451401.0     507.0  13.00 0.15    1
V4633 Sgr 2451417.0     523.0  13.20 0.09    3
V4633 Sgr 2451433.0     539.0  13.24 0.06    7
V4633 Sgr 2451449.0     555.0  13.32 0.02   10
V4633 Sgr 2451465.      571.   13.38 0.02   12
V4633 Sgr 2451481.      587.   13.40 0.09    3
V4633 Sgr 2451497.      603.   13.40 0.15    1
V4633 Sgr 2451585.      691.   13.60 0.11    2
V4633 Sgr 2451617.      723.   14.40 0.09    3
V4633 Sgr 2451649.      755.   14.50 0.15    1
V4633 Sgr 2451713.      819.   14.70 0.15    1
V4633 Sgr 2451777.      883.   14.62 0.07    5
V4633 Sgr 2451841.      947.   14.80 0.15    1
V4643 Sgr 2451964.75      0.75  7.70 0.10    3
V4643 Sgr 2451965.75      1.75  8.14 0.05   12
V4643 Sgr 2451966.25      2.25  8.88 0.07    5
V4643 Sgr 2451966.75      2.75  9.30 0.15    1
V4643 Sgr 2451967.25      3.25  9.70 0.14    2
V4643 Sgr 2451967.75      3.75  9.77 0.10    3
V4643 Sgr 2451968.25      4.25  9.90 0.09    3
V4643 Sgr 2451968.75      4.75 10.05 0.02   10
V4643 Sgr 2451969.75      5.75 10.28 0.04   12
V4643 Sgr 2451971.        7.   10.58 0.06    6
V4643 Sgr 2451973.        9.   10.94 0.07    7
V4643 Sgr 2451975.       11.   11.04 0.08    8
V4643 Sgr 2451977.       13.   11.23 0.12    3
V4643 Sgr 2451979.       15.   11.40 0.15    1
V4643 Sgr 2451981.       17.   11.52 0.06   13
V4643 Sgr 2451983.       19.   11.27 0.09    3
V4643 Sgr 2451985.       21.   11.60 0.14    2
V4643 Sgr 2451987.       23.   12.25 0.18    2
V4643 Sgr 2451989.       25.   12.40 0.15    1
V4643 Sgr 2451992.       28.   13.03 0.08    4
V4643 Sgr 2451996.       32.   13.20 0.11    2
V4643 Sgr 2452000.       36.   13.40 0.15    1
V4643 Sgr 2452004.       40.   13.80 0.15    1
V4643 Sgr 2452008.       44.   13.60 0.02   10
V4643 Sgr 2452016.       52.   14.34 0.03   11
V4643 Sgr 2452020.       56.   14.10 0.02   10
V4643 Sgr 2452024.       60.   14.30 0.02   10
V4643 Sgr 2452028.       64.   14.80 0.09    3
V4643 Sgr 2452032.       68.   14.30 0.02   10
V4643 Sgr 2452036.       72.   14.30 0.02   10
V4643 Sgr 2452044.       80.   14.90 0.06   12
V4643 Sgr 2452048.       84.   15.10 0.15    1
V4643 Sgr 2452090.      126.   14.40 0.11    2
V4739 Sgr 2452148.25      0.25  7.38 0.07    5
V4739 Sgr 2452148.75      0.75  7.24 0.10   20
V4739 Sgr 2452149.25      1.25  8.03 0.11    2
V4739 Sgr 2452149.75      1.75  8.58 0.05   40
V4739 Sgr 2452150.25      2.25  8.94 0.07    5
V4739 Sgr 2452150.75      2.75  9.45 0.06   15
V4739 Sgr 2452151.25      3.25  9.95 0.12    4
V4739 Sgr 2452151.75      3.75 10.21 0.04   15
V4739 Sgr 2452152.25      4.25 10.27 0.20    3
V4739 Sgr 2452152.75      4.75 10.83 0.09    4
V4739 Sgr 2452153.25      5.25 10.90 0.09    3
V4739 Sgr 2452153.75      5.75 10.86 0.07    5
V4739 Sgr 2452154.75      6.75 11.10 0.12    3
V4739 Sgr 2452156.        8.   11.41 0.08    8
V4739 Sgr 2452158.       10.   12.11 0.10   11
V4739 Sgr 2452160.       12.   12.48 0.03   15
V4739 Sgr 2452162.       14.   12.62 0.07    5
V4739 Sgr 2452164.       16.   12.75 0.18    2
V4739 Sgr 2452166.       18.   13.23 0.03   11
V4739 Sgr 2452168.       20.   13.80 0.02   10
V4739 Sgr 2452170.       22.   13.75 0.14    4
V4739 Sgr 2452172.       24.   13.47 0.07   11
V4739 Sgr 2452176.00     28.   14.40 0.11    2
V4740 Sgr 2452158.25      0.25  6.65 0.11    2
V4740 Sgr 2452158.75      0.75  7.26 0.03   11
V4740 Sgr 2452159.75      1.75  6.68 0.02   81
V4740 Sgr 2452160.25      2.25  6.82 0.06    9
V4740 Sgr 2452160.75      2.75  6.93 0.05    9
V4740 Sgr 2452161.25      3.25  7.05 0.06   15
V4740 Sgr 2452161.75      3.75  7.39 0.11   10
V4740 Sgr 2452162.25      4.25  7.05 0.04   20
V4740 Sgr 2452162.75      4.75  7.07 0.04   26
V4740 Sgr 2452163.25      5.25  7.35 0.06   13
V4740 Sgr 2452163.75      5.75  7.49 0.04   23
V4740 Sgr 2452164.25      6.25  6.97 0.08    6
V4740 Sgr 2452164.75      6.75  7.11 0.05   15
V4740 Sgr 2452165.25      7.25  7.29 0.05   14
V4740 Sgr 2452165.75      7.75  7.59 0.06   13
V4740 Sgr 2452166.25      8.25  7.09 0.07    9
V4740 Sgr 2452166.75      8.75  7.34 0.07   10
V4740 Sgr 2452167.25      9.25  8.08 0.17   19
V4740 Sgr 2452167.75      9.75  7.36 0.10    7
V4740 Sgr 2452168.25     10.25  7.29 0.05   11
V4740 Sgr 2452168.75     10.75  7.51 0.04   20
V4740 Sgr 2452169.25     11.25  7.67 0.05   11
V4740 Sgr 2452169.75     11.75  7.71 0.09    9
V4740 Sgr 2452170.25     12.25  7.89 0.13    7
V4740 Sgr 2452170.75     12.75  7.94 0.05    9
V4740 Sgr 2452171.25     13.25  8.08 0.06    6
V4740 Sgr 2452171.75     13.75  8.12 0.06    6
V4740 Sgr 2452172.25     14.25  8.33 0.08    4
V4740 Sgr 2452172.75     14.75  8.24 0.08    7
V4740 Sgr 2452173.25     15.25  8.20 0.16    3
V4740 Sgr 2452173.75     15.75  8.37 0.09    3
V4740 Sgr 2452174.25     16.25  8.60 0.15    1
V4740 Sgr 2452174.75     16.75  8.60 0.09    3
V4740 Sgr 2452175.25     17.25  8.73 0.09    3
V4740 Sgr 2452175.75     17.75  8.69 0.05    9
V4740 Sgr 2452176.25     18.25  8.60 0.08    4
V4740 Sgr 2452176.75     18.75  8.67 0.19    3
V4740 Sgr 2452177.25     19.25  8.70 0.08    4
V4740 Sgr 2452177.75     19.75  8.85 0.14    4
V4740 Sgr 2452178.25     20.25  8.88 0.08    4
V4740 Sgr 2452179.25     21.25  9.10 0.15    1
V4740 Sgr 2452179.75     21.75  8.98 0.08    4
V4740 Sgr 2452180.5      22.5   9.10 0.07    5
V4740 Sgr 2452181.5      23.5   9.20 0.08    4
V4740 Sgr 2452182.5      24.5   9.14 0.10    7
V4740 Sgr 2452183.5      25.5   9.33 0.06    7
V4740 Sgr 2452184.5      26.5   9.41 0.05    8
V4740 Sgr 2452185.5      27.5   9.40 0.06    6
V4740 Sgr 2452186.5      28.5   9.53 0.05    8
V4740 Sgr 2452187.5      29.5   9.56 0.07    5
V4740 Sgr 2452188.5      30.5   9.60 0.07    5
V4740 Sgr 2452189.5      31.5   9.71 0.06    7
V4740 Sgr 2452190.5      32.5   9.77 0.05    9
V4740 Sgr 2452191.5      33.5   9.60 0.11    2
V4740 Sgr 2452192.5      34.5   9.80 0.07    5
V4740 Sgr 2452193.5      35.5   9.90 0.09    3
V4740 Sgr 2452194.5      36.5  10.10 0.14    2
V4740 Sgr 2452195.5      37.5   9.90 0.15    1
V4740 Sgr 2452197.5      39.5  10.10 0.12    4
V4740 Sgr 2452198.5      40.5  10.00 0.15    1
V4740 Sgr 2452199.5      41.5  10.10 0.15    1
V4740 Sgr 2452201.       43.   10.00 0.08    4
V4740 Sgr 2452203.       45.   10.15 0.11    2
V4740 Sgr 2452205.       47.    9.96 0.08    5
V4740 Sgr 2452207.       49.   10.40 0.09    3
V4740 Sgr 2452209.       51.   10.40 0.11    2
V4740 Sgr 2452211.       53.   10.58 0.08    4
V4740 Sgr 2452213.       55.   10.50 0.11    2
V4740 Sgr 2452215.       57.   10.60 0.15    1
V4740 Sgr 2452219.       61.   10.65 0.13    4
V4740 Sgr 2452221.       63.   10.87 0.18    3
V4740 Sgr 2452227.       69.   11.40 0.15    1
V4740 Sgr 2452344.      186.   12.88 0.02   40
V4740 Sgr 2452360.      202.   13.18 0.03   30
V4740 Sgr 2452408.      250.   12.90 0.15    1
V4740 Sgr 2452424.      266.   13.80 0.02   10
V4740 Sgr 2452440.      282.   13.55 0.05   10
V4740 Sgr 2452472.      314.   14.50 0.02   34
V4742 Sgr 2452532.75      0.75  8.50 0.15    1
V4742 Sgr 2452533.75      1.75  8.10 0.02   15
V4742 Sgr 2452534.25      2.25  7.85 0.11    2
V4742 Sgr 2452534.75      2.75  8.16 0.05   26
V4742 Sgr 2452535.25      3.25  8.57 0.07    7
V4742 Sgr 2452535.75      3.75  8.29 0.03   29
V4742 Sgr 2452536.25      4.25  8.86 0.07    5
V4742 Sgr 2452536.75      4.75  8.83 0.09    3
V4742 Sgr 2452537.25      5.25  8.43 0.15    3
V4742 Sgr 2452537.75      5.75  8.74 0.12    5
V4742 Sgr 2452538.25      6.25  9.00 0.15    1
V4742 Sgr 2452538.75      6.75  9.07 0.03   18
V4742 Sgr 2452539.25      7.25  8.86 0.07    5
V4742 Sgr 2452539.75      7.75  9.08 0.02 1523
V4742 Sgr 2452540.25      8.25  9.10 0.02  304
V4742 Sgr 2452540.75      8.75  9.59 0.04   23
V4742 Sgr 2452541.25      9.25  9.44 0.07    5
V4742 Sgr 2452541.75      9.75  9.28 0.04   26
V4742 Sgr 2452542.25     10.25  9.36 0.07    5
V4742 Sgr 2452542.75     10.75  9.23 0.04   21
V4742 Sgr 2452543.25     11.25  9.78 0.16    4
V4742 Sgr 2452543.75     11.75 10.17 0.09   10
V4742 Sgr 2452544.25     12.25 10.20 0.08    4
V4742 Sgr 2452544.75     12.75 10.03 0.09    6
V4742 Sgr 2452545.25     13.25  9.85 0.16    4
V4742 Sgr 2452545.75     13.75  9.93 0.11    7
V4742 Sgr 2452546.25     14.25 10.20 0.12    3
V4742 Sgr 2452546.75     14.75 10.33 0.02   15
V4742 Sgr 2452547.25     15.25 10.37 0.06    7
V4742 Sgr 2452547.75     15.75 10.04 0.05   16
V4742 Sgr 2452548.25     16.25 10.30 0.28    2
V4742 Sgr 2452548.75     16.75 10.43 0.11    3
V4742 Sgr 2452549.25     17.25 10.50 0.14    2
V4742 Sgr 2452549.75     17.75 10.63 0.09    3
V4742 Sgr 2452550.25     18.25 10.60 0.09    3
V4742 Sgr 2452550.75     18.75 10.30 0.15    1
V4742 Sgr 2452551.25     19.25 10.40 0.15    1
V4742 Sgr 2452551.75     19.75 10.35 0.08    4
V4742 Sgr 2452552.25     20.25 10.68 0.18    4
V4742 Sgr 2452552.75     20.75 10.64 0.16    5
V4742 Sgr 2452553.25     21.25 10.00 0.11    2
V4742 Sgr 2452553.75     21.75 10.90 0.11    2
V4742 Sgr 2452554.25     22.25 10.90 0.08    4
V4742 Sgr 2452554.75     22.75 10.42 0.03   11
V4742 Sgr 2452555.25     23.25 10.60 0.11    2
V4742 Sgr 2452555.75     23.75 10.65 0.18    4
V4742 Sgr 2452556.75     24.75 11.20 0.14    2
V4742 Sgr 2452557.25     25.25 10.75 0.53    2
V4742 Sgr 2452557.75     25.75 11.20 0.15    1
V4742 Sgr 2452560.5      28.5  11.20 0.15    1
V4742 Sgr 2452561.5      29.5  11.35 0.11    2
V4742 Sgr 2452562.5      30.5  11.05 0.46    2
V4742 Sgr 2452565.5      33.5  11.30 0.05   11
V4742 Sgr 2452568.5      36.5  11.36 0.02   10
V4742 Sgr 2452572.5      40.5  11.80 0.15    1
V4742 Sgr 2452573.5      41.5  12.10 0.15    1
V4742 Sgr 2452575.5      43.5  12.00 0.11    2
V4742 Sgr 2452576.5      44.5  12.05 0.11    2
V4742 Sgr 2452577.5      45.5  11.95 0.11    2
V4742 Sgr 2452578.5      46.5  12.10 0.15    1
V4742 Sgr 2452581.5      49.5  12.30 0.15    1
V4742 Sgr 2452582.5      50.5  12.10 0.12    4
V4742 Sgr 2452583.5      51.5  12.20 0.15    1
V4742 Sgr 2452589.5      57.5  11.91 0.02   10
V4742 Sgr 2452592.5      60.5  12.00 0.15    1
V4742 Sgr 2452720.      188.   13.47 0.06   20
V4742 Sgr 2452736.      204.   13.75 0.02   40
V4742 Sgr 2452752.      220.   13.78 0.02   20
V4742 Sgr 2452768.      236.   13.75 0.18    2
V4742 Sgr 2452784.      252.   13.60 0.15    1
V4742 Sgr 2452800.      268.   13.90 0.15    1
V4742 Sgr 2452832.      300.   14.20 0.02   10
V4742 Sgr 2452848.      316.   14.25 0.06    6
V4742 Sgr 2452880.      348.   14.60 0.15    1
V4743 Sgr 2452536.75      0.75  5.20 0.21    2
V4743 Sgr 2452537.75      1.75  5.00 0.15    1
V4743 Sgr 2452538.75      2.75  5.89 0.04   19
V4743 Sgr 2452539.25      3.25  5.91 0.06   10
V4743 Sgr 2452539.75      3.75  6.13 0.03   58
V4743 Sgr 2452540.25      4.25  6.43 0.03   26
V4743 Sgr 2452540.75      4.75  6.31 0.02   36
V4743 Sgr 2452541.25      5.25  6.35 0.03   22
V4743 Sgr 2452541.75      5.75  6.45 0.02   41
V4743 Sgr 2452542.25      6.25  6.86 0.05   23
V4743 Sgr 2452542.75      6.75  6.59 0.04   29
V4743 Sgr 2452543.25      7.25  6.68 0.03   22
V4743 Sgr 2452543.75      7.75  6.77 0.02   28
V4743 Sgr 2452544.25      8.25  7.31 0.07   21
V4743 Sgr 2452544.75      8.75  7.16 0.07   17
V4743 Sgr 2452545.25      9.25  6.99 0.08   18
V4743 Sgr 2452545.75      9.75  7.09 0.07   19
V4743 Sgr 2452546.25     10.25  7.44 0.07   24
V4743 Sgr 2452546.75     10.75  7.47 0.05   34
V4743 Sgr 2452547.25     11.25  7.86 0.04   35
V4743 Sgr 2452547.75     11.75  7.58 0.08   18
V4743 Sgr 2452548.25     12.25  7.89 0.06   21
V4743 Sgr 2452548.75     12.75  7.85 0.06   19
V4743 Sgr 2452549.25     13.25  7.89 0.07   20
V4743 Sgr 2452549.75     13.75  7.93 0.07   12
V4743 Sgr 2452550.5      14.5   8.06 0.06   21
V4743 Sgr 2452551.5      15.5   8.10 0.04   17
V4743 Sgr 2452552.5      16.5   8.33 0.05   21
V4743 Sgr 2452553.5      17.5   8.40 0.04   33
V4743 Sgr 2452554.5      18.5   8.18 0.04   30
V4743 Sgr 2452555.5      19.5   8.58 0.04   22
V4743 Sgr 2452556.5      20.5   8.44 0.05   18
V4743 Sgr 2452557.5      21.5   8.71 0.04   13
V4743 Sgr 2452558.5      22.5   8.62 0.06    6
V4743 Sgr 2452559.5      23.5   8.83 0.08    4
V4743 Sgr 2452560.5      24.5   8.60 0.15    5
V4743 Sgr 2452561.5      25.5   8.85 0.04   10
V4743 Sgr 2452562.5      26.5   8.83 0.05    8
V4743 Sgr 2452563.5      27.5   8.87 0.09    3
V4743 Sgr 2452564.5      28.5   8.83 0.09    3
V4743 Sgr 2452565.5      29.5   9.01 0.03   16
V4743 Sgr 2452566.5      30.5   9.13 0.06    6
V4743 Sgr 2452567.5      31.5   9.40 0.09    3
V4743 Sgr 2452568.5      32.5   9.09 0.02   14
V4743 Sgr 2452569.5      33.5   9.10 0.09    3
V4743 Sgr 2452571.       35.    9.20 0.06    7
V4743 Sgr 2452573.       37.    9.08 0.06   13
V4743 Sgr 2452575.       39.    9.34 0.07   12
V4743 Sgr 2452577.       41.    9.27 0.05   15
V4743 Sgr 2452579.       43.    9.40 0.11    2
V4743 Sgr 2452581.       45.    9.40 0.08    4
V4743 Sgr 2452583.       47.    9.34 0.13    5
V4743 Sgr 2452585.       49.    9.50 0.11    2
V4743 Sgr 2452589.       53.    9.56 0.07    5
V4743 Sgr 2452591.       55.    9.60 0.15    4
V4743 Sgr 2452593.       57.    9.65 0.18    2
V4743 Sgr 2452595.       59.    9.80 0.11    2
V4743 Sgr 2452597.       61.    9.70 0.11    2
V4743 Sgr 2452599.       63.    9.75 0.11    2
V4743 Sgr 2452603.       67.   10.10 0.15    1
V4743 Sgr 2452605.       69.    9.90 0.11    2
V4743 Sgr 2452607.       71.    9.70 0.15    1
V4743 Sgr 2452611.       75.   10.00 0.15    1
V4743 Sgr 2452708.      172.   10.90 0.15    1
V4743 Sgr 2452724.      188.   11.33 0.04   40
V4743 Sgr 2452740.      204.   11.55 0.02  237
V4743 Sgr 2452756.      220.   11.49 0.03   36
V4743 Sgr 2452772.      236.   11.50 0.09   18
V4743 Sgr 2452788.      252.   11.17 0.04   14
V4743 Sgr 2452804.      268.   11.43 0.07    7
V4743 Sgr 2452820.      284.   11.45 0.04   13
V4743 Sgr 2452836.      300.   11.57 0.07    7
V4743 Sgr 2452852.      316.   11.99 0.06   34
V4743 Sgr 2452868.      332.   11.80 0.08    4
V4743 Sgr 2452884.      348.   12.06 0.06    7
V4743 Sgr 2452900.      364.   12.18 0.03   13
V4743 Sgr 2452916.      380.   12.37 0.09    3
V4743 Sgr 2452932.      396.   12.33 0.07    7
V4743 Sgr 2452948.      412.   12.50 0.09    3
V4743 Sgr 2453092.      556.   13.44 0.03   10
V4743 Sgr 2453172.      636.   13.60 0.12    3
V4743 Sgr 2453188.      652.   13.70 0.11    2
V4743 Sgr 2453204.      668.   13.70 0.15    1
V4743 Sgr 2453236.      700.   14.20 0.15    1
V4745 Sgr 2452739.75      0.75 10.63 0.15    1
V4745 Sgr 2452741.75      2.75  8.37 0.15    1
V4745 Sgr 2452742.25      3.25  8.50 0.15    1
V4745 Sgr 2452742.75      3.75  7.30 0.15    1
V4745 Sgr 2452743.75      4.75  8.00 0.15    1
V4745 Sgr 2452744.75      5.75  7.80 0.15    1
V4745 Sgr 2452747.75      8.75  7.40 0.15    1
V4745 Sgr 2452751.25     12.25  8.50 0.15    1
V4745 Sgr 2452755.25     16.25  9.03 0.11    2
V4745 Sgr 2452755.75     16.75  9.26 0.15    1
V4745 Sgr 2452756.25     17.25  9.60 0.15    1
V4745 Sgr 2452756.75     17.75  9.65 0.02   10
V4745 Sgr 2452757.25     18.25  9.05 0.11    2
V4745 Sgr 2452757.75     18.75  9.50 0.03   22
V4745 Sgr 2452758.25     19.25  9.00 0.11    2
V4745 Sgr 2452758.75     19.75  9.21 0.02   11
V4745 Sgr 2452759.25     20.25  9.20 0.11    2
V4745 Sgr 2452760.25     21.25  9.30 0.15    1
V4745 Sgr 2452760.75     21.75  9.10 0.15    1
V4745 Sgr 2452761.75     22.75  8.80 0.21    3
V4745 Sgr 2452762.75     23.75  8.95 0.11    2
V4745 Sgr 2452763.25     24.25  9.23 0.09    3
V4745 Sgr 2452763.75     24.75  9.25 0.08    4
V4745 Sgr 2452764.25     25.25  9.30 0.15    1
V4745 Sgr 2452765.25     26.25  9.40 0.15    1
V4745 Sgr 2452766.75     27.75  9.90 0.15    1
V4745 Sgr 2452767.75     28.75  8.20 0.15    1
V4745 Sgr 2452768.75     29.75  8.18 0.08    4
V4745 Sgr 2452769.25     30.25  8.20 0.15    1
V4745 Sgr 2452769.75     30.75  8.10 0.02   11
V4745 Sgr 2452771.       32.    8.20 0.03   21
V4745 Sgr 2452773.       34.    8.33 0.07    6
V4745 Sgr 2452775.       36.    9.43 0.26    4
V4745 Sgr 2452777.       38.   10.55 0.11    2
V4745 Sgr 2452779.       40.   10.79 0.02   11
V4745 Sgr 2452781.       42.   10.58 0.09    6
V4745 Sgr 2452783.       44.   10.54 0.12    5
V4745 Sgr 2452785.       46.   10.44 0.05    8
V4745 Sgr 2452787.       48.   10.78 0.09   20
V4745 Sgr 2452789.       50.    8.90 0.08    7
V4745 Sgr 2452791.       52.    8.90 0.06    6
V4745 Sgr 2452793.       54.    9.13 0.08    4
V4745 Sgr 2452795.       56.    9.37 0.15    3
V4745 Sgr 2452797.       58.   10.15 0.18    2
V4745 Sgr 2452799.       60.   10.83 0.09    4
V4745 Sgr 2452801.       62.   10.90 0.11    2
V4745 Sgr 2452803.       64.   11.00 0.11    2
V4745 Sgr 2452809.       70.   10.90 0.09    3
V4745 Sgr 2452811.       72.   10.95 0.08    4
V4745 Sgr 2452813.       74.   10.80 0.09    3
V4745 Sgr 2452815.       76.    9.45 0.09   12
V4745 Sgr 2452817.       78.    8.95 0.22    4
V4745 Sgr 2452819.       80.    9.10 0.07    7
V4745 Sgr 2452821.       82.    9.24 0.06    8
V4745 Sgr 2452823.       84.    9.58 0.08    4
V4745 Sgr 2452825.       86.    9.80 0.17    3
V4745 Sgr 2452827.       88.    9.67 0.09    3
V4745 Sgr 2452831.       92.   11.20 0.15    1
V4745 Sgr 2452833.       94.   11.00 0.15    1
V4745 Sgr 2452835.       96.   10.80 0.21    2
V4745 Sgr 2452837.       98.   10.40 0.15    1
V4745 Sgr 2452839.      100.   11.07 0.09    3
V4745 Sgr 2452841.      102.   11.05 0.08    4
V4745 Sgr 2452843.      104.   11.47 0.09    3
V4745 Sgr 2452845.      106.   10.83 0.19    4
V4745 Sgr 2452847.      108.   11.20 0.15    1
V4745 Sgr 2452849.      110.   11.00 0.19    4
V4745 Sgr 2452851.      112.   11.10 0.11    2
V4745 Sgr 2452853.      114.   11.40 0.15    1
V4745 Sgr 2452857.      118.   11.10 0.15    1
V4745 Sgr 2452859.      120.   11.20 0.15    1
V4745 Sgr 2452861.      122.   11.35 0.11    2
V4745 Sgr 2452863.      124.    9.43 0.09    3
V4745 Sgr 2452865.      126.    9.60 0.11    2
V4745 Sgr 2452867.      128.    9.37 0.12    3
V4745 Sgr 2452869.      130.    9.48 0.06    6
V4745 Sgr 2452871.      132.    9.62 0.08    6
V4745 Sgr 2452873.      134.   11.25 0.18    2
V4745 Sgr 2452875.      136.   11.40 0.08    5
V4745 Sgr 2452877.      138.   11.45 0.11    2
V4745 Sgr 2452879.      140.   11.57 0.09    3
V4745 Sgr 2452881.      142.   11.35 0.11    2
V4745 Sgr 2452883.      144.   11.70 0.15    1
V4745 Sgr 2452885.      146.   11.40 0.10    6
V4745 Sgr 2452887.      148.   11.47 0.09    3
V4745 Sgr 2452889.      150.   11.20 0.15    1
V4745 Sgr 2452891.      152.   11.80 0.15    1
V4745 Sgr 2452895.      156.   11.17 0.23    3
V4745 Sgr 2452897.      158.   11.30 0.15    1
V4745 Sgr 2452899.      160.   11.32 0.07    5
V4745 Sgr 2452901.      162.   11.37 0.09    3
V4745 Sgr 2452903.      164.   11.37 0.09    3
V4745 Sgr 2452905.      166.   11.55 0.18    2
V4745 Sgr 2452907.      168.   11.50 0.21    2
V4745 Sgr 2452909.      170.   11.80 0.11    2
V4745 Sgr 2452911.      172.   11.90 0.11    2
V4745 Sgr 2452913.      174.   11.45 0.32    2
V4745 Sgr 2452917.      178.   11.25 0.11    2
V4745 Sgr 2452919.      180.   11.40 0.15    1
V4745 Sgr 2452921.      182.   11.30 0.15    1
V4745 Sgr 2452927.      188.    9.50 0.11    2
V4745 Sgr 2452929.      190.    9.55 0.08    4
V4745 Sgr 2452931.      192.    9.70 0.11    2
V4745 Sgr 2452933.      194.   10.10 0.21    2
V4745 Sgr 2452935.      196.   11.40 0.11    2
V4745 Sgr 2452937.      198.   11.40 0.15    1
V4745 Sgr 2452941.00    202.   11.80 0.15    1
V4745 Sgr 2452943.00    204.   11.90 0.15    1
V4745 Sgr 2452947.00    208.   11.47 0.09    3
V4745 Sgr 2452957.00    218.   11.50 0.15    1
V4745 Sgr 2452963.00    224.   11.40 0.15    1
V4745 Sgr 2453574.00    835.   13.10 0.11    2
V5114 Sgr 2453080.3       0.25  9.40 0.15    1
V5114 Sgr 2453081.85      1.85  8.20 0.11    2
V5114 Sgr 2453081.95      1.95  8.38 0.02   10
V5114 Sgr 2453082.05      2.05  8.10 0.15    1
V5114 Sgr 2453082.15      2.15  8.50 0.15    1
V5114 Sgr 2453083.05      3.05  8.30 0.11    2
V5114 Sgr 2453083.25      3.25  8.60 0.15    1
V5114 Sgr 2453083.75      3.75  8.60 0.15    1
V5114 Sgr 2453083.85      3.85  8.64 0.15    1
V5114 Sgr 2453083.95      3.95  8.76 0.02   10
V5114 Sgr 2453084.05      4.05  8.79 0.03   21
V5114 Sgr 2453084.15      4.15  9.00 0.15    1
V5114 Sgr 2453084.85      4.85  9.00 0.15    1
V5114 Sgr 2453084.95      4.95  9.02 0.02   11
V5114 Sgr 2453085.5       5.50  9.08 0.06    6
V5114 Sgr 2453086.5       6.50  9.05 0.09    4
V5114 Sgr 2453087.5       7.50  9.13 0.09    3
V5114 Sgr 2453088.5       8.50  9.35 0.11    2
V5114 Sgr 2453089.5       9.50  9.77 0.03   11
V5114 Sgr 2453090.5      10.5   9.67 0.14    3
V5114 Sgr 2453091.5      11.5   9.90 0.05   13
V5114 Sgr 2453092.5      12.5  10.14 0.04   12
V5114 Sgr 2453093.5      13.5   9.60 0.15    1
V5114 Sgr 2453094.5      14.5  10.35 0.11    2
V5114 Sgr 2453095.5      15.5  10.47 0.02   13
V5114 Sgr 2453096.5      16.5  10.66 0.02   10
V5114 Sgr 2453097.5      17.5  10.65 0.11    2
V5114 Sgr 2453098.5      18.5  10.68 0.02   11
V5114 Sgr 2453099.5      19.5  10.84 0.02   10
V5114 Sgr 2453100.5      20.5  10.70 0.15    1
V5114 Sgr 2453102.5      22.5  11.00 0.02   10
V5114 Sgr 2453104.5      24.5  11.30 0.02   10
V5114 Sgr 2453106.5      26.5  11.40 0.15    1
V5114 Sgr 2453107.5      27.5  11.60 0.15    1
V5114 Sgr 2453109.5      29.5  11.50 0.14    2
V5114 Sgr 2453110.5      30.5  11.60 0.15    1
V5114 Sgr 2453112.5      32.5  11.78 0.06   12
V5114 Sgr 2453113.5      33.5  12.00 0.15    1
V5114 Sgr 2453114.5      34.5  11.70 0.15    1
V5114 Sgr 2453117.       37.   11.92 0.02   45
V5114 Sgr 2453121.       41.   12.00 0.04   25
V5114 Sgr 2453125.       45.   11.87 0.07   25
V5114 Sgr 2453129.       49.   12.21 0.06   12
V5114 Sgr 2453133.       53.   12.52 0.02   11
V5114 Sgr 2453137.       57.   12.82 0.08   11
V5114 Sgr 2453141.       61.   12.74 0.04   14
V5114 Sgr 2453145.       65.   13.09 0.04   23
V5114 Sgr 2453149.       69.   13.10 0.02   33
V5114 Sgr 2453153.       73.   13.12 0.02   23
V5114 Sgr 2453157.       77.   13.38 0.05   22
V5114 Sgr 2453161.       81.   13.35 0.02   20
V5114 Sgr 2453165.       85.   13.58 0.05   21
V5114 Sgr 2453169.       89.   13.60 0.09    3
V5114 Sgr 2453173.       93.   13.52 0.02   11
V5114 Sgr 2453177.       97.   13.87 0.02   12
V5114 Sgr 2453181.      101.   13.70 0.15    1
V5114 Sgr 2453185.      105.   13.90 0.15    1
V5114 Sgr 2453189.      109.   14.60 0.02   10
V5114 Sgr 2453193.      113.   14.27 0.03   11
V5114 Sgr 2453201.      121.   14.30 0.06   12
V5114 Sgr 2453205.      125.   14.35 0.02   20
V5114 Sgr 2453217.      137.   14.50 0.02   20
V5114 Sgr 2453221.      141.   14.90 0.02   10
V5114 Sgr 2453225.      145.   15.00 0.02   10
V5114 Sgr 2453237.      157.   15.70 0.02   10
V5114 Sgr 2453241.      161.   15.30 0.02   20
V5114 Sgr 2453245.      165.   15.20 0.02   10
V5114 Sgr 2453249.      169.   15.40 0.02   10
V5115 Sgr 2453457.5       0.5   8.00 0.14    2
V5115 Sgr 2453458.5       1.5   8.90 0.14    2
V5115 Sgr 2453459.5       2.5   7.90 0.15    1
V5115 Sgr 2453460.5       3.5   8.25 0.39    2
V5115 Sgr 2453461.5       4.5   8.45 0.25    2
V5115 Sgr 2453462.5       5.5   9.17 0.18    6
V5115 Sgr 2453463.5       6.5   9.33 0.14    3
V5115 Sgr 2453466.        9.    9.74 0.07    5
V5115 Sgr 2453468.       11.   10.50 0.15    1
V5115 Sgr 2453470.       13.   10.73 0.08    4
V5115 Sgr 2453472.       15.   10.70 0.09    4
V5115 Sgr 2453474.       17.   11.10 0.11    2
V5115 Sgr 2453476.       19.   11.05 0.11    2
V5115 Sgr 2453478.       21.   11.14 0.07    5
V5115 Sgr 2453480.       23.   11.70 0.11    2
V5115 Sgr 2453487.       30.   11.70 0.15    1
V5115 Sgr 2453491.       34.   12.30 0.14    3
V5115 Sgr 2453495.       38.   12.50 0.14    2
V5115 Sgr 2453499.       42.   12.07 0.02   11
V5115 Sgr 2453503.       46.   12.50 0.11    2
V5115 Sgr 2453507.       50.   12.40 0.14   10
V5115 Sgr 2453511.       54.   12.60 0.15    1
V5115 Sgr 2453519.       62.   12.80 0.03   11
V5115 Sgr 2453523.       66.   12.50 0.15    1
V5115 Sgr 2453527.       70.   12.94 0.08   10
V5115 Sgr 2453535.       78.   12.99 0.02   10
V5115 Sgr 2453539.       82.   13.11 0.02   10
V5115 Sgr 2453553.       96.   13.27 0.02   10
V5115 Sgr 2453561.      104.   13.10 0.15    1
V5115 Sgr 2453585.      128.   13.60 0.02   10
V5115 Sgr 2453593.      136.   13.89 0.02   20
V5115 Sgr 2453625.      168.   14.06 0.02   10
V5116 Sgr 2453556.25      0.25  8.30 0.15    1
V5116 Sgr 2453556.75      0.75  7.57 0.04   23
V5116 Sgr 2453557.25      1.25  8.50 0.05   15
V5116 Sgr 2453557.75      1.75  8.27 0.03   19
V5116 Sgr 2453558.25      2.25  8.55 0.07    6
V5116 Sgr 2453558.75      2.75  8.78 0.11    4
V5116 Sgr 2453559.25      3.25  8.28 0.08    5
V5116 Sgr 2453559.75      3.75  8.38 0.08    4
V5116 Sgr 2453560.25      4.25  9.50 0.09    5
V5116 Sgr 2453560.75      4.75  9.26 0.21    8
V5116 Sgr 2453561.25      5.25  9.40 0.11    2
V5116 Sgr 2453561.75      5.75  9.47 0.05   18
V5116 Sgr 2453562.25      6.25  9.19 0.08    9
V5116 Sgr 2453562.75      6.75  9.42 0.06    6
V5116 Sgr 2453563.25      7.25  9.25 0.05   17
V5116 Sgr 2453563.75      7.75  9.25 0.08    4
V5116 Sgr 2453564.25      8.25  9.12 0.10    6
V5116 Sgr 2453564.75      8.75  9.60 0.11    2
V5116 Sgr 2453565.25      9.25  9.62 0.07   17
V5116 Sgr 2453565.75      9.75  9.60 0.11    2
V5116 Sgr 2453566.25     10.25  9.40 0.11    5
V5116 Sgr 2453566.75     10.75  9.26 0.08    5
V5116 Sgr 2453567.25     11.25  9.02 0.03   15
V5116 Sgr 2453567.75     11.75  9.50 0.11    2
V5116 Sgr 2453568.25     12.25  9.50 0.09    3
V5116 Sgr 2453568.75     12.75 10.20 0.15    1
V5116 Sgr 2453569.25     13.25 10.45 0.18    2
V5116 Sgr 2453570.5      14.5  10.45 0.18    2
V5116 Sgr 2453572.5      16.5  10.40 0.11    2
V5116 Sgr 2453573.5      17.5   9.99 0.02   13
V5116 Sgr 2453574.5      18.5   9.98 0.13    6
V5116 Sgr 2453575.5      19.5  10.17 0.15    3
V5116 Sgr 2453576.5      20.5  10.38 0.08    5
V5116 Sgr 2453577.5      21.5  10.52 0.06    6
V5116 Sgr 2453578.5      22.5  10.30 0.09    4
V5116 Sgr 2453579.5      23.5  10.49 0.02   19
V5116 Sgr 2453580.5      24.5  10.44 0.05    8
V5116 Sgr 2453581.5      25.5  10.62 0.06    9
V5116 Sgr 2453582.5      26.5  10.56 0.06    7
V5116 Sgr 2453583.5      27.5  10.61 0.06    7
V5116 Sgr 2453584.5      28.5  10.77 0.06    7
V5116 Sgr 2453585.5      29.5  10.86 0.06    7
V5116 Sgr 2453586.5      30.5  10.80 0.08    6
V5116 Sgr 2453587.5      31.5  10.78 0.05    9
V5116 Sgr 2453588.5      32.5  10.86 0.06    9
V5116 Sgr 2453589.5      33.5  11.03 0.05   15
V5116 Sgr 2453590.5      34.5  11.00 0.11    6
V5116 Sgr 2453591.5      35.5  10.94 0.08    5
V5116 Sgr 2453592.5      36.5  11.14 0.15    5
V5116 Sgr 2453593.5      37.5  11.00 0.11    2
V5116 Sgr 2453594.5      38.5  11.09 0.03   17
V5116 Sgr 2453595.5      39.5  11.02 0.08    6
V5116 Sgr 2453596.5      40.5  11.10 0.11    2
V5116 Sgr 2453597.5      41.5  11.20 0.11    2
V5116 Sgr 2453602.       46.   11.53 0.05   13
V5116 Sgr 2453606.       50.   11.28 0.04   28
V5116 Sgr 2453610.       54.   11.28 0.07   15
V5116 Sgr 2453614.       58.   11.51 0.06   14
V5116 Sgr 2453618.       62.   11.46 0.06   11
V5116 Sgr 2453622.       66.   11.66 0.07   12
V5116 Sgr 2453626.       70.   11.47 0.20    3
V5116 Sgr 2453630.       74.   11.75 0.25    2
V5116 Sgr 2453636.       80.   12.06 0.11   19
V5116 Sgr 2453644.       88.   11.87 0.06   33
V5116 Sgr 2453652.       96.   12.59 0.06   12
V5116 Sgr 2453668.      112.   12.73 0.08   12
U Sco     2451235.25      0.25  7.70 0.15    1
U Sco     2451235.75      0.75  8.77 0.09    6
U Sco     2451236.25      1.25  9.04 0.13    5
U Sco     2451236.75      1.75  9.32 0.17    6
U Sco     2451237.25      2.25  9.70 0.11    6
U Sco     2451237.75      2.75 10.07 0.09    6
U Sco     2451238.25      3.25 10.15 0.18    2
U Sco     2451238.75      3.75 10.38 0.07    5
U Sco     2451239.25      4.25 10.63 0.09    3
U Sco     2451239.75      4.75 10.87 0.09    3
U Sco     2451240.25      5.25 11.43 0.15    3
U Sco     2451240.75      5.75 11.30 0.14    2
U Sco     2451241.25      6.25 11.46 0.08    5
U Sco     2451241.75      6.75 11.40 0.11    2
U Sco     2451242.25      7.25 11.65 0.11    2
U Sco     2451242.75      7.75 12.05 0.25    2
U Sco     2451243.25      8.25 12.10 0.15    1
U Sco     2451244.25      9.25 12.55 0.11    2
U Sco     2451246.       11.   13.05 0.08    4
U Sco     2451248.       13.   13.35 0.07    8
U Sco     2451250.       15.   13.78 0.07    8
U Sco     2451252.       17.   13.87 0.10    3
U Sco     2451254.       19.   14.00 0.07    5
U Sco     2451256.       21.   13.90 0.15    1
U Sco     2451258.       23.   14.25 0.11    2
U Sco     2451260.       25.   14.30 0.15    1
U Sco     2451262.       27.   14.40 0.15    1
U Sco     2451264.       29.   14.30 0.06    7
U Sco     2451266.       31.   14.50 0.11    2
U Sco     2451277.       42.   15.90 0.15    1
U Sco     2451281.       46.   16.00 0.15    1
U Sco     2451293.       58.   16.50 0.02   10
V992 Sco  2448764.75      0.75  8.20 0.15    1
V992 Sco  2448766.5       2.5   8.24 0.07    5
V992 Sco  2448767.5       3.5   8.20 0.15    1
V992 Sco  2448768.5       4.5   7.70 0.06    6
V992 Sco  2448769.5       5.5   7.85 0.11    2
V992 Sco  2448770.5       6.5   7.83 0.19    3
V992 Sco  2448771.5       7.5   8.58 0.10    5
V992 Sco  2448772.5       8.5   9.02 0.07    9
V992 Sco  2448773.5       9.5   9.44 0.11    7
V992 Sco  2448774.5      10.5   9.48 0.16    4
V992 Sco  2448775.5      11.5   9.34 0.10    8
V992 Sco  2448776.5      12.5   9.30 0.20    7
V992 Sco  2448777.5      13.5   9.40 0.28    2
V992 Sco  2448778.5      14.5   9.73 0.18    8
V992 Sco  2448779.5      15.5   9.54 0.28    5
V992 Sco  2448780.5      16.5   9.18 0.16    5
V992 Sco  2448781.5      17.5   8.88 0.12    6
V992 Sco  2448782.5      18.5   8.90 0.23    4
V992 Sco  2448783.5      19.5   8.21 0.10   10
V992 Sco  2448784.5      20.5   8.24 0.05    9
V992 Sco  2448785.5      21.5   8.17 0.06    7
V992 Sco  2448786.5      22.5   8.00 0.15    1
V992 Sco  2448787.5      23.5   8.47 0.09    3
V992 Sco  2448788.5      24.5   8.27 0.15    3
V992 Sco  2448789.5      25.5   8.50 0.11    2
V992 Sco  2448790.5      26.5   8.76 0.05    9
V992 Sco  2448791.5      27.5   9.03 0.11    7
V992 Sco  2448792.5      28.5   9.13 0.06    6
V992 Sco  2448793.5      29.5   9.20 0.07   13
V992 Sco  2448794.5      30.5   9.14 0.07   10
V992 Sco  2448795.5      31.5   9.18 0.07    8
V992 Sco  2448796.5      32.5   9.09 0.14    9
V992 Sco  2448797.5      33.5   8.38 0.06   12
V992 Sco  2448798.5      34.5   8.13 0.09    8
V992 Sco  2448799.5      35.5   8.24 0.08    8
V992 Sco  2448800.5      36.5   8.33 0.08   10
V992 Sco  2448801.5      37.5   8.23 0.06    7
V992 Sco  2448802.5      38.5   8.22 0.07   13
V992 Sco  2448803.5      39.5   8.13 0.06   12
V992 Sco  2448804.5      40.5   8.07 0.07    9
V992 Sco  2448805.5      41.5   7.88 0.07    9
V992 Sco  2448806.5      42.5   8.00 0.10    8
V992 Sco  2448807.5      43.5   7.92 0.09   10
V992 Sco  2448808.5      44.5   8.11 0.09    7
V992 Sco  2448809.5      45.5   8.82 0.15   10
V992 Sco  2448810.5      46.5   9.46 0.07    5
V992 Sco  2448811.5      47.5   9.60 0.11    2
V992 Sco  2448812.5      48.5   9.76 0.07    5
V992 Sco  2448813.5      49.5   9.70 0.08    4
V992 Sco  2448814.5      50.5   9.62 0.06    6
V992 Sco  2448815.5      51.5   9.04 0.16    5
V992 Sco  2448816.5      52.5   8.73 0.19    3
V992 Sco  2448817.5      53.5   8.58 0.12    5
V992 Sco  2448818.5      54.5   8.71 0.15    7
V992 Sco  2448819.5      55.5   8.40 0.08   12
V992 Sco  2448820.5      56.5   8.47 0.08    9
V992 Sco  2448821.5      57.5   8.89 0.03   10
V992 Sco  2448822.5      58.5   9.03 0.08    4
V992 Sco  2448823.5      59.5   9.27 0.04   10
V992 Sco  2448824.5      60.5   9.35 0.07    6
V992 Sco  2448825.5      61.5   9.45 0.11    8
V992 Sco  2448826.5      62.5   9.62 0.07   10
V992 Sco  2448827.5      63.5   9.64 0.06    7
V992 Sco  2448828.5      64.5   9.50 0.06    7
V992 Sco  2448829.5      65.5   9.51 0.08    7
V992 Sco  2448830.5      66.5   9.63 0.06   10
V992 Sco  2448831.5      67.5   9.59 0.06    9
V992 Sco  2448832.5      68.5   9.28 0.10    8
V992 Sco  2448833.5      69.5   8.87 0.09    9
V992 Sco  2448834.5      70.5   9.08 0.12    4
V992 Sco  2448835.5      71.5   8.70 0.09   10
V992 Sco  2448836.5      72.5   8.37 0.14    6
V992 Sco  2448837.5      73.5   8.15 0.07    6
V992 Sco  2448838.5      74.5   8.58 0.11    4
V992 Sco  2448839.5      75.5   7.92 0.07    5
V992 Sco  2448840.5      76.5   8.40 0.09    5
V992 Sco  2448841.5      77.5   8.33 0.08    4
V992 Sco  2448842.5      78.5   8.56 0.17    5
V992 Sco  2448843.5      79.5   9.10 0.15    1
V992 Sco  2448844.5      80.5   8.20 0.12    4
V992 Sco  2448845.5      81.5   9.20 0.15    1
V992 Sco  2448846.5      82.5   8.50 0.15    1
V992 Sco  2448847.5      83.5   8.63 0.11    3
V992 Sco  2448848.5      84.5   8.63 0.12    4
V992 Sco  2448849.5      85.5   8.73 0.24    3
V992 Sco  2448850.5      86.5   9.08 0.09    5
V992 Sco  2448851.5      87.5   8.78 0.18    6
V992 Sco  2448852.5      88.5   8.62 0.15    5
V992 Sco  2448853.5      89.5   8.90 0.17    3
V992 Sco  2448854.5      90.5   8.47 0.13    6
V992 Sco  2448855.5      91.5   8.42 0.12    5
V992 Sco  2448856.5      92.5   8.84 0.31    5
V992 Sco  2448857.5      93.5   8.64 0.14    5
V992 Sco  2448858.5      94.5   9.04 0.16    5
V992 Sco  2448859.5      95.5   9.27 0.18    3
V992 Sco  2448860.5      96.5   9.40 0.08    6
V992 Sco  2448861.5      97.5   9.30 0.09    3
V992 Sco  2448862.5      98.5   9.47 0.15    3
V992 Sco  2448863.5      99.5   9.43 0.10    4
V992 Sco  2448864.5     100.5   9.70 0.11    2
V992 Sco  2448866.      102.    9.72 0.07    5
V992 Sco  2448868.      104.    9.82 0.08    9
V992 Sco  2448870.      106.    9.70 0.15    1
V992 Sco  2448872.      108.   10.32 0.07    9
V992 Sco  2448874.      110.   10.17 0.09    6
V992 Sco  2448876.      112.   10.37 0.23    3
V992 Sco  2448878.      114.   10.63 0.09    4
V992 Sco  2448880.      116.   10.40 0.07    9
V992 Sco  2448882.      118.   10.68 0.08    4
V992 Sco  2448884.      120.   10.53 0.19    3
V992 Sco  2448886.      122.   10.50 0.07    5
V992 Sco  2448888.      124.   10.70 0.11    2
V992 Sco  2448890.      126.   10.47 0.20    3
V992 Sco  2448892.      128.   12.36 0.25   10
V992 Sco  2448894.      130.   12.43 0.59    3
V992 Sco  2448896.      132.   13.70 0.21    2
V992 Sco  2448900.      136.   11.80 0.15    1
V992 Sco  2448902.      138.   12.75 0.67    2
V992 Sco  2448908.      144.   13.50 0.15    1
V992 Sco  2448918.      154.   13.85 0.11    2
V992 Sco  2448922.      158.   14.30 0.15    1
V992 Sco  2448938.      174.   12.70 0.15    1
V992 Sco  2448940.      176.   14.30 0.15    1
V992 Sco  2449013.      249.   12.86 0.15    5
V992 Sco  2449029.      265.   12.87 0.26    3
V992 Sco  2449045.      281.   12.50 0.11    2
V992 Sco  2449061.      297.   12.28 0.08    4
V992 Sco  2449077.      313.   12.77 0.09    6
V992 Sco  2449093.      329.   12.63 0.06    6
V992 Sco  2449109.      345.   12.78 0.07    9
V992 Sco  2449125.      361.   12.55 0.03   12
V992 Sco  2449141.      377.   12.73 0.06    7
V992 Sco  2449157.      393.   12.72 0.05   13
V992 Sco  2449173.      409.   12.60 0.15    1
V992 Sco  2449189.      425.   12.75 0.11    2
V992 Sco  2449205.      441.   12.70 0.11    2
V992 Sco  2449221.      457.   12.20 0.35    2
V992 Sco  2449237.      473.   12.75 0.11    2
V992 Sco  2449253.      489.   14.00 0.15    1
V992 Sco  2449277.      513.   13.10 0.11    2
V992 Sco  2449373.      609.   13.20 0.42    2
V992 Sco  2449405.      641.   13.70 0.15    1
V992 Sco  2449533.      769.   13.50 0.15    1
V992 Sco  2449597.      833.   13.80 0.15    1
V992 Sco  2449725.      961.   14.30 0.15    1
V992 Sco  2449789.     1025.   14.30 0.15    1
V992 Sco  2449949.     1185.   14.00 0.15    1
V992 Sco  2450013.     1249.   14.00 0.15    1
V992 Sco  2450141.     1377.   14.00 0.15    1
V992 Sco  2450173.     1409.   14.50 0.15    1
V992 Sco  2450205.     1441.   14.78 0.22    4
V992 Sco  2450237.     1473.   15.00 0.07    5
V992 Sco  2450269.     1505.   15.00 0.09    3
V992 Sco  2450301.     1537.   15.20 0.09    3
V992 Sco  2450333.     1569.   15.28 0.08    4
V1186 Sco 2453189.75      0.75 11.98 0.15    1
V1186 Sco 2453191.75      2.75 11.19 0.15    1
V1186 Sco 2453192.75      3.75 10.86 0.11    2
V1186 Sco 2453193.25      4.25 11.00 0.15    1
V1186 Sco 2453193.75      4.75 10.70 0.11    2
V1186 Sco 2453194.75      5.75 10.23 0.02   13
V1186 Sco 2453195.75      6.75  9.70 0.09    4
V1186 Sco 2453196.25      7.25  9.90 0.15    1
V1186 Sco 2453196.75      7.75 10.08 0.08    4
V1186 Sco 2453197.25      8.25 10.00 0.14    2
V1186 Sco 2453197.75      8.75 10.47 0.18    3
V1186 Sco 2453198.25      9.25 10.40 0.15    1
V1186 Sco 2453198.75      9.75 10.50 0.11    2
V1186 Sco 2453199.75     10.75 10.37 0.09    3
V1186 Sco 2453200.75     11.75 10.34 0.07    5
V1186 Sco 2453201.25     12.25 10.70 0.03   12
V1186 Sco 2453201.75     12.75 10.23 0.03   15
V1186 Sco 2453202.25     13.25 10.55 0.11    2
V1186 Sco 2453202.75     13.75 10.11 0.02   24
V1186 Sco 2453203.25     14.25 10.07 0.18    3
V1186 Sco 2453203.75     14.75  9.87 0.04   13
V1186 Sco 2453204.25     15.25  9.80 0.09    3
V1186 Sco 2453204.75     15.75  9.65 0.18    2
V1186 Sco 2453205.75     16.75  9.94 0.05   12
V1186 Sco 2453206.25     17.25  9.80 0.15    1
V1186 Sco 2453206.75     17.75  9.96 0.02   33
V1186 Sco 2453207.25     18.25 10.90 0.15    1
V1186 Sco 2453207.75     18.75 10.40 0.09    3
V1186 Sco 2453208.25     19.25 10.50 0.15    1
V1186 Sco 2453208.75     19.75 10.60 0.11    2
V1186 Sco 2453209.25     20.25 10.60 0.11    2
V1186 Sco 2453209.75     20.75 10.57 0.09    3
V1186 Sco 2453210.25     21.25 10.40 0.15    1
V1186 Sco 2453210.75     21.75 10.50 0.15    1
V1186 Sco 2453211.25     22.25 10.33 0.02   10
V1186 Sco 2453212.25     23.25 10.32 0.02   11
V1186 Sco 2453212.75     23.75 10.31 0.02   11
V1186 Sco 2453213.25     24.25 10.45 0.11    2
V1186 Sco 2453213.75     24.75 10.55 0.02   10
V1186 Sco 2453214.25     25.25 10.66 0.02   10
V1186 Sco 2453214.75     25.75 11.07 0.02   10
V1186 Sco 2453215.25     26.25 11.14 0.02   10
V1186 Sco 2453215.75     26.75 11.50 0.02   20
V1186 Sco 2453216.25     27.25 11.68 0.02   20
V1186 Sco 2453216.75     27.75 11.60 0.02   10
V1186 Sco 2453217.25     28.25 11.74 0.02   10
V1186 Sco 2453217.75     28.75 11.80 0.02   31
V1186 Sco 2453218.75     29.75 11.90 0.02   30
V1186 Sco 2453219.25     30.25 12.03 0.02   20
V1186 Sco 2453220.5      31.5  12.04 0.04   13
V1186 Sco 2453221.5      32.5  11.95 0.02   63
V1186 Sco 2453222.5      33.5  11.97 0.03   44
V1186 Sco 2453223.5      34.5  12.18 0.07   13
V1186 Sco 2453224.5      35.5  12.07 0.02   20
V1186 Sco 2453225.5      36.5  12.08 0.03   37
V1186 Sco 2453226.5      37.5  12.16 0.03   37
V1186 Sco 2453227.5      38.5  12.24 0.03   35
V1186 Sco 2453228.5      39.5  12.32 0.03   34
V1186 Sco 2453229.5      40.5  12.34 0.03   22
V1186 Sco 2453231.       42.   12.42 0.02   47
V1186 Sco 2453233.       44.   12.16 0.02   56
V1186 Sco 2453235.       46.   12.03 0.02   54
V1186 Sco 2453237.       48.   12.22 0.02   52
V1186 Sco 2453239.       50.   12.39 0.02   74
V1186 Sco 2453241.       52.   12.44 0.02   42
V1186 Sco 2453243.       54.   12.70 0.02   31
V1186 Sco 2453245.       56.   12.46 0.03   10
V1186 Sco 2453247.       58.   12.33 0.02   30
V1186 Sco 2453249.       60.   12.47 0.02   10
V1186 Sco 2453251.       62.   12.30 0.02   31
V1186 Sco 2453255.       66.   12.22 0.06   11
V1186 Sco 2453257.       68.   12.15 0.11    2
V1186 Sco 2453259.       70.   12.22 0.05   12
V1186 Sco 2453261.       72.   12.32 0.03   23
V1186 Sco 2453263.       74.   12.28 0.05   22
V1186 Sco 2453265.       76.   12.68 0.04   13
V1186 Sco 2453267.       78.   11.89 0.02   11
V1186 Sco 2453269.       80.   12.67 0.04   11
V1186 Sco 2453271.       82.   12.74 0.02   20
V1186 Sco 2453273.       84.   13.03 0.02   10
V1186 Sco 2453277.       88.   13.22 0.02   20
V1186 Sco 2453279.       90.   13.23 0.02   10
V1186 Sco 2453281.       92.   13.26 0.02   10
V1186 Sco 2453283.       94.   13.25 0.02   11
V1186 Sco 2453285.       96.   13.24 0.02   10
V1186 Sco 2453287.       98.   13.20 0.15    1
V1186 Sco 2453289.      100.   13.25 0.02   21
V1186 Sco 2453291.      102.   13.23 0.03   10
V1186 Sco 2453293.      104.   13.00 0.15    1
V1186 Sco 2453295.      106.   13.20 0.15    1
V1186 Sco 2453301.      112.   13.21 0.03   20
V1186 Sco 2453305.      116.   12.93 0.03   10
V1186 Sco 2453430.      241.   13.60 0.02   20
V1186 Sco 2453446.      257.   13.45 0.02   20
V1186 Sco 2453462.      273.   13.85 0.06   20
V1186 Sco 2453494.      305.   13.50 0.15    1
V1186 Sco 2453558.      369.   13.30 0.15    1
V1186 Sco 2453574.      385.   13.25 0.11    2
V1186 Sco 2453590.      401.   13.26 0.07    5
V1186 Sco 2453606.      417.   13.25 0.06    6
V1186 Sco 2453622.      433.   13.20 0.09    3
V1186 Sco 2453638.      449.   13.27 0.06    6
V1186 Sco 2453654.      465.   13.50 0.15    1
V1186 Sco 2453670.      481.   13.25 0.11    2
V1186 Sco 2453854.      665.   13.50 0.15    1
V1186 Sco 2453918.      729.   13.59 0.05   10
V1186 Sco 2453950.      761.   13.73 0.03   10
V1186 Sco 2453982.      793.   13.70 0.06   10
V1186 Sco 2454014.      825.   13.91 0.03   12
V1186 Sco 2454046.      857.   13.90 0.15    1
V1186 Sco 2454110.      921.   14.00 0.15    1
V1186 Sco 2454206.     1017.   14.10 0.08    4
V1186 Sco 2454238.     1049.   14.00 0.09    3
V1186 Sco 2454270.     1081.   14.00 0.15    1
V1186 Sco 2454302.     1113.   14.15 0.08    4
V1186 Sco 2454334.     1145.   14.30 0.15    1
V1187 Sco 2453219.75      0.75  9.91 0.02   10
V1187 Sco 2453222.75      3.75  9.80 0.11    2
V1187 Sco 2453223.25      4.25  9.79 0.02   12
V1187 Sco 2453223.75      4.75  9.90 0.11    2
V1187 Sco 2453224.25      5.25  9.90 0.15    1
V1187 Sco 2453224.75      5.75 10.05 0.04   13
V1187 Sco 2453225.5       6.5  10.50 0.02   13
V1187 Sco 2453226.5       7.5  10.69 0.04   16
V1187 Sco 2453227.5       8.5  10.95 0.04   14
V1187 Sco 2453228.5       9.5  11.17 0.02   23
V1187 Sco 2453229.5      10.5  11.30 0.15    1
V1187 Sco 2453230.5      11.5  11.65 0.11    2
V1187 Sco 2453231.5      12.5  11.60 0.15    1
V1187 Sco 2453232.5      13.5  11.83 0.02   25
V1187 Sco 2453233.5      14.5  11.75 0.11    2
V1187 Sco 2453235.5      16.5  12.40 0.21    2
V1187 Sco 2453237.5      18.5  12.34 0.02   21
V1187 Sco 2453238.5      19.5  12.53 0.03   11
V1187 Sco 2453239.5      20.5  12.60 0.02   10
V1187 Sco 2453240.5      21.5  12.70 0.04   10
V1187 Sco 2453241.5      22.5  12.82 0.02   11
V1187 Sco 2453243.5      24.5  12.90 0.04   10
V1187 Sco 2453245.5      26.5  13.00 0.02   10
V1187 Sco 2453246.5      27.5  13.13 0.02   30
V1187 Sco 2453247.5      28.5  13.23 0.02   20
V1187 Sco 2453251.       32.   13.40 0.02   20
V1187 Sco 2453255.       36.   13.57 0.02   31
V1187 Sco 2453257.       38.   13.60 0.02   10
V1187 Sco 2453259.       40.   13.70 0.02   10
V1187 Sco 2453261.       42.   13.77 0.02   10
V1187 Sco 2453263.       44.   13.79 0.02   10
V1187 Sco 2453265.       46.   13.90 0.04   10
V1187 Sco 2453267.       48.   13.87 0.04   10
V1187 Sco 2453272.       53.   14.31 0.02   10
V1187 Sco 2453276.       57.   14.43 0.04   10
V1187 Sco 2453280.       61.   14.48 0.02   10
V1188 Sco 2453576.75      0.75  9.10 0.15    1
V1188 Sco 2453577.75      1.75  8.91 0.15    1
V1188 Sco 2453578.25      2.25  8.90 0.15    1
V1188 Sco 2453578.75      2.75  9.40 0.15    1
V1188 Sco 2453579.25      3.25  9.40 0.02   11
V1188 Sco 2453579.75      3.75  9.50 0.15    1
V1188 Sco 2453580.5       4.5   9.58 0.03   14
V1188 Sco 2453581.5       5.5   9.84 0.02   36
V1188 Sco 2453582.5       6.5   9.98 0.14    6
V1188 Sco 2453583.5       7.5  10.19 0.06   15
V1188 Sco 2453584.5       8.5  10.18 0.03   13
V1188 Sco 2453585.5       9.5  10.41 0.06   16
V1188 Sco 2453586.5      10.5  10.56 0.12    5
V1188 Sco 2453587.5      11.5  10.60 0.07    5
V1188 Sco 2453588.5      12.5  10.71 0.02   38
V1188 Sco 2453589.5      13.5  10.75 0.08    4
V1188 Sco 2453590.5      14.5  10.97 0.11    3
V1188 Sco 2453591.5      15.5  11.09 0.02   14
V1188 Sco 2453592.5      16.5  11.07 0.10    3
V1188 Sco 2453593.5      17.5  11.37 0.05   12
V1188 Sco 2453594.5      18.5  11.47 0.04   26
V1188 Sco 2453595.5      19.5  11.46 0.03   24
V1188 Sco 2453596.5      20.5  11.10 0.15    1
V1188 Sco 2453597.5      21.5  11.20 0.15    1
V1188 Sco 2453598.5      22.5  11.59 0.02   11
V1188 Sco 2453599.5      23.5  11.60 0.15    1
V1188 Sco 2453601.       25.   11.84 0.03   23
V1188 Sco 2453603.       27.   12.13 0.04   22
V1188 Sco 2453605.       29.   12.24 0.06   14
V1188 Sco 2453607.       31.   12.31 0.02   36
V1188 Sco 2453609.       33.   12.40 0.14    5
V1188 Sco 2453611.       35.   12.65 0.18    2
V1188 Sco 2453613.       37.   12.71 0.04   12
V1188 Sco 2453615.       39.   12.78 0.06   13
V1188 Sco 2453617.       41.   13.27 0.02   11
V1188 Sco 2453621.       45.   13.55 0.02   21
V1188 Sco 2453623.       47.   13.10 0.11    2
V1188 Sco 2453625.       49.   13.94 0.03   10
V1188 Sco 2453631.       55.   14.43 0.03   10
V1188 Sco 2453635.       59.   14.52 0.02   20
V1188 Sco 2453641.       65.   14.69 0.03   10
V1188 Sco 2453643.       67.   14.74 0.02   10
V1188 Sco 2453647.       71.   15.31 0.02   10
V1188 Sco 2453651.       75.   15.24 0.03   10
V1188 Sco 2453653.       77.   15.28 0.02   20
V1188 Sco 2453667.       91.   15.33 0.03   10
V373 Sct  2442529.5       0.5   9.40 0.15    1
V373 Sct  2442542.5      13.5   6.10 0.15    1
V373 Sct  2442549.5      20.5   7.80 0.15    1
V373 Sct  2442550.5      21.5   8.40 0.15    1
V373 Sct  2442551.5      22.5   7.80 0.15    1
V373 Sct  2442564.5      35.5   7.70 0.15    1
V373 Sct  2442573.5      44.5   7.30 0.15    1
V373 Sct  2442574.5      45.5   7.20 0.15    1
V373 Sct  2442578.5      49.5   7.90 0.15    1
V373 Sct  2442582.5      53.5   9.67 0.14    3
V373 Sct  2442583.5      54.5   9.00 0.15    1
V373 Sct  2442584.5      55.5   8.36 0.06    9
V373 Sct  2442585.5      56.5   8.20 0.08    4
V373 Sct  2442586.5      57.5   8.40 0.21    2
V373 Sct  2442587.5      58.5   8.15 0.11    4
V373 Sct  2442588.5      59.5   7.86 0.07    5
V373 Sct  2442589.5      60.5   8.36 0.11   10
V373 Sct  2442590.5      61.5   8.93 0.16    6
V373 Sct  2442591.5      62.5   9.50 0.20    4
V373 Sct  2442592.5      63.5   9.25 0.12   11
V373 Sct  2442593.5      64.5   9.43 0.14    9
V373 Sct  2442594.5      65.5   9.38 0.07   20
V373 Sct  2442595.5      66.5   9.40 0.08   17
V373 Sct  2442596.5      67.5   9.31 0.08   13
V373 Sct  2442597.5      68.5   9.43 0.04   19
V373 Sct  2442598.5      69.5   9.49 0.05   25
V373 Sct  2442599.5      70.5   8.74 0.06   23
V373 Sct  2442600.5      71.5   9.20 0.08   10
V373 Sct  2442601.5      72.5   9.47 0.07   12
V373 Sct  2442602.5      73.5   9.51 0.07   10
V373 Sct  2442603.5      74.5   9.44 0.05   14
V373 Sct  2442604.5      75.5   9.67 0.08   10
V373 Sct  2442605.5      76.5   9.50 0.06   16
V373 Sct  2442606.5      77.5   9.89 0.14    9
V373 Sct  2442607.5      78.5   9.59 0.11    7
V373 Sct  2442608.5      79.5   9.86 0.05   14
V373 Sct  2442609.5      80.5   9.56 0.05   21
V373 Sct  2442610.5      81.5   9.77 0.04   15
V373 Sct  2442611.5      82.5   9.66 0.03   20
V373 Sct  2442612.5      83.5   9.31 0.07    9
V373 Sct  2442613.5      84.5   9.53 0.09    3
V373 Sct  2442614.5      85.5   9.55 0.11    2
V373 Sct  2442615.5      86.5   9.72 0.06   10
V373 Sct  2442616.5      87.5   9.32 0.06   13
V373 Sct  2442617.5      88.5   9.60 0.12    3
V373 Sct  2442618.5      89.5   9.44 0.06   11
V373 Sct  2442619.5      90.5   8.96 0.08   15
V373 Sct  2442620.5      91.5   9.02 0.03   38
V373 Sct  2442621.5      92.5   9.40 0.03   25
V373 Sct  2442622.5      93.5   9.40 0.03   31
V373 Sct  2442623.5      94.5   9.61 0.04   27
V373 Sct  2442624.5      95.5   9.68 0.03   38
V373 Sct  2442625.5      96.5  10.01 0.12    7
V373 Sct  2442626.5      97.5  10.06 0.06   17
V373 Sct  2442627.5      98.5  10.27 0.07   17
V373 Sct  2442628.5      99.5  10.15 0.06   16
V373 Sct  2442629.5     100.5  10.15 0.09   15
V373 Sct  2442632.0     103.0  10.20 0.03   79
V373 Sct  2442636.0     107.0  10.27 0.04   49
V373 Sct  2442640.0     111.0  10.30 0.06   22
V373 Sct  2442644.0     115.0  10.55 0.07   22
V373 Sct  2442648.0     119.0  10.47 0.04   16
V373 Sct  2442652.0     123.0  10.45 0.04   53
V373 Sct  2442656.0     127.0  10.36 0.04   30
V373 Sct  2442660.0     131.0  10.66 0.04   47
V373 Sct  2442664.0     135.0  10.70 0.05   49
V373 Sct  2442668.0     139.0  10.90 0.06   25
V373 Sct  2442672.0     143.0  11.10 0.12    8
V373 Sct  2442676.0     147.0  10.94 0.12   11
V373 Sct  2442680.0     151.0  10.98 0.06   18
V373 Sct  2442686.0     157.0  11.17 0.04   74
V373 Sct  2442694.0     165.0  11.26 0.04   56
V373 Sct  2442702.0     173.0  11.18 0.08   15
V373 Sct  2442710.0     181.0  11.48 0.06   43
V373 Sct  2442718.0     189.0  11.53 0.07   30
V373 Sct  2442726.0     197.0  11.71 0.08   14
V373 Sct  2442734.0     205.0  11.67 0.14    3
V373 Sct  2442742.0     213.0  11.71 0.11   10
V373 Sct  2442750.0     221.0  11.80 0.22    6
V373 Sct  2442826.0     297.0  12.60 0.15    1
V373 Sct  2442842.0     313.0  12.95 0.32    2
V373 Sct  2442858.0     329.0  13.50 0.15    1
V373 Sct  2442874.0     345.0  13.50 0.15    1
V373 Sct  2442906.0     377.0  13.78 0.14    4
V373 Sct  2442922.0     393.0  13.80 0.15    1
V373 Sct  2442954.0     425.0  13.93 0.07    6
V373 Sct  2442978.0     449.0  13.90 0.10    9
V373 Sct  2443010.0     481.0  14.02 0.10   10
V373 Sct  2443042.0     513.0  14.23 0.09    8
V373 Sct  2443074.0     545.0  14.37 0.06    6
V373 Sct  2443442.0     913.0  15.40 0.15    1
V373 Sct  2443762.0    1233.0  14.30 0.15    1
V373 Sct  2444402.0    1873.0  16.50 0.15    1
V443 Sct  2447778.25      0.25  9.50 0.15    1
V443 Sct  2447786.75      8.75  8.50 0.15    1
V443 Sct  2447787.75      9.75  9.00 0.15    1
V443 Sct  2447789.75     11.75 10.30 0.15    1
V443 Sct  2447791.25     13.25 10.90 0.15    1
V443 Sct  2447792.75     14.75 11.00 0.15    1
V443 Sct  2447794.25     16.25 10.10 0.15    1
V443 Sct  2447795.25     17.25 10.55 0.11    2
V443 Sct  2447795.75     17.75 10.40 0.15    1
V443 Sct  2447796.25     18.25  9.88 0.12    5
V443 Sct  2447796.75     18.75 10.23 0.10    3
V443 Sct  2447797.25     19.25  9.94 0.05   15
V443 Sct  2447797.75     19.75 10.25 0.11    2
V443 Sct  2447798.25     20.25 10.01 0.05   13
V443 Sct  2447798.75     20.75  9.75 0.12    6
V443 Sct  2447799.25     21.25  9.73 0.14    4
V443 Sct  2447799.75     21.75  9.79 0.12    7
V443 Sct  2447800.25     22.25  9.60 0.11    2
V443 Sct  2447800.75     22.75  9.63 0.06    7
V443 Sct  2447801.25     23.25  9.88 0.06   13
V443 Sct  2447801.75     23.75  9.90 0.15    1
V443 Sct  2447802.25     24.25  9.86 0.05   14
V443 Sct  2447802.75     24.75  9.76 0.15    5
V443 Sct  2447803.25     25.25  9.78 0.08   10
V443 Sct  2447803.75     25.75  9.66 0.12    7
V443 Sct  2447804.25     26.25  9.94 0.08    9
V443 Sct  2447804.75     26.75  9.90 0.06    8
V443 Sct  2447805.25     27.25 10.42 0.07    5
V443 Sct  2447805.75     27.75 10.50 0.28    2
V443 Sct  2447806.25     28.25 11.32 0.10    5
V443 Sct  2447806.75     28.75 11.40 0.15    1
V443 Sct  2447807.75     29.75 11.10 0.15    1
V443 Sct  2447808.25     30.25 11.00 0.15    1
V443 Sct  2447808.75     30.75 11.45 0.18    2
V443 Sct  2447809.25     31.25 10.82 0.09    5
V443 Sct  2447809.75     31.75 10.60 0.14    4
V443 Sct  2447810.5      32.5  11.07 0.12    3
V443 Sct  2447811.5      33.5  10.93 0.15    6
V443 Sct  2447812.5      34.5  11.00 0.13    9
V443 Sct  2447813.5      35.5  10.82 0.11   11
V443 Sct  2447814.5      36.5  10.33 0.09    3
V443 Sct  2447815.5      37.5  10.43 0.10    7
V443 Sct  2447816.5      38.5  10.39 0.12    7
V443 Sct  2447817.5      39.5  10.16 0.10    8
V443 Sct  2447818.5      40.5  10.05 0.09    6
V443 Sct  2447819.5      41.5   9.84 0.16    5
V443 Sct  2447820.5      42.5  10.20 0.17    3
V443 Sct  2447821.5      43.5  10.90 0.03   15
V443 Sct  2447822.5      44.5  11.42 0.11   10
V443 Sct  2447823.5      45.5  11.57 0.09   13
V443 Sct  2447824.5      46.5  11.76 0.07   18
V443 Sct  2447825.5      47.5  11.65 0.07   16
V443 Sct  2447826.5      48.5  11.59 0.11    9
V443 Sct  2447827.5      49.5  11.32 0.06   16
V443 Sct  2447828.5      50.5  11.18 0.06   14
V443 Sct  2447829.5      51.5  11.18 0.08   14
V443 Sct  2447831.       53.   11.04 0.06   14
V443 Sct  2447833.       55.   11.12 0.05   29
V443 Sct  2447835.       57.   10.99 0.05   16
V443 Sct  2447837.       59.   11.35 0.11    2
V443 Sct  2447839.       61.   11.03 0.27    4
V443 Sct  2447841.       63.   11.08 0.11    8
V443 Sct  2447843.       65.   11.18 0.12    9
V443 Sct  2447845.       67.   11.70 0.17    3
V443 Sct  2447847.       69.   11.50 0.19    6
V443 Sct  2447849.       71.   11.99 0.08    8
V443 Sct  2447852.       74.   11.98 0.16    5
V443 Sct  2447856.       78.   11.68 0.10    9
V443 Sct  2447860.       82.   12.06 0.06   13
V443 Sct  2447864.       86.   12.13 0.11   12
V443 Sct  2447868.       90.   11.70 0.15    1
V443 Sct  2447880.      102.   12.80 0.15    1
V443 Sct  2447922.      144.   12.50 0.15    1
V443 Sct  2447938.      160.   13.05 0.25    2
V443 Sct  2447954.      176.   13.05 0.06    6
V443 Sct  2447970.      192.   13.40 0.15    1
V443 Sct  2447986.      208.   13.24 0.08    5
V443 Sct  2448002.      224.   13.30 0.07    5
V443 Sct  2448018.      240.   13.20 0.05    9
V443 Sct  2448034.      256.   13.41 0.07    9
V443 Sct  2448050.      272.   13.33 0.08    4
V443 Sct  2448066.      288.   13.54 0.06   16
V443 Sct  2448082.      304.   13.87 0.09    3
V443 Sct  2448098.      320.   13.80 0.09    7
V443 Sct  2448114.      336.   13.93 0.09    3
V443 Sct  2448130.      352.   13.94 0.09    5
V443 Sct  2448146.      368.   14.03 0.17    4
V443 Sct  2448162.      384.   13.90 0.15    1
V443 Sct  2448178.      400.   14.14 0.22    5
V443 Sct  2448434.      656.   14.50 0.15    1
FH Ser    2440631.25      0.25  7.00 0.15    1
FH Ser    2440633.25      2.25  5.00 0.15    1
FH Ser    2440634.25      3.25  4.50 0.15    1
FH Ser    2440634.75      3.75  5.00 0.15    1
FH Ser    2440635.25      4.25  4.70 0.15    1
FH Ser    2440635.75      4.75  4.60 0.22    3
FH Ser    2440636.75      5.75  5.00 0.15    1
FH Ser    2440637.75      6.75  4.68 0.07    9
FH Ser    2440638.75      7.75  4.79 0.08   10
FH Ser    2440639.75      8.75  4.70 0.06    9
FH Ser    2440640.5       9.5   4.56 0.06    7
FH Ser    2440641.5      10.5   4.69 0.07   11
FH Ser    2440642.5      11.5   4.68 0.15    5
FH Ser    2440643.5      12.5   4.66 0.05    8
FH Ser    2440644.5      13.5   4.87 0.09    3
FH Ser    2440645.5      14.5   4.93 0.15    3
FH Ser    2440646.5      15.5   5.22 0.09    6
FH Ser    2440647.5      16.5   5.30 0.15    1
FH Ser    2440648.5      17.5   5.72 0.08    5
FH Ser    2440649.5      18.5   5.30 0.11    2
FH Ser    2440650.5      19.5   5.20 0.15    1
FH Ser    2440651.5      20.5   5.43 0.06    7
FH Ser    2440652.5      21.5   5.55 0.13    4
FH Ser    2440653.5      22.5   5.67 0.12    7
FH Ser    2440654.5      23.5   5.84 0.06    7
FH Ser    2440655.5      24.5   5.68 0.08    6
FH Ser    2440656.5      25.5   5.77 0.09    3
FH Ser    2440657.5      26.5   5.87 0.09    3
FH Ser    2440658.5      27.5   5.90 0.11    2
FH Ser    2440659.5      28.5   5.75 0.11    2
FH Ser    2440660.5      29.5   5.60 0.06    6
FH Ser    2440661.5      30.5   5.47 0.04   15
FH Ser    2440662.5      31.5   5.70 0.11    5
FH Ser    2440663.5      32.5   5.90 0.10    3
FH Ser    2440664.5      33.5   5.77 0.09    3
FH Ser    2440665.5      34.5   5.70 0.15    1
FH Ser    2440666.5      35.5   5.80 0.09    3
FH Ser    2440667.5      36.5   5.75 0.18    2
FH Ser    2440669.5      38.5   5.83 0.02   12
FH Ser    2440670.5      39.5   6.10 0.09    6
FH Ser    2440671.5      40.5   6.00 0.09    3
FH Ser    2440672.5      41.5   6.02 0.08    5
FH Ser    2440673.5      42.5   6.19 0.06    7
FH Ser    2440674.5      43.5   6.28 0.07    6
FH Ser    2440675.5      44.5   6.30 0.09    4
FH Ser    2440676.5      45.5   6.10 0.09    3
FH Ser    2440677.5      46.5   6.20 0.15    1
FH Ser    2440678.5      47.5   6.41 0.09    8
FH Ser    2440679.5      48.5   6.38 0.10    5
FH Ser    2440680.5      49.5   6.53 0.03   18
FH Ser    2440681.5      50.5   6.62 0.06   10
FH Ser    2440682.5      51.5   6.55 0.06    8
FH Ser    2440683.5      52.5   6.47 0.04   14
FH Ser    2440684.5      53.5   6.62 0.02   16
FH Ser    2440685.5      54.5   6.60 0.08    4
FH Ser    2440686.5      55.5   6.63 0.06    7
FH Ser    2440687.5      56.5   6.73 0.08    4
FH Ser    2440688.5      57.5   6.63 0.09    3
FH Ser    2440689.5      58.5   6.90 0.15    1
FH Ser    2440691.5      60.5   7.08 0.05   11
FH Ser    2440692.5      61.5   6.87 0.07    6
FH Ser    2440693.5      62.5   7.20 0.15    1
FH Ser    2440694.5      63.5   6.85 0.11    2
FH Ser    2440695.5      64.5   7.68 0.08    4
FH Ser    2440696.5      65.5   7.30 0.15    1
FH Ser    2440697.5      66.5   8.30 0.15    1
FH Ser    2440698.5      67.5   7.93 0.35    3
FH Ser    2440699.5      68.5   8.60 0.15    1
FH Ser    2440700.5      69.5   9.15 0.11    2
FH Ser    2440701.5      70.5   9.10 0.16    3
FH Ser    2440702.5      71.5   9.20 0.15    1
FH Ser    2440703.5      72.5   9.63 0.10    3
FH Ser    2440705.5      74.5   9.90 0.15    1
FH Ser    2440707.5      76.5   9.70 0.15    1
FH Ser    2440708.5      77.5  10.25 0.11    2
FH Ser    2440709.5      78.5  10.10 0.15    1
FH Ser    2440710.5      79.5  10.40 0.24    3
FH Ser    2440711.5      80.5  10.23 0.10    4
FH Ser    2440712.5      81.5  10.57 0.11    6
FH Ser    2440713.5      82.5  10.58 0.16    5
FH Ser    2440714.5      83.5  10.64 0.07    5
FH Ser    2440715.5      84.5  10.60 0.15    1
FH Ser    2440716.5      85.5  10.35 0.11    2
FH Ser    2440717.5      86.5  11.20 0.15    1
FH Ser    2440718.5      87.5  10.10 0.15    1
FH Ser    2440720.5      89.5  11.20 0.14    2
FH Ser    2440724.5      93.5  11.40 0.15    1
FH Ser    2440725.5      94.5  11.27 0.20    3
FH Ser    2440727.5      96.5  11.35 0.25    2
FH Ser    2440730.5      99.5  11.80 0.15    1
FH Ser    2440731.5     100.5  11.95 0.19    4
FH Ser    2440733.5     102.5  11.10 0.21    2
FH Ser    2440734.5     103.5  11.24 0.15    5
FH Ser    2440735.5     104.5  11.65 0.08    4
FH Ser    2440737.5     106.5  11.50 0.15    1
FH Ser    2440739.5     108.5  12.07 0.28    3
FH Ser    2440742.      111.   11.70 0.12   13
FH Ser    2440746.      115.   11.32 0.06   11
FH Ser    2440750.      119.   11.28 0.20    9
FH Ser    2440754.      123.   10.93 0.12    3
FH Ser    2440758.      127.   10.90 0.17    6
FH Ser    2440762.      131.   10.85 0.07   11
FH Ser    2440766.      135.   10.52 0.14   10
FH Ser    2440770.      139.   10.50 0.23    5
FH Ser    2440774.      143.   10.48 0.09   17
FH Ser    2440778.      147.   10.50 0.22    4
FH Ser    2440782.      151.   10.50 0.15    4
FH Ser    2440786.      155.   10.65 0.11    2
FH Ser    2440790.      159.   10.30 0.09    7
FH Ser    2440794.      163.   10.12 0.03   11
FH Ser    2440798.      167.   10.15 0.05    8
FH Ser    2440802.      171.   10.16 0.06   14
FH Ser    2440806.      175.    9.98 0.05    8
FH Ser    2440810.      179.   10.34 0.07    8
FH Ser    2440814.      183.   10.30 0.09    3
FH Ser    2440818.      187.    9.98 0.07    5
FH Ser    2440822.      191.   10.07 0.13    7
FH Ser    2440826.      195.   10.19 0.04   11
FH Ser    2440830.      199.   10.10 0.10    5
FH Ser    2440834.      203.   10.11 0.05    9
FH Ser    2440838.      207.   10.10 0.09   10
FH Ser    2440842.      211.   10.13 0.08    7
FH Ser    2440846.      215.   10.25 0.08    4
FH Ser    2440850.      219.   10.08 0.04   14
FH Ser    2440856.      225.   10.02 0.04   16
FH Ser    2440864.      233.   10.12 0.06   10
FH Ser    2440872.      241.   10.20 0.10    5
FH Ser    2440880.      249.   10.15 0.06   13
FH Ser    2440888.      257.   10.12 0.05   10
FH Ser    2440896.      265.   10.00 0.09    3
FH Ser    2440904.      273.   10.20 0.11    2
FH Ser    2440912.      281.   10.05 0.08    4
FH Ser    2440920.      289.   10.40 0.15    1
FH Ser    2440928.      297.   10.00 0.15    1
FH Ser    2440980.      349.   10.70 0.08    4
FH Ser    2440996.      365.   10.57 0.09    3
FH Ser    2441012.      381.   10.37 0.09    3
FH Ser    2441028.      397.   10.30 0.12    4
FH Ser    2441044.      413.   10.49 0.06   14
FH Ser    2441060.      429.   10.55 0.07   14
FH Ser    2441076.      445.   10.73 0.09   12
FH Ser    2441092.      461.   10.59 0.09   15
FH Ser    2441108.      477.   10.73 0.08   18
FH Ser    2441124.      493.   10.72 0.06   24
FH Ser    2441140.      509.   10.82 0.05   35
FH Ser    2441156.      525.   10.77 0.06   28
FH Ser    2441172.      541.   10.94 0.05   25
FH Ser    2441188.      557.   10.82 0.06   20
FH Ser    2441204.      573.   11.05 0.07   18
FH Ser    2441220.      589.   11.01 0.05   16
FH Ser    2441236.      605.   11.06 0.06   26
FH Ser    2441252.      621.   11.17 0.06   11
FH Ser    2441268.      637.   11.44 0.05    9
FH Ser    2441284.      653.   11.43 0.12    3
FH Ser    2441300.      669.   11.40 0.14    2
FH Ser    2441364.      733.   11.85 0.11    2
FH Ser    2441380.      749.   11.40 0.15    1
FH Ser    2441396.      765.   11.83 0.12    7
FH Ser    2441412.      781.   11.93 0.14    3
FH Ser    2441444.      813.   11.77 0.06    6
FH Ser    2441460.      829.   11.99 0.10    8
FH Ser    2441476.      845.   12.06 0.13   11
FH Ser    2441492.      861.   12.42 0.12    5
FH Ser    2441508.      877.   12.17 0.08   12
FH Ser    2441524.      893.   12.23 0.20    4
FH Ser    2441540.      909.   12.33 0.10    7
FH Ser    2441556.      925.   12.20 0.12    3
FH Ser    2441572.      941.   12.50 0.09    7
FH Ser    2441588.      957.   12.46 0.15    9
FH Ser    2441604.      973.   12.65 0.11    2
FH Ser    2441628.      997.   12.73 0.08    4
FH Ser    2441660.     1029.   12.60 0.15    1
FH Ser    2441756.     1125.   12.80 0.15    1
FH Ser    2441788.     1157.   12.60 0.17    3
FH Ser    2441820.     1189.   12.70 0.11    2
FH Ser    2441852.     1221.   12.76 0.10    5
FH Ser    2441884.     1253.   12.86 0.08    5
FH Ser    2441916.     1285.   12.90 0.09    8
FH Ser    2441948.     1317.   12.90 0.14    2
FH Ser    2441980.     1349.   12.85 0.11    2
FH Ser    2442076.     1445.   13.00 0.11    2
FH Ser    2442108.     1477.   12.90 0.15    1
FH Ser    2442140.     1509.   12.95 0.11    2
FH Ser    2442172.     1541.   13.13 0.08    4
FH Ser    2442204.     1573.   13.70 0.22    3
FH Ser    2442236.     1605.   13.77 0.15    3
FH Ser    2442268.     1637.   13.67 0.10    3
FH Ser    2442300.     1669.   13.50 0.15    1
FH Ser    2442332.     1701.   13.65 0.11    2
FH Ser    2442524.     1893.   14.10 0.15    1
FH Ser    2442556.     1925.   14.20 0.15    1
FH Ser    2442620.     1989.   14.35 0.11    2
FH Ser    2442652.     2021.   14.15 0.11    2
FH Ser    2442684.     2053.   14.50 0.15    1
FH Ser    2442716.     2085.   14.50 0.15    1
FH Ser    2442908.     2277.   14.70 0.15    1
FH Ser    2443004.     2373.   15.00 0.15    1
FH Ser    2443260.     2629.   16.00 0.15    1
FH Ser    2443388.     2757.   15.88 0.07    5
LW Ser    2443569.        1.    9.00 0.15    1
LW Ser    2443573.        5.    8.30 0.15    1
LW Ser    2443575.        7.    8.50 0.15    1
LW Ser    2443577.        9.    8.63 0.13    4
LW Ser    2443579.       11.    8.78 0.24    4
LW Ser    2443581.       13.    9.19 0.15    7
LW Ser    2443583.       15.    9.33 0.11    7
LW Ser    2443585.       17.    8.86 0.04   16
LW Ser    2443587.       19.    9.09 0.08    9
LW Ser    2443589.       21.    9.07 0.07    7
LW Ser    2443591.       23.    9.67 0.14    3
LW Ser    2443593.       25.    9.57 0.09    7
LW Ser    2443595.       27.    9.50 0.06    7
LW Ser    2443597.       29.    9.85 0.13    4
LW Ser    2443599.       31.    9.98 0.08    4
LW Ser    2443601.       33.    9.87 0.09    3
LW Ser    2443603.       35.    9.90 0.11    2
LW Ser    2443605.       37.    9.96 0.07    8
LW Ser    2443607.       39.   10.34 0.09   11
LW Ser    2443609.       41.   10.48 0.13    4
LW Ser    2443611.       43.   10.55 0.11    2
LW Ser    2443613.       45.   10.75 0.11    8
LW Ser    2443615.       47.   10.70 0.12    8
LW Ser    2443617.       49.   10.63 0.08    4
LW Ser    2443619.       51.   10.60 0.11    2
LW Ser    2443621.       53.   10.75 0.11    2
LW Ser    2443623.       55.   11.00 0.11    2
LW Ser    2443625.       57.   11.20 0.15    1
LW Ser    2443627.       59.   12.34 0.24    8
LW Ser    2443629.       61.   12.70 0.15    1
LW Ser    2443631.       63.   12.93 0.24    3
LW Ser    2443633.       65.   13.20 0.15    1
LW Ser    2443637.       69.   13.40 0.22    3
LW Ser    2443639.       71.   13.50 0.21    2
LW Ser    2443641.       73.   13.80 0.15    1
LW Ser    2443656.       88.   13.50 0.15    1
LW Ser    2443660.       92.   14.40 0.64    2
LW Ser    2443664.       96.   15.35 0.11    2
LW Ser    2443688.      120.   14.05 0.11    2
LW Ser    2443692.      124.   13.90 0.15    1
LW Ser    2443696.      128.   14.20 0.15    1
LW Ser    2443700.      132.   14.07 0.12    3
LW Ser    2443704.      136.   14.10 0.15    1
LW Ser    2443716.      148.   14.00 0.15    1
LW Ser    2443728.      160.   14.10 0.15    1
LW Ser    2443744.      176.   14.20 0.14    2
LW Ser    2443748.      180.   14.50 0.15    1
LW Ser    2443752.      184.   13.50 0.15    1
LW Ser    2443756.      188.   13.83 0.17    3
LW Ser    2443760.      192.   13.90 0.15    1
LW Ser    2443780.      212.   14.10 0.11    2
LW Ser    2443784.      216.   14.23 0.09    3
LW Ser    2444062.      494.   14.40 0.15    1
LW Ser    2444158.      590.   14.50 0.15    1
LW Ser    2444414.00    846.   14.50 0.15    1
V382 Vel  2451320.75      0.75  2.99 0.02   10
V382 Vel  2451321.25      1.25  2.86 0.03   20
V382 Vel  2451321.75      1.75  2.77 0.02   31
V382 Vel  2451322.25      2.25  2.88 0.03   17
V382 Vel  2451322.75      2.75  3.14 0.04   22
V382 Vel  2451323.25      3.25  3.46 0.03   33
V382 Vel  2451323.75      3.75  3.55 0.04   31
V382 Vel  2451324.25      4.25  3.78 0.03   25
V382 Vel  2451324.75      4.75  3.87 0.07   13
V382 Vel  2451325.25      5.25  3.98 0.04   28
V382 Vel  2451325.75      5.75  4.32 0.06   14
V382 Vel  2451326.25      6.25  4.23 0.04   15
V382 Vel  2451326.75      6.75  4.45 0.04   13
V382 Vel  2451327.25      7.25  4.57 0.03   13
V382 Vel  2451327.75      7.75  4.65 0.06    6
V382 Vel  2451328.25      8.25  4.85 0.05   15
V382 Vel  2451328.75      8.75  4.82 0.05   11
V382 Vel  2451329.25      9.25  5.01 0.04   17
V382 Vel  2451329.75      9.75  5.01 0.04   16
V382 Vel  2451330.5      10.5   5.15 0.02   44
V382 Vel  2451331.5      11.5   5.30 0.03   31
V382 Vel  2451332.5      12.5   5.40 0.04   20
V382 Vel  2451333.5      13.5   5.63 0.03   22
V382 Vel  2451334.5      14.5   5.70 0.04   18
V382 Vel  2451335.5      15.5   5.85 0.05   21
V382 Vel  2451336.5      16.5   5.85 0.05   30
V382 Vel  2451337.5      17.5   6.09 0.05   25
V382 Vel  2451338.5      18.5   6.20 0.04   18
V382 Vel  2451339.5      19.5   6.30 0.05   28
V382 Vel  2451340.5      20.5   6.35 0.06   24
V382 Vel  2451341.5      21.5   6.49 0.04   25
V382 Vel  2451342.5      22.5   6.67 0.03   17
V382 Vel  2451343.5      23.5   6.64 0.07   17
V382 Vel  2451344.5      24.5   6.77 0.05   20
V382 Vel  2451345.5      25.5   6.75 0.04   13
V382 Vel  2451346.5      26.5   6.92 0.03   20
V382 Vel  2451347.5      27.5   6.95 0.05   12
V382 Vel  2451348.5      28.5   7.03 0.06   10
V382 Vel  2451349.5      29.5   7.05 0.06   12
V382 Vel  2451351.       31.    7.20 0.03   29
V382 Vel  2451353.       33.    7.17 0.03   31
V382 Vel  2451355.       35.    7.27 0.02   18
V382 Vel  2451357.       37.    7.24 0.03   23
V382 Vel  2451359.       39.    7.33 0.02   19
V382 Vel  2451361.       41.    7.41 0.04   21
V382 Vel  2451363.       43.    7.42 0.02   24
V382 Vel  2451365.       45.    7.46 0.04   22
V382 Vel  2451367.       47.    7.51 0.04   16
V382 Vel  2451369.       49.    7.44 0.02   23
V382 Vel  2451371.       51.    7.54 0.05    9
V382 Vel  2451373.       53.    7.51 0.05   19
V382 Vel  2451375.       55.    7.49 0.05    9
V382 Vel  2451377.       57.    7.65 0.05   17
V382 Vel  2451379.       59.    7.68 0.04   12
V382 Vel  2451381.       61.    7.66 0.02   12
V382 Vel  2451383.       63.    7.71 0.02   10
V382 Vel  2451385.       65.    7.67 0.05    9
V382 Vel  2451387.       67.    7.73 0.08    4
V382 Vel  2451389.       69.    7.82 0.06    6
V382 Vel  2451391.       71.    7.81 0.04   10
V382 Vel  2451393.       73.    7.79 0.05   14
V382 Vel  2451395.       75.    7.77 0.04   14
V382 Vel  2451397.       77.    7.87 0.02   10
V382 Vel  2451399.       79.    7.89 0.05    9
V382 Vel  2451402.       82.    7.92 0.03   20
V382 Vel  2451406.       86.    7.96 0.04   13
V382 Vel  2451410.       90.    8.05 0.10    6
V382 Vel  2451414.       94.    7.95 0.04   10
V382 Vel  2451418.       98.    8.25 0.11    2
V382 Vel  2451422.      102.    8.00 0.05    9
V382 Vel  2451426.      106.    7.93 0.10    4
V382 Vel  2451430.      110.    8.10 0.08    6
V382 Vel  2451434.      114.    7.96 0.07    5
V382 Vel  2451438.      118.    8.10 0.11    2
V382 Vel  2451442.      122.    8.20 0.11    2
V382 Vel  2451450.      130.    8.50 0.11    2
V382 Vel  2451454.      134.    8.40 0.11    2
V382 Vel  2451458.      138.    8.40 0.11    2
V382 Vel  2451462.      142.    8.50 0.15    1
V382 Vel  2451466.      146.    8.60 0.11    2
V382 Vel  2451476.      156.    8.47 0.09    3
V382 Vel  2451484.      164.    9.10 0.11    2
V382 Vel  2451492.      172.    9.13 0.08    4
V382 Vel  2451500.      180.    9.00 0.15    1
V382 Vel  2451508.      188.    8.70 0.15    1
V382 Vel  2451516.      196.    9.15 0.10    4
V382 Vel  2451524.      204.    9.15 0.08    4
V382 Vel  2451532.      212.    9.23 0.09    3
V382 Vel  2451540.      220.    9.40 0.09    3
V382 Vel  2451548.      228.    9.50 0.05    8
V382 Vel  2451556.      236.    9.80 0.08    8
V382 Vel  2451564.      244.    9.71 0.06    7
V382 Vel  2451572.      252.    9.80 0.06    6
V382 Vel  2451580.      260.    9.92 0.04   19
V382 Vel  2451588.      268.   10.06 0.15    7
V382 Vel  2451596.      276.   10.05 0.05    8
V382 Vel  2451604.      284.   10.22 0.08   16
V382 Vel  2451612.      292.   10.21 0.08   14
V382 Vel  2451620.      300.   10.42 0.08   18
V382 Vel  2451640.      320.   10.40 0.04   45
V382 Vel  2451672.      352.   10.53 0.03   71
V382 Vel  2451704.      384.   10.52 0.04   54
V382 Vel  2451736.      416.   10.81 0.04   43
V382 Vel  2451768.      448.   11.28 0.07   13
V382 Vel  2451800.      480.   11.55 0.06    6
V382 Vel  2451832.      512.   11.63 0.02   18
V382 Vel  2451864.      544.   11.74 0.02   16
V382 Vel  2451896.      576.   11.88 0.03   19
V382 Vel  2451928.      608.   12.12 0.06   14
V382 Vel  2451960.      640.   12.33 0.03   27
V382 Vel  2451992.      672.   12.38 0.04   21
V382 Vel  2452024.      704.   12.51 0.08    9
V382 Vel  2452056.      736.   12.65 0.05   17
V382 Vel  2452088.      768.   12.83 0.02   17
V382 Vel  2452120.      800.   12.70 0.11    4
V382 Vel  2452264.      944.   13.60 0.15    1
V382 Vel  2452328.     1008.   13.70 0.08    4
V382 Vel  2452392.     1072.   13.88 0.06    6
V382 Vel  2452456.     1136.   14.23 0.05    9
LV Vul    2439963.25      0.25  5.00 0.11    2
LV Vul    2439963.75      0.75  4.68 0.11    4
LV Vul    2439964.25      1.25  4.50 0.11    2
LV Vul    2439964.75      1.75  4.87 0.06   16
LV Vul    2439965.25      2.25  5.00 0.11    2
LV Vul    2439965.75      2.75  4.86 0.05   13
LV Vul    2439966.25      3.25  5.10 0.08    4
LV Vul    2439966.75      3.75  4.88 0.08   14
LV Vul    2439967.25      4.25  5.10 0.07    5
LV Vul    2439967.75      4.75  4.95 0.04   15
LV Vul    2439968.25      5.25  4.90 0.09    3
LV Vul    2439968.75      5.75  5.00 0.08   13
LV Vul    2439969.25      6.25  5.25 0.08    4
LV Vul    2439969.75      6.75  5.18 0.06    6
LV Vul    2439970.25      7.25  5.40 0.15    1
LV Vul    2439970.75      7.75  5.25 0.07    6
LV Vul    2439971.25      8.25  5.23 0.09    3
LV Vul    2439971.75      8.75  5.36 0.07    5
LV Vul    2439972.25      9.25  5.30 0.15    1
LV Vul    2439972.75      9.75  5.34 0.04   14
LV Vul    2439973.25     10.25  5.48 0.10    5
LV Vul    2439973.75     10.75  5.42 0.03   11
LV Vul    2439974.25     11.25  5.48 0.06    6
LV Vul    2439974.75     11.75  5.62 0.03   24
LV Vul    2439975.25     12.25  5.82 0.08    6
LV Vul    2439975.75     12.75  5.58 0.06   10
LV Vul    2439976.25     13.25  5.40 0.15    1
LV Vul    2439976.75     13.75  5.74 0.19    5
LV Vul    2439977.25     14.25  5.70 0.12    3
LV Vul    2439977.75     14.75  6.08 0.20   10
LV Vul    2439978.25     15.25  5.75 0.18    2
LV Vul    2439978.75     15.75  5.86 0.13    7
LV Vul    2439979.25     16.25  5.60 0.15    1
LV Vul    2439979.75     16.75  5.75 0.06    6
LV Vul    2439980.25     17.25  5.80 0.11    2
LV Vul    2439980.75     17.75  5.67 0.14    3
LV Vul    2439981.25     18.25  5.60 0.14    3
LV Vul    2439981.75     18.75  5.74 0.09    8
LV Vul    2439982.25     19.25  5.86 0.10    5
LV Vul    2439982.75     19.75  5.98 0.10    9
LV Vul    2439983.75     20.75  6.34 0.07   14
LV Vul    2439984.25     21.25  6.20 0.21    2
LV Vul    2439984.75     21.75  6.52 0.05   11
LV Vul    2439985.25     22.25  6.63 0.08    4
LV Vul    2439985.75     22.75  6.84 0.07    5
LV Vul    2439986.25     23.25  6.57 0.09    3
LV Vul    2439986.75     23.75  6.75 0.11    2
LV Vul    2439987.25     24.25  6.98 0.17    4
LV Vul    2439987.75     24.75  6.30 0.15    1
LV Vul    2439988.25     25.25  7.10 0.14    2
LV Vul    2439988.75     25.75  6.80 0.15    1
LV Vul    2439989.25     26.25  6.65 0.11    2
LV Vul    2439989.75     26.75  6.80 0.11    2
LV Vul    2439990.5      27.5   6.78 0.07    9
LV Vul    2439991.5      28.5   6.80 0.08   12
LV Vul    2439992.5      29.5   6.83 0.10    6
LV Vul    2439993.5      30.5   7.09 0.07    8
LV Vul    2439994.5      31.5   7.12 0.15    6
LV Vul    2439995.5      32.5   7.22 0.12   12
LV Vul    2439996.5      33.5   7.31 0.11    8
LV Vul    2439997.5      34.5   7.48 0.08   12
LV Vul    2439998.5      35.5   7.23 0.07   11
LV Vul    2439999.5      36.5   7.36 0.07    8
LV Vul    2440000.5      37.5   7.34 0.08   11
LV Vul    2440001.5      38.5   7.36 0.06   16
LV Vul    2440002.5      39.5   7.32 0.07   15
LV Vul    2440003.5      40.5   7.54 0.07   12
LV Vul    2440004.5      41.5   7.53 0.12    8
LV Vul    2440005.5      42.5   7.65 0.07   11
LV Vul    2440006.5      43.5   7.70 0.09   11
LV Vul    2440007.5      44.5   7.76 0.04   24
LV Vul    2440008.5      45.5   7.49 0.08   12
LV Vul    2440009.5      46.5   7.78 0.08   12
LV Vul    2440010.5      47.5   7.81 0.11    9
LV Vul    2440011.5      48.5   7.86 0.06   12
LV Vul    2440012.5      49.5   7.83 0.09   15
LV Vul    2440013.5      50.5   7.84 0.08   15
LV Vul    2440014.5      51.5   8.10 0.09   14
LV Vul    2440015.5      52.5   8.07 0.10    3
LV Vul    2440016.5      53.5   7.90 0.06    7
LV Vul    2440017.5      54.5   8.13 0.06    6
LV Vul    2440018.5      55.5   8.02 0.06    6
LV Vul    2440019.5      56.5   8.00 0.11    4
LV Vul    2440021.       58.    8.24 0.05   18
LV Vul    2440023.       60.    8.26 0.06   30
LV Vul    2440025.       62.    8.39 0.08   19
LV Vul    2440027.       64.    8.42 0.07   28
LV Vul    2440029.       66.    8.48 0.05   33
LV Vul    2440031.       68.    8.52 0.06   20
LV Vul    2440033.       70.    8.39 0.04   10
LV Vul    2440035.       72.    8.48 0.08   19
LV Vul    2440037.       74.    8.48 0.05   33
LV Vul    2440039.       76.    8.38 0.05   32
LV Vul    2440041.       78.    8.46 0.06   24
LV Vul    2440043.       80.    8.56 0.08   16
LV Vul    2440045.       82.    8.51 0.05   22
LV Vul    2440047.       84.    8.69 0.11   12
LV Vul    2440049.       86.    8.64 0.08   16
LV Vul    2440051.       88.    8.70 0.05    9
LV Vul    2440053.       90.    8.59 0.09   19
LV Vul    2440055.       92.    8.71 0.06   19
LV Vul    2440057.       94.    8.74 0.08   16
LV Vul    2440059.       96.    8.84 0.06   23
LV Vul    2440061.       98.    8.89 0.07   11
LV Vul    2440063.      100.    8.75 0.15   10
LV Vul    2440065.      102.    8.89 0.07   17
LV Vul    2440067.      104.    8.97 0.04   32
LV Vul    2440069.      106.    9.03 0.07   20
LV Vul    2440071.      108.    9.08 0.13   10
LV Vul    2440073.      110.    8.92 0.17    6
LV Vul    2440075.      112.    8.95 0.07    8
LV Vul    2440077.      114.    9.10 0.12    3
LV Vul    2440079.      116.    9.14 0.09   14
LV Vul    2440081.      118.    9.17 0.05   22
LV Vul    2440083.      120.    9.27 0.08   16
LV Vul    2440085.      122.    9.16 0.07   16
LV Vul    2440087.      124.    9.23 0.05   21
LV Vul    2440089.      126.    9.32 0.12   11
LV Vul    2440091.      128.    9.33 0.07   23
LV Vul    2440093.      130.    8.98 0.05   12
LV Vul    2440095.      132.    9.29 0.08   18
LV Vul    2440097.      134.    9.24 0.08   18
LV Vul    2440099.      136.    9.43 0.10   11
LV Vul    2440104.      141.    9.35 0.05   38
LV Vul    2440112.      149.    9.39 0.05   55
LV Vul    2440120.      157.    9.56 0.07   33
LV Vul    2440128.      165.    9.66 0.07   33
LV Vul    2440136.      173.    9.64 0.10   15
LV Vul    2440144.      181.    9.68 0.09   25
LV Vul    2440152.      189.    9.82 0.06   29
LV Vul    2440160.      197.    9.91 0.09   23
LV Vul    2440168.      205.    9.93 0.11    8
LV Vul    2440176.      213.    9.90 0.11    4
LV Vul    2440184.      221.   10.16 0.07   23
LV Vul    2440192.      229.   10.03 0.12    6
LV Vul    2440200.      237.   10.30 0.10   14
LV Vul    2440208.      245.   10.16 0.12    7
LV Vul    2440216.      253.   10.44 0.15    7
LV Vul    2440228.      265.   10.54 0.14    8
LV Vul    2440244.      281.   10.45 0.23    4
LV Vul    2440260.      297.   10.79 0.18   10
LV Vul    2440276.      313.   10.86 0.22    5
LV Vul    2440292.      329.   10.78 0.17   11
LV Vul    2440308.      345.   11.28 0.17    8
LV Vul    2440324.      361.   11.36 0.10   20
LV Vul    2440340.      377.   11.45 0.09   14
LV Vul    2440356.      393.   11.39 0.12   13
LV Vul    2440372.      409.   11.45 0.13   13
LV Vul    2440388.      425.   11.87 0.08   34
LV Vul    2440404.      441.   11.73 0.11   21
LV Vul    2440420.      457.   11.94 0.16   20
LV Vul    2440436.      473.   12.19 0.07   30
LV Vul    2440452.      489.   11.98 0.15   17
LV Vul    2440468.      505.   12.33 0.10   11
LV Vul    2440484.      521.   12.35 0.11   13
LV Vul    2440500.      537.   12.47 0.07   22
LV Vul    2440524.      561.   12.56 0.07   35
LV Vul    2440556.      593.   12.59 0.06   19
LV Vul    2440588.      625.   12.00 0.35    2
LV Vul    2440620.      657.   12.40 0.09    3
LV Vul    2440652.      689.   12.35 0.08    4
LV Vul    2440684.      721.   12.92 0.30    5
LV Vul    2440716.      753.   13.11 0.19    9
LV Vul    2440748.      785.   13.20 0.18    6
LV Vul    2440780.      817.   13.55 0.08    4
LV Vul    2440812.      849.   13.82 0.08    6
LV Vul    2440844.      881.   13.97 0.09    3
LV Vul    2440876.      913.   13.70 0.11    2
LV Vul    2441116.     1153.   14.28 0.05    9
LV Vul    2441244.     1281.   14.28 0.04   22
LV Vul    2441372.     1409.   14.80 0.11    2
LV Vul    2441500.     1537.   14.70 0.09    3
LV Vul    2441628.     1665.   14.60 0.15    1
LV Vul    2441756.     1793.   14.80 0.15    1
LV Vul    2441884.     1921.   14.38 0.30    5
LV Vul    2442012.     2049.   14.65 0.11    2
LV Vul    2442140.     2177.   15.00 0.15    1
LV Vul    2442268.     2305.   14.43 0.17    3
LV Vul    2442652.     2689.   14.18 0.12    6
LV Vul    2442780.     2817.   14.15 0.11    2
LV Vul    2442908.     2945.   14.80 0.15    1
LV Vul    2443036.     3073.   14.63 0.09    3
NQ Vul    2443073.25      0.25  6.50 0.15    1
NQ Vul    2443073.75      0.75  6.50 0.15    1
NQ Vul    2443074.25      1.25  7.40 0.15    1
NQ Vul    2443074.75      1.75  6.78 0.04   34
NQ Vul    2443075.25      2.25  7.37 0.14    3
NQ Vul    2443075.75      2.75  7.17 0.05   18
NQ Vul    2443076.25      3.25  7.60 0.11    2
NQ Vul    2443076.75      3.75  7.10 0.11    2
NQ Vul    2443077.25      4.25  7.23 0.11    3
NQ Vul    2443077.75      4.75  7.08 0.11    4
NQ Vul    2443078.25      5.25  6.80 0.15    4
NQ Vul    2443078.75      5.75  6.71 0.03  101
NQ Vul    2443079.25      6.25  6.90 0.28    2
NQ Vul    2443079.75      6.75  7.02 0.02  158
NQ Vul    2443080.25      7.25  7.22 0.07    5
NQ Vul    2443080.75      7.75  7.15 0.03   53
NQ Vul    2443081.25      8.25  7.32 0.06    6
NQ Vul    2443081.75      8.75  7.21 0.04   31
NQ Vul    2443082.25      9.25  7.30 0.08    4
NQ Vul    2443082.75      9.75  6.93 0.05   36
NQ Vul    2443083.25     10.25  7.11 0.09    9
NQ Vul    2443083.75     10.75  6.98 0.06   27
NQ Vul    2443084.25     11.25  6.59 0.05   13
NQ Vul    2443084.75     11.75  6.60 0.02  120
NQ Vul    2443085.25     12.25  6.19 0.02   53
NQ Vul    2443085.75     12.75  6.40 0.03   60
NQ Vul    2443086.25     13.25  7.36 0.11   11
NQ Vul    2443086.75     13.75  7.93 0.04   42
NQ Vul    2443087.25     14.25  8.15 0.05   51
NQ Vul    2443087.75     14.75  8.32 0.05   25
NQ Vul    2443088.25     15.25  8.23 0.06   18
NQ Vul    2443088.75     15.75  8.52 0.03   62
NQ Vul    2443089.25     16.25  8.25 0.03   51
NQ Vul    2443089.75     16.75  8.10 0.02   91
NQ Vul    2443090.5      17.5   8.11 0.04   41
NQ Vul    2443091.5      18.5   8.04 0.03   56
NQ Vul    2443092.5      19.5   7.86 0.04   50
NQ Vul    2443093.5      20.5   7.86 0.03   58
NQ Vul    2443094.5      21.5   7.77 0.04   41
NQ Vul    2443095.5      22.5   7.71 0.03   39
NQ Vul    2443096.5      23.5   7.67 0.05   36
NQ Vul    2443097.5      24.5   7.61 0.04   37
NQ Vul    2443098.5      25.5   7.74 0.03   35
NQ Vul    2443099.5      26.5   7.72 0.04   30
NQ Vul    2443100.5      27.5   7.48 0.04   38
NQ Vul    2443101.5      28.5   7.75 0.05   40
NQ Vul    2443102.5      29.5   7.95 0.05   35
NQ Vul    2443103.5      30.5   7.97 0.04   55
NQ Vul    2443104.5      31.5   8.28 0.04   40
NQ Vul    2443105.5      32.5   8.34 0.04   23
NQ Vul    2443106.5      33.5   8.11 0.03   40
NQ Vul    2443107.5      34.5   8.29 0.05   20
NQ Vul    2443108.5      35.5   8.34 0.03   52
NQ Vul    2443109.5      36.5   8.40 0.07   12
NQ Vul    2443111.       38.    8.27 0.04   63
NQ Vul    2443113.       40.    8.26 0.06   62
NQ Vul    2443115.       42.    8.45 0.04   30
NQ Vul    2443117.       44.    8.26 0.04   56
NQ Vul    2443119.       46.    8.70 0.05   26
NQ Vul    2443121.       48.    8.60 0.04   31
NQ Vul    2443123.       50.    8.67 0.03   32
NQ Vul    2443125.       52.    8.58 0.04   36
NQ Vul    2443127.       54.    8.85 0.04   40
NQ Vul    2443129.       56.    8.83 0.05   27
NQ Vul    2443131.       58.    9.05 0.03   44
NQ Vul    2443133.       60.    9.22 0.06   23
NQ Vul    2443135.       62.    9.14 0.06   23
NQ Vul    2443137.       64.    9.25 0.05   31
NQ Vul    2443139.       66.    9.70 0.10   24
NQ Vul    2443141.       68.   10.42 0.14   19
NQ Vul    2443143.       70.   10.84 0.19   11
NQ Vul    2443145.       72.   11.92 0.09    5
NQ Vul    2443147.       74.   12.13 0.08    4
NQ Vul    2443149.       76.   12.08 0.19    4
NQ Vul    2443152.       79.   12.22 0.07   10
NQ Vul    2443156.       83.   12.37 0.08    6
NQ Vul    2443160.       87.   12.30 0.10    6
NQ Vul    2443164.       91.   12.50 0.15    1
NQ Vul    2443168.       95.   11.87 0.07    6
NQ Vul    2443172.       99.   11.83 0.13    8
NQ Vul    2443176.      103.   11.78 0.07   15
NQ Vul    2443180.      107.   11.59 0.06    7
NQ Vul    2443184.      111.   11.46 0.05    9
NQ Vul    2443188.      115.   11.48 0.07   12
NQ Vul    2443192.      119.   11.61 0.04   17
NQ Vul    2443196.      123.   11.53 0.06    8
NQ Vul    2443200.      127.   11.58 0.04   13
NQ Vul    2443204.      131.   11.54 0.03   16
NQ Vul    2443208.      135.   11.60 0.06    6
NQ Vul    2443212.      139.   11.52 0.06    6
NQ Vul    2443216.      143.   11.62 0.04   15
NQ Vul    2443220.      147.   11.54 0.06   15
NQ Vul    2443224.      151.   11.57 0.06   15
NQ Vul    2443228.      155.   11.54 0.05   18
NQ Vul    2443232.      159.   11.46 0.05   19
NQ Vul    2443236.      163.   11.35 0.06    6
NQ Vul    2443240.      167.   11.40 0.06   10
NQ Vul    2443244.      171.   11.39 0.04   21
NQ Vul    2443248.      175.   11.51 0.06   25
NQ Vul    2443252.      179.   11.47 0.05   24
NQ Vul    2443256.      183.   11.54 0.04   10
NQ Vul    2443260.      187.   11.53 0.04   16
NQ Vul    2443264.      191.   11.57 0.07   12
NQ Vul    2443268.      195.   11.40 0.11    2
NQ Vul    2443272.      199.   11.57 0.08   13
NQ Vul    2443276.      203.   11.56 0.04   13
NQ Vul    2443280.      207.   11.63 0.06   16
NQ Vul    2443284.      211.   11.60 0.04   23
NQ Vul    2443288.      215.   11.61 0.04   36
NQ Vul    2443292.      219.   11.62 0.03   37
NQ Vul    2443296.      223.   11.58 0.05   17
NQ Vul    2443300.      227.   11.70 0.07    6
NQ Vul    2443304.      231.   11.59 0.04   28
NQ Vul    2443308.      235.   11.69 0.04   18
NQ Vul    2443312.      239.   11.61 0.07   15
NQ Vul    2443316.      243.   11.75 0.04   29
NQ Vul    2443320.      247.   11.84 0.06   19
NQ Vul    2443324.      251.   11.83 0.06    7
NQ Vul    2443328.      255.   11.67 0.04   18
NQ Vul    2443338.      265.   11.82 0.02  114
NQ Vul    2443354.      281.   11.88 0.03   86
NQ Vul    2443370.      297.   11.98 0.03   72
NQ Vul    2443386.      313.   12.06 0.02   82
NQ Vul    2443402.      329.   12.05 0.03   62
NQ Vul    2443418.      345.   12.15 0.03   55
NQ Vul    2443434.      361.   12.16 0.02   36
NQ Vul    2443450.      377.   12.14 0.04   34
NQ Vul    2443466.      393.   12.20 0.04   28
NQ Vul    2443482.      409.   12.29 0.06   16
NQ Vul    2443498.      425.   12.27 0.09    3
NQ Vul    2443514.      441.   12.25 0.11    2
NQ Vul    2443530.      457.   12.35 0.11    2
NQ Vul    2443562.      489.   12.20 0.15    1
NQ Vul    2443578.      505.   12.73 0.14    3
NQ Vul    2443594.      521.   12.82 0.07    5
NQ Vul    2443618.      545.   12.79 0.06   10
NQ Vul    2443650.      577.   13.03 0.05   22
NQ Vul    2443682.      609.   12.93 0.05   35
NQ Vul    2443714.      641.   13.17 0.05   23
NQ Vul    2443746.      673.   13.18 0.04   32
NQ Vul    2443778.      705.   13.25 0.04   22
NQ Vul    2443810.      737.   13.45 0.06   11
NQ Vul    2443842.      769.   13.50 0.09    4
NQ Vul    2443874.      801.   13.40 0.11    2
NQ Vul    2443970.      897.   13.43 0.09    3
NQ Vul    2444002.      929.   13.85 0.11    2
NQ Vul    2444034.      961.   13.77 0.14    6
NQ Vul    2444066.      993.   13.70 0.16    8
NQ Vul    2444098.     1025.   13.88 0.06    6
NQ Vul    2444130.     1057.   14.13 0.07   10
NQ Vul    2444162.     1089.   14.19 0.10   11
NQ Vul    2444194.     1121.   14.41 0.06   12
NQ Vul    2444226.     1153.   14.50 0.08    4
NQ Vul    2444322.     1249.   15.00 0.15    1
NQ Vul    2444354.     1281.   15.10 0.15    1
NQ Vul    2444418.     1345.   15.70 0.15    1
NQ Vul    2444450.     1377.   15.37 0.17    7
NQ Vul    2444482.     1409.   15.93 0.09    3
NQ Vul    2444594.     1521.   15.50 0.15    1
NQ Vul    2445874.     2801.   16.75 0.06    6
NQ Vul    2446258.     3185.   17.00 0.15    1
PW Vul    2445909.25      0.25  9.20 0.15    1
PW Vul    2445910.75      1.75  8.90 0.15    1
PW Vul    2445912.25      3.25  8.50 0.15    1
PW Vul    2445912.75      3.75  8.16 0.11    9
PW Vul    2445913.25      4.25  8.00 0.15    1
PW Vul    2445913.75      4.75  7.90 0.09    3
PW Vul    2445914.25      5.25  7.20 0.14    4
PW Vul    2445915.25      6.25  7.28 0.03   11
PW Vul    2445915.75      6.75  7.38 0.08    4
PW Vul    2445916.25      7.25  7.17 0.06   11
PW Vul    2445916.75      7.75  6.95 0.06    8
PW Vul    2445917.25      8.25  6.70 0.04   26
PW Vul    2445917.75      8.75  6.41 0.05   16
PW Vul    2445918.25      9.25  6.69 0.04   24
PW Vul    2445918.75      9.75  6.60 0.04   32
PW Vul    2445919.25     10.25  7.62 0.07   19
PW Vul    2445919.75     10.75  7.87 0.06   18
PW Vul    2445920.5      11.5   8.25 0.05   24
PW Vul    2445921.5      12.5   8.44 0.07   12
PW Vul    2445922.5      13.5   8.61 0.04   22
PW Vul    2445923.5      14.5   8.47 0.05   24
PW Vul    2445924.5      15.5   8.50 0.08   25
PW Vul    2445925.5      16.5   8.16 0.07   26
PW Vul    2445926.5      17.5   8.17 0.05   33
PW Vul    2445927.5      18.5   8.31 0.05   33
PW Vul    2445928.5      19.5   8.40 0.04   30
PW Vul    2445929.5      20.5   8.60 0.04   30
PW Vul    2445930.5      21.5   8.50 0.03   46
PW Vul    2445931.5      22.5   7.49 0.03   68
PW Vul    2445932.5      23.5   7.50 0.03   54
PW Vul    2445933.5      24.5   7.73 0.03   82
PW Vul    2445934.5      25.5   7.92 0.04   52
PW Vul    2445935.5      26.5   8.18 0.05   39
PW Vul    2445936.5      27.5   8.27 0.05   37
PW Vul    2445937.5      28.5   8.23 0.04   59
PW Vul    2445938.5      29.5   8.24 0.05   46
PW Vul    2445939.5      30.5   8.27 0.04   42
PW Vul    2445940.5      31.5   8.28 0.04   54
PW Vul    2445941.5      32.5   7.80 0.05   33
PW Vul    2445942.5      33.5   7.69 0.05   40
PW Vul    2445943.5      34.5   7.75 0.04   46
PW Vul    2445944.5      35.5   7.59 0.03   64
PW Vul    2445945.5      36.5   7.57 0.03   62
PW Vul    2445946.5      37.5   7.90 0.04   34
PW Vul    2445947.5      38.5   7.98 0.05   27
PW Vul    2445948.5      39.5   8.10 0.04   34
PW Vul    2445949.5      40.5   7.98 0.04   41
PW Vul    2445950.5      41.5   8.05 0.04   27
PW Vul    2445951.5      42.5   8.02 0.04   33
PW Vul    2445952.5      43.5   7.99 0.06   24
PW Vul    2445953.5      44.5   8.11 0.08   16
PW Vul    2445954.5      45.5   8.31 0.06   27
PW Vul    2445955.5      46.5   8.28 0.08   17
PW Vul    2445956.5      47.5   8.37 0.04   33
PW Vul    2445957.5      48.5   8.34 0.04   33
PW Vul    2445958.5      49.5   8.35 0.04   11
PW Vul    2445959.5      50.5   8.39 0.06   21
PW Vul    2445962.       53.    8.22 0.03  127
PW Vul    2445966.       57.    8.65 0.03  121
PW Vul    2445970.       61.    9.02 0.02  100
PW Vul    2445974.       65.    9.07 0.03   97
PW Vul    2445978.       69.    8.73 0.03  110
PW Vul    2445982.       73.    8.55 0.04   67
PW Vul    2445986.       77.    8.73 0.03  110
PW Vul    2445990.       81.    9.00 0.03  124
PW Vul    2445994.       85.    9.03 0.03  113
PW Vul    2445998.       89.    9.02 0.04   70
PW Vul    2446002.       93.    8.97 0.03  107
PW Vul    2446006.       97.    8.91 0.03  124
PW Vul    2446010.      101.    8.82 0.03   76
PW Vul    2446014.      105.    9.19 0.04   40
PW Vul    2446018.      109.    9.44 0.03   74
PW Vul    2446022.      113.    9.46 0.04   39
PW Vul    2446026.      117.    9.52 0.03   61
PW Vul    2446030.      121.    9.29 0.03   88
PW Vul    2446034.      125.    9.23 0.04   65
PW Vul    2446038.      129.    9.54 0.03   41
PW Vul    2446042.      133.    9.47 0.04   31
PW Vul    2446046.      137.    9.50 0.03   57
PW Vul    2446050.      141.    9.43 0.04   33
PW Vul    2446054.      145.    9.70 0.03   46
PW Vul    2446058.      149.    9.74 0.04   48
PW Vul    2446062.      153.    9.69 0.04   36
PW Vul    2446066.      157.    9.74 0.04   30
PW Vul    2446070.      161.    9.66 0.05   29
PW Vul    2446074.      165.    9.76 0.05   21
PW Vul    2446078.      169.    9.87 0.05    9
PW Vul    2446082.      173.    9.98 0.09    6
PW Vul    2446086.      177.    9.90 0.11    2
PW Vul    2446090.      181.   10.00 0.09    6
PW Vul    2446094.      185.   10.10 0.09    9
PW Vul    2446098.      189.   10.20 0.10    5
PW Vul    2446104.      195.   10.39 0.07   15
PW Vul    2446112.      203.   10.41 0.06   25
PW Vul    2446120.      211.   10.53 0.04   15
PW Vul    2446128.      219.   10.59 0.07    8
PW Vul    2446136.      227.   10.72 0.08   13
PW Vul    2446144.      235.   10.63 0.05   26
PW Vul    2446152.      243.   10.69 0.06   19
PW Vul    2446160.      251.   10.88 0.09   12
PW Vul    2446168.      259.   10.94 0.07   30
PW Vul    2446176.      267.   11.05 0.06   47
PW Vul    2446184.      275.   11.07 0.07   29
PW Vul    2446192.      283.   11.24 0.09   17
PW Vul    2446200.      291.   11.22 0.07   40
PW Vul    2446208.      299.   11.32 0.06   45
PW Vul    2446216.      307.   11.29 0.06   50
PW Vul    2446224.      315.   11.55 0.04   43
PW Vul    2446232.      323.   11.59 0.04   48
PW Vul    2446240.      331.   11.54 0.04   41
PW Vul    2446248.      339.   11.70 0.05   39
PW Vul    2446256.      347.   11.57 0.03   81
PW Vul    2446264.      355.   11.64 0.04   61
PW Vul    2446272.      363.   11.63 0.04   72
PW Vul    2446280.      371.   11.72 0.05   35
PW Vul    2446288.      379.   11.66 0.04   68
PW Vul    2446296.      387.   11.75 0.03   95
PW Vul    2446304.      395.   11.71 0.04   60
PW Vul    2446312.      403.   11.86 0.05   52
PW Vul    2446320.      411.   11.94 0.03   94
PW Vul    2446328.      419.   11.94 0.05   63
PW Vul    2446336.      427.   12.04 0.05   55
PW Vul    2446344.      435.   12.18 0.04   63
PW Vul    2446352.      443.   12.26 0.05   61
PW Vul    2446360.      451.   12.32 0.05   52
PW Vul    2446368.      459.   12.32 0.07   17
PW Vul    2446376.      467.   12.41 0.06   31
PW Vul    2446384.      475.   12.50 0.04   30
PW Vul    2446392.      483.   12.39 0.13    7
PW Vul    2446400.      491.   12.58 0.07   13
PW Vul    2446408.      499.   12.55 0.10   11
PW Vul    2446416.      507.   12.47 0.12    7
PW Vul    2446424.      515.   12.68 0.08    9
PW Vul    2446432.      523.   12.78 0.13    6
PW Vul    2446440.      531.   12.63 0.09    3
PW Vul    2446448.      539.   13.20 0.15    1
PW Vul    2446464.      555.   13.00 0.15    1
PW Vul    2446472.      563.   12.80 0.11    2
PW Vul    2446480.      571.   12.70 0.15    1
PW Vul    2446496.      587.   12.90 0.15    1
PW Vul    2446508.      599.   12.97 0.06    7
PW Vul    2446524.      615.   13.05 0.02   19
PW Vul    2446540.      631.   13.15 0.04   14
PW Vul    2446556.      647.   13.22 0.03   29
PW Vul    2446572.      663.   13.19 0.05   20
PW Vul    2446588.      679.   13.37 0.03   43
PW Vul    2446604.      695.   13.35 0.04   37
PW Vul    2446620.      711.   13.50 0.03   50
PW Vul    2446636.      727.   13.57 0.04   34
PW Vul    2446652.      743.   13.52 0.02   71
PW Vul    2446668.      759.   13.64 0.03   55
PW Vul    2446684.      775.   13.64 0.03   62
PW Vul    2446700.      791.   13.74 0.04   46
PW Vul    2446716.      807.   13.84 0.04   29
PW Vul    2446732.      823.   13.77 0.02   33
PW Vul    2446748.      839.   13.86 0.05   11
PW Vul    2446764.      855.   13.99 0.05   19
PW Vul    2446780.      871.   14.47 0.09    3
PW Vul    2446796.      887.   13.70 0.15    1
PW Vul    2446900.      991.   14.76 0.06    7
PW Vul    2446964.     1055.   14.85 0.07    8
PW Vul    2447028.     1119.   14.69 0.05   22
PW Vul    2447092.     1183.   14.88 0.06    6
PW Vul    2447156.     1247.   14.70 0.15    1
PW Vul    2447220.     1311.   15.00 0.09    3
PW Vul    2447284.     1375.   15.10 0.15    1
PW Vul    2447348.     1439.   15.50 0.09    3
PW Vul    2447412.     1503.   15.56 0.06    7
PW Vul    2447476.     1567.   15.70 0.11    2
PW Vul    2447732.     1823.   16.10 0.15    1
PW Vul    2447796.     1887.   16.00 0.15    1
QU Vul    2446056.75      0.75  6.65 0.11    2
QU Vul    2446057.25      1.25  5.95 0.08    4
QU Vul    2446057.75      1.75  5.55 0.11    2
QU Vul    2446058.25      2.25  5.55 0.05    8
QU Vul    2446058.75      2.75  5.57 0.09    3
QU Vul    2446059.25      3.25  5.50 0.10    5
QU Vul    2446059.75      3.75  5.50 0.15    1
QU Vul    2446060.25      4.25  5.66 0.07   13
QU Vul    2446060.75      4.75  5.33 0.09    4
QU Vul    2446061.25      5.25  5.74 0.07   11
QU Vul    2446061.75      5.75  5.70 0.11    2
QU Vul    2446062.25      6.25  5.95 0.08    4
QU Vul    2446062.75      6.75  6.00 0.15    1
QU Vul    2446063.25      7.25  6.00 0.06    7
QU Vul    2446064.25      8.25  5.93 0.05   12
QU Vul    2446064.75      8.75  5.98 0.08    4
QU Vul    2446065.5       9.5   6.06 0.04   25
QU Vul    2446066.5      10.5   6.18 0.04   15
QU Vul    2446067.5      11.5   6.17 0.07   15
QU Vul    2446068.5      12.5   6.25 0.05   17
QU Vul    2446069.5      13.5   6.37 0.03   12
QU Vul    2446070.5      14.5   6.26 0.06   16
QU Vul    2446071.5      15.5   6.59 0.05   35
QU Vul    2446072.5      16.5   6.46 0.03   11
QU Vul    2446073.5      17.5   6.61 0.08   13
QU Vul    2446074.5      18.5   6.79 0.05   21
QU Vul    2446075.5      19.5   6.80 0.05   13
QU Vul    2446076.5      20.5   6.76 0.07    5
QU Vul    2446077.5      21.5   6.78 0.09   10
QU Vul    2446078.5      22.5   6.94 0.07   15
QU Vul    2446079.5      23.5   7.17 0.07   14
QU Vul    2446080.5      24.5   7.10 0.11    7
QU Vul    2446081.5      25.5   7.51 0.05   10
QU Vul    2446082.5      26.5   7.69 0.04   10
QU Vul    2446083.5      27.5   7.50 0.11    2
QU Vul    2446084.5      28.5   7.60 0.09    3
QU Vul    2446085.5      29.5   7.47 0.11    6
QU Vul    2446086.5      30.5   7.85 0.11    2
QU Vul    2446087.5      31.5   7.53 0.09    3
QU Vul    2446088.5      32.5   7.49 0.05    9
QU Vul    2446089.5      33.5   7.76 0.05    8
QU Vul    2446090.5      34.5   7.68 0.08    8
QU Vul    2446091.5      35.5   7.83 0.09    3
QU Vul    2446092.5      36.5   7.83 0.11    4
QU Vul    2446093.5      37.5   8.22 0.11    9
QU Vul    2446094.5      38.5   8.35 0.10    4
QU Vul    2446095.5      39.5   8.25 0.18    4
QU Vul    2446096.5      40.5   8.32 0.20    5
QU Vul    2446097.5      41.5   8.50 0.09    3
QU Vul    2446099.5      43.5   8.35 0.11    2
QU Vul    2446101.       45.    8.63 0.19    6
QU Vul    2446103.       47.    8.58 0.13    5
QU Vul    2446105.       49.    8.58 0.08    5
QU Vul    2446107.       51.    8.65 0.08    4
QU Vul    2446109.       53.    8.85 0.08    6
QU Vul    2446111.       55.    8.88 0.07    5
QU Vul    2446113.       57.    8.74 0.10    7
QU Vul    2446115.       59.    8.70 0.09    8
QU Vul    2446117.       61.    9.16 0.07    5
QU Vul    2446119.       63.    9.07 0.09    3
QU Vul    2446121.       65.    9.16 0.09    5
QU Vul    2446123.       67.    9.30 0.15    1
QU Vul    2446125.       69.    9.41 0.12    7
QU Vul    2446127.       71.    9.10 0.15    1
QU Vul    2446129.       73.    9.10 0.21    3
QU Vul    2446131.       75.    8.40 0.15    1
QU Vul    2446133.       77.    9.00 0.15    1
QU Vul    2446135.       79.    8.87 0.09    6
QU Vul    2446137.       81.    8.96 0.17    5
QU Vul    2446139.       83.    9.35 0.18    2
QU Vul    2446141.       85.    9.36 0.07    7
QU Vul    2446143.       87.    9.46 0.10    7
QU Vul    2446145.       89.    9.63 0.10    4
QU Vul    2446147.       91.    9.69 0.08    7
QU Vul    2446149.       93.    9.36 0.17    5
QU Vul    2446152.       96.    9.48 0.07   13
QU Vul    2446156.      100.    9.65 0.15    6
QU Vul    2446160.      104.    9.30 0.12    6
QU Vul    2446164.      108.    9.60 0.09   10
QU Vul    2446168.      112.    9.68 0.04   12
QU Vul    2446172.      116.    9.73 0.06   16
QU Vul    2446176.      120.    9.77 0.04   16
QU Vul    2446180.      124.    9.83 0.04   18
QU Vul    2446184.      128.    9.77 0.07   10
QU Vul    2446188.      132.    9.90 0.07    5
QU Vul    2446192.      136.    9.90 0.07    5
QU Vul    2446196.      140.    9.84 0.08    8
QU Vul    2446200.      144.    9.93 0.08   15
QU Vul    2446206.      150.   10.00 0.08   20
QU Vul    2446214.      158.    9.78 0.05   39
QU Vul    2446222.      166.    9.94 0.06   27
QU Vul    2446230.      174.    9.81 0.05   27
QU Vul    2446238.      182.    9.77 0.06   23
QU Vul    2446246.      190.    9.89 0.06   32
QU Vul    2446254.      198.    9.92 0.04   52
QU Vul    2446262.      206.    9.97 0.04   54
QU Vul    2446270.      214.    9.99 0.04   57
QU Vul    2446278.      222.    9.98 0.06   25
QU Vul    2446286.      230.    9.97 0.04   37
QU Vul    2446294.      238.   10.13 0.05   53
QU Vul    2446302.      246.   10.07 0.03   62
QU Vul    2446310.      254.   10.03 0.05   37
QU Vul    2446318.      262.   10.18 0.03   72
QU Vul    2446326.      270.   10.26 0.04   60
QU Vul    2446334.      278.   10.21 0.03   59
QU Vul    2446342.      286.   10.21 0.03   57
QU Vul    2446350.      294.   10.17 0.03   58
QU Vul    2446358.      302.   10.23 0.03   53
QU Vul    2446366.      310.   10.25 0.04   34
QU Vul    2446374.      318.   10.32 0.04   31
QU Vul    2446382.      326.   10.24 0.04   24
QU Vul    2446390.      334.   10.41 0.12   11
QU Vul    2446398.      342.   10.23 0.08    9
QU Vul    2446406.      350.   10.35 0.05   12
QU Vul    2446414.      358.   10.31 0.05    8
QU Vul    2446422.      366.   10.44 0.02   13
QU Vul    2446430.      374.   10.39 0.05   11
QU Vul    2446438.      382.   10.42 0.04   13
QU Vul    2446446.      390.   10.50 0.05   10
QU Vul    2446458.      402.   10.46 0.05    9
QU Vul    2446474.      418.   10.40 0.06    7
QU Vul    2446490.      434.   10.44 0.05    8
QU Vul    2446506.      450.   10.68 0.25    5
QU Vul    2446522.      466.   10.49 0.14    7
QU Vul    2446538.      482.   10.66 0.12   11
QU Vul    2446554.      498.   10.76 0.08   19
QU Vul    2446570.      514.   10.56 0.05   26
QU Vul    2446586.      530.   10.62 0.04   37
QU Vul    2446602.      546.   10.59 0.03   34
QU Vul    2446618.      562.   10.63 0.04   58
QU Vul    2446634.      578.   10.62 0.03   50
QU Vul    2446650.      594.   10.70 0.03   82
QU Vul    2446666.      610.   10.79 0.04   55
QU Vul    2446682.      626.   10.82 0.03   86
QU Vul    2446698.      642.   10.90 0.03   84
QU Vul    2446714.      658.   10.95 0.03   75
QU Vul    2446730.      674.   11.13 0.04   62
QU Vul    2446746.      690.   11.04 0.04   48
QU Vul    2446762.      706.   11.20 0.05   53
QU Vul    2446778.      722.   11.09 0.06   32
QU Vul    2446794.      738.   11.09 0.07   20
QU Vul    2446810.      754.   11.22 0.15    5
QU Vul    2446826.      770.   11.38 0.15    4
QU Vul    2446842.      786.   11.37 0.14    3
QU Vul    2446858.      802.   11.60 0.09    3
QU Vul    2446874.      818.   11.30 0.11    2
QU Vul    2446890.      834.   11.68 0.07    8
QU Vul    2446906.      850.   11.63 0.12    9
QU Vul    2446922.      866.   11.90 0.07    8
QU Vul    2446938.      882.   11.93 0.07    6
QU Vul    2446954.      898.   12.03 0.08    4
QU Vul    2446970.      914.   12.15 0.06   13
QU Vul    2446986.      930.   12.14 0.04   13
QU Vul    2447002.      946.   12.34 0.04   12
QU Vul    2447026.      970.   12.51 0.03   45
QU Vul    2447058.     1002.   12.51 0.02   93
QU Vul    2447090.     1034.   12.56 0.03   51
QU Vul    2447122.     1066.   12.73 0.05   23
QU Vul    2447154.     1098.   12.93 0.06   24
QU Vul    2447186.     1130.   12.88 0.14    5
QU Vul    2447218.     1162.   13.10 0.11    2
QU Vul    2447250.     1194.   13.43 0.09    3
QU Vul    2447282.     1226.   13.30 0.07    7
QU Vul    2447314.     1258.   13.38 0.06   14
QU Vul    2447346.     1290.   13.56 0.03   35
QU Vul    2447378.     1322.   13.71 0.03   68
QU Vul    2447410.     1354.   13.78 0.04   30
QU Vul    2447442.     1386.   13.96 0.07   14
QU Vul    2447474.     1418.   13.97 0.10    6
QU Vul    2447506.     1450.   14.10 0.07    5
QU Vul    2447538.     1482.   14.55 0.11    2
QU Vul    2447650.     1594.   14.48 0.13    5
QU Vul    2447714.     1658.   15.10 0.13    6
QU Vul    2447778.     1722.   14.93 0.07   17
QU Vul    2447842.     1786.   15.08 0.15    5
QU Vul    2448034.     1978.   14.90 0.15    1
QU Vul    2448098.     2042.   14.73 0.10    6
QU Vul    2449346.     3290.   15.60 0.15    1
QU Vul    2451394.     5338.   14.90 0.15    1
QU Vul    2452802.     6746.   15.25 0.02   20
QU Vul    2452930.     6874.   15.17 0.02   40
QV Vul    2447116.75      0.75  7.55 0.11    2
QV Vul    2447117.25      1.25  7.28 0.08    4
QV Vul    2447118.25      2.25  7.33 0.08    4
QV Vul    2447118.75      2.75  8.00 0.15    1
QV Vul    2447119.25      3.25  7.23 0.06    6
QV Vul    2447119.75      3.75  7.40 0.15    1
QV Vul    2447120.5       4.5   7.37 0.05   18
QV Vul    2447121.5       5.5   7.41 0.04   14
QV Vul    2447122.5       6.5   7.44 0.03   16
QV Vul    2447123.5       7.5   7.42 0.09    6
QV Vul    2447124.5       8.5   7.87 0.09    3
QV Vul    2447125.5       9.5   7.60 0.11    5
QV Vul    2447126.5      10.5   7.13 0.12    4
QV Vul    2447127.5      11.5   7.20 0.07    5
QV Vul    2447128.5      12.5   7.38 0.06   11
QV Vul    2447129.5      13.5   7.41 0.11    8
QV Vul    2447131.       15.    7.26 0.09    9
QV Vul    2447133.       17.    7.41 0.07   20
QV Vul    2447135.       19.    8.12 0.12    5
QV Vul    2447137.       21.    7.76 0.06   17
QV Vul    2447139.       23.    7.67 0.07   26
QV Vul    2447141.       25.    7.78 0.07   34
QV Vul    2447143.       27.    7.91 0.07   14
QV Vul    2447145.       29.    8.04 0.14    9
QV Vul    2447147.       31.    7.89 0.11   11
QV Vul    2447149.       33.    7.76 0.14    9
QV Vul    2447151.       35.    7.88 0.08   13
QV Vul    2447153.       37.    7.84 0.09   16
QV Vul    2447155.       39.    8.15 0.32    2
QV Vul    2447157.       41.    8.23 0.10   17
QV Vul    2447159.       43.    8.62 0.11   15
QV Vul    2447161.       45.    8.70 0.08    4
QV Vul    2447163.       47.    8.80 0.15    1
QV Vul    2447165.       49.    9.40 0.15    1
QV Vul    2447167.       51.    9.20 0.10    6
QV Vul    2447169.       53.    9.20 0.09    3
QV Vul    2447171.       55.    9.47 0.12    3
QV Vul    2447173.       57.    9.80 0.20    5
QV Vul    2447177.       61.   10.50 0.15    1
QV Vul    2447205.       89.   14.40 0.71    2
QV Vul    2447211.       95.   15.60 0.15    1
QV Vul    2447213.       97.   15.70 0.15    1
QV Vul    2447245.      129.   15.50 0.15    1
QV Vul    2447258.      142.   14.90 0.06    6
QV Vul    2447274.      158.   14.90 0.17    9
QV Vul    2447290.      174.   14.25 0.10   11
QV Vul    2447306.      190.   14.14 0.07    5
QV Vul    2447322.      206.   13.49 0.08   23
QV Vul    2447338.      222.   13.72 0.09   11
QV Vul    2447354.      238.   13.15 0.09   24
QV Vul    2447370.      254.   13.10 0.09   24
QV Vul    2447386.      270.   12.99 0.04   56
QV Vul    2447402.      286.   12.92 0.09   18
QV Vul    2447418.      302.   13.00 0.06   28
QV Vul    2447434.      318.   13.13 0.12   13
QV Vul    2447450.      334.   13.15 0.10   11
QV Vul    2447466.      350.   13.17 0.06   23
QV Vul    2447482.      366.   13.07 0.05    9
QV Vul    2447498.      382.   13.10 0.07    5
QV Vul    2447514.      398.   13.10 0.08    4
QV Vul    2447530.      414.   13.40 0.15    1
QV Vul    2447562.      446.   13.60 0.11    2
QV Vul    2447610.      494.   13.40 0.11    2
QV Vul    2447626.      510.   14.10 0.15    1
QV Vul    2447642.      526.   13.80 0.11    2
QV Vul    2447666.      550.   13.74 0.14    8
QV Vul    2447698.      582.   13.92 0.08   12
QV Vul    2447730.      614.   13.98 0.05   18
QV Vul    2447762.      646.   13.97 0.03   29
QV Vul    2447794.      678.   13.98 0.03   26
QV Vul    2447826.      710.   14.02 0.03   19
QV Vul    2447858.      742.   14.23 0.04   19
QV Vul    2447890.      774.   14.35 0.08    4
QV Vul    2447922.      806.   14.30 0.15    1
QV Vul    2447954.      838.   14.55 0.08    4
QV Vul    2447986.      870.   14.60 0.11    2
QV Vul    2448018.      902.   14.50 0.10    6
QV Vul    2448050.      934.   14.76 0.12    5
QV Vul    2448082.      966.   14.89 0.07   12
QV Vul    2448114.      998.   14.84 0.05   10
QV Vul    2448146.     1030.   15.05 0.06    6
QV Vul    2448194.     1078.   15.03 0.05    9
QV Vul    2448386.     1270.   15.50 0.15    1
QV Vul    2448450.     1334.   15.45 0.09    6
QV Vul    2448514.     1398.   15.37 0.12    3
QV Vul    2448578.     1462.   15.50 0.15    1
QV Vul    2448706.     1590.   15.30 0.15    1
